solid OpenSCAD_Model
  facet normal 0 0 -1
    outer loop
      vertex 4.46254 -4 0
      vertex 5.09999 -3.14793 0
      vertex 5.09999 -4 0
    endloop
  endfacet
  facet normal 0 0 -1
    outer loop
      vertex 5.09999 -3.14793 0
      vertex 4.46249 0 0
      vertex 5.09999 3.14793 0
    endloop
  endfacet
  facet normal 0 0 -1
    outer loop
      vertex 3.5843 -2.65829 0
      vertex 5.09999 -3.14793 0
      vertex 4.46254 -4 0
    endloop
  endfacet
  facet normal 0 0 -1
    outer loop
      vertex 5.09999 -3.14793 0
      vertex 4.45712 -0.218964 0
      vertex 4.46249 0 0
    endloop
  endfacet
  facet normal 0 0 -1
    outer loop
      vertex 4.44101 0.437393 0
      vertex 5.09999 3.14793 0
      vertex 4.45712 0.218964 0
    endloop
  endfacet
  facet normal 0 0 -1
    outer loop
      vertex 4.45712 0.218964 0
      vertex 5.09999 3.14793 0
      vertex 4.46249 0 0
    endloop
  endfacet
  facet normal 0 0 -1
    outer loop
      vertex 5.09999 -3.14793 0
      vertex 4.44101 -0.437393 0
      vertex 4.45712 -0.218964 0
    endloop
  endfacet
  facet normal 0 0 -1
    outer loop
      vertex 5.09999 -3.14793 0
      vertex 4.4142 -0.65477 0
      vertex 4.44101 -0.437393 0
    endloop
  endfacet
  facet normal 0 0 -1
    outer loop
      vertex 5.09999 -3.14793 0
      vertex 4.37674 -0.87059 0
      vertex 4.4142 -0.65477 0
    endloop
  endfacet
  facet normal 0 0 -1
    outer loop
      vertex 5.09999 -3.14793 0
      vertex 4.32875 -1.08429 0
      vertex 4.37674 -0.87059 0
    endloop
  endfacet
  facet normal 0 0 -1
    outer loop
      vertex 5.09999 -3.14793 0
      vertex 4.27034 -1.29539 0
      vertex 4.32875 -1.08429 0
    endloop
  endfacet
  facet normal 0 0 -1
    outer loop
      vertex 3.30649 -2.99683 0
      vertex 4.46254 -4 0
      vertex 4.24263 -4.24263 0
    endloop
  endfacet
  facet normal 0 0 -1
    outer loop
      vertex 5.09999 -3.14793 0
      vertex 4.20163 -1.50336 0
      vertex 4.27034 -1.29539 0
    endloop
  endfacet
  facet normal 0 0 -1
    outer loop
      vertex 5.09999 -3.14793 0
      vertex 4.1228 -1.70772 0
      vertex 4.20163 -1.50336 0
    endloop
  endfacet
  facet normal 0 0 -1
    outer loop
      vertex 5.09999 -3.14793 0
      vertex 4.03404 -1.90796 0
      vertex 4.1228 -1.70772 0
    endloop
  endfacet
  facet normal 0 0 -1
    outer loop
      vertex 5.09999 -3.14793 0
      vertex 3.93556 -2.10361 0
      vertex 4.03404 -1.90796 0
    endloop
  endfacet
  facet normal 0 0 -1
    outer loop
      vertex 5.09999 -3.14793 0
      vertex 3.82761 -2.29417 0
      vertex 3.93556 -2.10361 0
    endloop
  endfacet
  facet normal 0 0 -1
    outer loop
      vertex 2.99683 -3.30649 0
      vertex 4.24263 -4.24263 0
      vertex 3.80635 -4.63806 0
    endloop
  endfacet
  facet normal 0 0 -1
    outer loop
      vertex 5.09999 -3.14793 0
      vertex 3.71042 -2.47922 0
      vertex 3.82761 -2.29417 0
    endloop
  endfacet
  facet normal 0 0 -1
    outer loop
      vertex 5.09999 -3.14793 0
      vertex 3.5843 -2.65829 0
      vertex 3.71042 -2.47922 0
    endloop
  endfacet
  facet normal 0 0 -1
    outer loop
      vertex 4.46254 -4 0
      vertex 3.44955 -2.83098 0
      vertex 3.5843 -2.65829 0
    endloop
  endfacet
  facet normal 0 0 -1
    outer loop
      vertex 2.65829 -3.5843 0
      vertex 3.80635 -4.63806 0
      vertex 3.33342 -4.98882 0
    endloop
  endfacet
  facet normal 0 0 -1
    outer loop
      vertex 4.46254 -4 0
      vertex 3.30649 -2.99683 0
      vertex 3.44955 -2.83098 0
    endloop
  endfacet
  facet normal 0 0 -1
    outer loop
      vertex 4.24263 -4.24263 0
      vertex 3.15546 -3.15546 0
      vertex 3.30649 -2.99683 0
    endloop
  endfacet
  facet normal 0 0 -1
    outer loop
      vertex 4.24263 -4.24263 0
      vertex 2.99683 -3.30649 0
      vertex 3.15546 -3.15546 0
    endloop
  endfacet
  facet normal 0 0 -1
    outer loop
      vertex 3.80635 -4.63806 0
      vertex 2.83098 -3.44955 0
      vertex 2.99683 -3.30649 0
    endloop
  endfacet
  facet normal 0 0 -1
    outer loop
      vertex 2.29417 -3.82761 0
      vertex 3.33342 -4.98882 0
      vertex 2.82837 -5.29152 0
    endloop
  endfacet
  facet normal 0 0 -1
    outer loop
      vertex 3.80635 -4.63806 0
      vertex 2.65829 -3.5843 0
      vertex 2.83098 -3.44955 0
    endloop
  endfacet
  facet normal 0 0 -1
    outer loop
      vertex 3.33342 -4.98882 0
      vertex 2.47922 -3.71042 0
      vertex 2.65829 -3.5843 0
    endloop
  endfacet
  facet normal 0 0 -1
    outer loop
      vertex 1.90796 -4.03404 0
      vertex 2.82837 -5.29152 0
      vertex 2.2961 -5.54327 0
    endloop
  endfacet
  facet normal 0 0 -1
    outer loop
      vertex 3.33342 -4.98882 0
      vertex 2.29417 -3.82761 0
      vertex 2.47922 -3.71042 0
    endloop
  endfacet
  facet normal 0 0 -1
    outer loop
      vertex 2.82837 -5.29152 0
      vertex 2.10361 -3.93556 0
      vertex 2.29417 -3.82761 0
    endloop
  endfacet
  facet normal 0 0 -1
    outer loop
      vertex 2.82837 -5.29152 0
      vertex 1.90796 -4.03404 0
      vertex 2.10361 -3.93556 0
    endloop
  endfacet
  facet normal 0 0 -1
    outer loop
      vertex 1.50336 -4.20163 0
      vertex 2.2961 -5.54327 0
      vertex 1.7417 -5.74164 0
    endloop
  endfacet
  facet normal 0 0 -1
    outer loop
      vertex 2.2961 -5.54327 0
      vertex 1.70772 -4.1228 0
      vertex 1.90796 -4.03404 0
    endloop
  endfacet
  facet normal 0 0 -1
    outer loop
      vertex 2.2961 -5.54327 0
      vertex 1.50336 -4.20163 0
      vertex 1.70772 -4.1228 0
    endloop
  endfacet
  facet normal 0 0 -1
    outer loop
      vertex 1.7417 -5.74164 0
      vertex 1.29539 -4.27034 0
      vertex 1.50336 -4.20163 0
    endloop
  endfacet
  facet normal 0 0 -1
    outer loop
      vertex 1.08429 -4.32875 0
      vertex 1.7417 -5.74164 0
      vertex 1.17053 -5.8847 0
    endloop
  endfacet
  facet normal 0 0 -1
    outer loop
      vertex 1.7417 -5.74164 0
      vertex 1.08429 -4.32875 0
      vertex 1.29539 -4.27034 0
    endloop
  endfacet
  facet normal 0 0 -1
    outer loop
      vertex 1.17053 -5.8847 0
      vertex 0.87059 -4.37674 0
      vertex 1.08429 -4.32875 0
    endloop
  endfacet
  facet normal 0 0 -1
    outer loop
      vertex 1.17053 -5.8847 0
      vertex 0.65477 -4.4142 0
      vertex 0.87059 -4.37674 0
    endloop
  endfacet
  facet normal 0 0 -1
    outer loop
      vertex 0.588089 -5.9711 0
      vertex 0.65477 -4.4142 0
      vertex 1.17053 -5.8847 0
    endloop
  endfacet
  facet normal 0 0 -1
    outer loop
      vertex 0.588089 -5.9711 0
      vertex 0.437393 -4.44101 0
      vertex 0.65477 -4.4142 0
    endloop
  endfacet
  facet normal 0 0 -1
    outer loop
      vertex 0.588089 -5.9711 0
      vertex 0.218964 -4.45712 0
      vertex 0.437393 -4.44101 0
    endloop
  endfacet
  facet normal 0 0 -1
    outer loop
      vertex 0 -6 0
      vertex 0.218964 -4.45712 0
      vertex 0.588089 -5.9711 0
    endloop
  endfacet
  facet normal 0 0 -1
    outer loop
      vertex 0 -6 0
      vertex 0 -4.46249 0
      vertex 0.218964 -4.45712 0
    endloop
  endfacet
  facet normal 0 0 -1
    outer loop
      vertex 0 -6 0
      vertex -0.218964 -4.45712 0
      vertex 0 -4.46249 0
    endloop
  endfacet
  facet normal 0 0 -1
    outer loop
      vertex -0.588089 -5.9711 0
      vertex -0.218964 -4.45712 0
      vertex 0 -6 0
    endloop
  endfacet
  facet normal -0 0 -1
    outer loop
      vertex -0.218964 -4.45712 0
      vertex -0.588089 -5.9711 0
      vertex -0.437393 -4.44101 0
    endloop
  endfacet
  facet normal 0 0 -1
    outer loop
      vertex -0.588089 -5.9711 0
      vertex -0.65477 -4.4142 0
      vertex -0.437393 -4.44101 0
    endloop
  endfacet
  facet normal 0 0 -1
    outer loop
      vertex -1.17053 -5.8847 0
      vertex -0.65477 -4.4142 0
      vertex -0.588089 -5.9711 0
    endloop
  endfacet
  facet normal -0 0 -1
    outer loop
      vertex -0.65477 -4.4142 0
      vertex -1.17053 -5.8847 0
      vertex -0.87059 -4.37674 0
    endloop
  endfacet
  facet normal -0 0 -1
    outer loop
      vertex -0.87059 -4.37674 0
      vertex -1.17053 -5.8847 0
      vertex -1.08429 -4.32875 0
    endloop
  endfacet
  facet normal 0 0 -1
    outer loop
      vertex -1.7417 -5.74164 0
      vertex -1.08429 -4.32875 0
      vertex -1.17053 -5.8847 0
    endloop
  endfacet
  facet normal -0 0 -1
    outer loop
      vertex -1.08429 -4.32875 0
      vertex -1.7417 -5.74164 0
      vertex -1.29539 -4.27034 0
    endloop
  endfacet
  facet normal -0 0 -1
    outer loop
      vertex -1.29539 -4.27034 0
      vertex -1.7417 -5.74164 0
      vertex -1.50336 -4.20163 0
    endloop
  endfacet
  facet normal 0 0 -1
    outer loop
      vertex -2.2961 -5.54327 0
      vertex -1.50336 -4.20163 0
      vertex -1.7417 -5.74164 0
    endloop
  endfacet
  facet normal -0 0 -1
    outer loop
      vertex -1.50336 -4.20163 0
      vertex -2.2961 -5.54327 0
      vertex -1.70772 -4.1228 0
    endloop
  endfacet
  facet normal -0 0 -1
    outer loop
      vertex -1.70772 -4.1228 0
      vertex -2.2961 -5.54327 0
      vertex -1.90796 -4.03404 0
    endloop
  endfacet
  facet normal 0 0 -1
    outer loop
      vertex -2.82837 -5.29152 0
      vertex -1.90796 -4.03404 0
      vertex -2.2961 -5.54327 0
    endloop
  endfacet
  facet normal -0 0 -1
    outer loop
      vertex -1.90796 -4.03404 0
      vertex -2.82837 -5.29152 0
      vertex -2.10361 -3.93556 0
    endloop
  endfacet
  facet normal -0 0 -1
    outer loop
      vertex -2.10361 -3.93556 0
      vertex -2.82837 -5.29152 0
      vertex -2.29417 -3.82761 0
    endloop
  endfacet
  facet normal 0 0 -1
    outer loop
      vertex -3.33342 -4.98882 0
      vertex -2.29417 -3.82761 0
      vertex -2.82837 -5.29152 0
    endloop
  endfacet
  facet normal -0 0 -1
    outer loop
      vertex -2.29417 -3.82761 0
      vertex -3.33342 -4.98882 0
      vertex -2.47922 -3.71042 0
    endloop
  endfacet
  facet normal -0 0 -1
    outer loop
      vertex -2.47922 -3.71042 0
      vertex -3.33342 -4.98882 0
      vertex -2.65829 -3.5843 0
    endloop
  endfacet
  facet normal 0 0 -1
    outer loop
      vertex -3.80635 -4.63806 0
      vertex -2.65829 -3.5843 0
      vertex -3.33342 -4.98882 0
    endloop
  endfacet
  facet normal -0 0 -1
    outer loop
      vertex -2.65829 -3.5843 0
      vertex -3.80635 -4.63806 0
      vertex -2.83098 -3.44955 0
    endloop
  endfacet
  facet normal -0 0 -1
    outer loop
      vertex -2.83098 -3.44955 0
      vertex -3.80635 -4.63806 0
      vertex -2.99683 -3.30649 0
    endloop
  endfacet
  facet normal 0 0 -1
    outer loop
      vertex -4.24263 -4.24263 0
      vertex -2.99683 -3.30649 0
      vertex -3.80635 -4.63806 0
    endloop
  endfacet
  facet normal -0 0 -1
    outer loop
      vertex -2.99683 -3.30649 0
      vertex -4.24263 -4.24263 0
      vertex -3.15546 -3.15546 0
    endloop
  endfacet
  facet normal -0 0 -1
    outer loop
      vertex -3.15546 -3.15546 0
      vertex -4.24263 -4.24263 0
      vertex -3.30649 -2.99683 0
    endloop
  endfacet
  facet normal 0 0 -1
    outer loop
      vertex -4.63806 -3.80635 0
      vertex -3.30649 -2.99683 0
      vertex -4.24263 -4.24263 0
    endloop
  endfacet
  facet normal -0 0 -1
    outer loop
      vertex -3.30649 -2.99683 0
      vertex -4.63806 -3.80635 0
      vertex -3.44955 -2.83098 0
    endloop
  endfacet
  facet normal -0 0 -1
    outer loop
      vertex -3.44955 -2.83098 0
      vertex -4.63806 -3.80635 0
      vertex -3.5843 -2.65829 0
    endloop
  endfacet
  facet normal 0 0 -1
    outer loop
      vertex -4.98882 -3.33342 0
      vertex -3.5843 -2.65829 0
      vertex -4.63806 -3.80635 0
    endloop
  endfacet
  facet normal -0 0 -1
    outer loop
      vertex -3.5843 -2.65829 0
      vertex -4.98882 -3.33342 0
      vertex -3.71042 -2.47922 0
    endloop
  endfacet
  facet normal -0 0 -1
    outer loop
      vertex -3.71042 -2.47922 0
      vertex -4.98882 -3.33342 0
      vertex -3.82761 -2.29417 0
    endloop
  endfacet
  facet normal 0 0 -1
    outer loop
      vertex -5.29152 -2.82837 0
      vertex -3.82761 -2.29417 0
      vertex -4.98882 -3.33342 0
    endloop
  endfacet
  facet normal -0 0 -1
    outer loop
      vertex -3.82761 -2.29417 0
      vertex -5.29152 -2.82837 0
      vertex -3.93556 -2.10361 0
    endloop
  endfacet
  facet normal -0 0 -1
    outer loop
      vertex -3.93556 -2.10361 0
      vertex -5.29152 -2.82837 0
      vertex -4.03404 -1.90796 0
    endloop
  endfacet
  facet normal 0 0 -1
    outer loop
      vertex -5.54327 -2.2961 0
      vertex -4.03404 -1.90796 0
      vertex -5.29152 -2.82837 0
    endloop
  endfacet
  facet normal -0 0 -1
    outer loop
      vertex -4.03404 -1.90796 0
      vertex -5.54327 -2.2961 0
      vertex -4.1228 -1.70772 0
    endloop
  endfacet
  facet normal -0 0 -1
    outer loop
      vertex -4.1228 -1.70772 0
      vertex -5.54327 -2.2961 0
      vertex -4.20163 -1.50336 0
    endloop
  endfacet
  facet normal 0 0 -1
    outer loop
      vertex -5.74164 -1.7417 0
      vertex -4.20163 -1.50336 0
      vertex -5.54327 -2.2961 0
    endloop
  endfacet
  facet normal -0 0 -1
    outer loop
      vertex -4.20163 -1.50336 0
      vertex -5.74164 -1.7417 0
      vertex -4.27034 -1.29539 0
    endloop
  endfacet
  facet normal 0 0 -1
    outer loop
      vertex -5.8847 -1.17053 0
      vertex -4.32875 -1.08429 0
      vertex -5.74164 -1.7417 0
    endloop
  endfacet
  facet normal -0 0 -1
    outer loop
      vertex -4.27034 -1.29539 0
      vertex -5.74164 -1.7417 0
      vertex -4.32875 -1.08429 0
    endloop
  endfacet
  facet normal 0 0 -1
    outer loop
      vertex 5.09999 3.14793 0
      vertex 5.67251 0 0
      vertex 5.09999 -3.14793 0
    endloop
  endfacet
  facet normal 0 0 -1
    outer loop
      vertex 5.67251 0 0
      vertex 5.09999 3.14793 0
      vertex 5.1 3.14791 0
    endloop
  endfacet
  facet normal 0 0 -1
    outer loop
      vertex 4.4142 0.65477 0
      vertex 5.09999 3.14793 0
      vertex 4.44101 0.437393 0
    endloop
  endfacet
  facet normal 0 0 -1
    outer loop
      vertex 4.37674 0.87059 0
      vertex 5.09999 3.14793 0
      vertex 4.4142 0.65477 0
    endloop
  endfacet
  facet normal 0 0 -1
    outer loop
      vertex 4.32875 1.08429 0
      vertex 5.09999 3.14793 0
      vertex 4.37674 0.87059 0
    endloop
  endfacet
  facet normal 0 0 -1
    outer loop
      vertex 4.27034 1.29539 0
      vertex 5.09999 3.14793 0
      vertex 4.32875 1.08429 0
    endloop
  endfacet
  facet normal 0 0 -1
    outer loop
      vertex 4.20163 1.50336 0
      vertex 5.09999 3.14793 0
      vertex 4.27034 1.29539 0
    endloop
  endfacet
  facet normal 0 0 -1
    outer loop
      vertex 4.1228 1.70772 0
      vertex 5.09999 3.14793 0
      vertex 4.20163 1.50336 0
    endloop
  endfacet
  facet normal 0 0 -1
    outer loop
      vertex 4.03404 1.90796 0
      vertex 5.09999 3.14793 0
      vertex 4.1228 1.70772 0
    endloop
  endfacet
  facet normal 0 0 -1
    outer loop
      vertex 3.93556 2.10361 0
      vertex 5.09999 3.14793 0
      vertex 4.03404 1.90796 0
    endloop
  endfacet
  facet normal 0 0 -1
    outer loop
      vertex 3.82761 2.29417 0
      vertex 5.09999 3.14793 0
      vertex 3.93556 2.10361 0
    endloop
  endfacet
  facet normal 0 0 -1
    outer loop
      vertex 3.71042 2.47922 0
      vertex 5.09999 3.14793 0
      vertex 3.82761 2.29417 0
    endloop
  endfacet
  facet normal 0 0 -1
    outer loop
      vertex 5.09999 3.14793 0
      vertex 4.46254 4 0
      vertex 5.09999 4 0
    endloop
  endfacet
  facet normal 0 0 -1
    outer loop
      vertex 3.5843 2.65829 0
      vertex 5.09999 3.14793 0
      vertex 3.71042 2.47922 0
    endloop
  endfacet
  facet normal -0 0 -1
    outer loop
      vertex 5.09999 3.14793 0
      vertex 3.5843 2.65829 0
      vertex 4.46254 4 0
    endloop
  endfacet
  facet normal 0 0 -1
    outer loop
      vertex 3.44955 2.83098 0
      vertex 4.46254 4 0
      vertex 3.5843 2.65829 0
    endloop
  endfacet
  facet normal 0 0 -1
    outer loop
      vertex 3.30649 2.99683 0
      vertex 4.46254 4 0
      vertex 3.44955 2.83098 0
    endloop
  endfacet
  facet normal -0 0 -1
    outer loop
      vertex 4.46254 4 0
      vertex 3.30649 2.99683 0
      vertex 4.24263 4.24263 0
    endloop
  endfacet
  facet normal 0 0 -1
    outer loop
      vertex 3.15546 3.15546 0
      vertex 4.24263 4.24263 0
      vertex 3.30649 2.99683 0
    endloop
  endfacet
  facet normal 0 0 -1
    outer loop
      vertex 2.99683 3.30649 0
      vertex 4.24263 4.24263 0
      vertex 3.15546 3.15546 0
    endloop
  endfacet
  facet normal -0 0 -1
    outer loop
      vertex 4.24263 4.24263 0
      vertex 2.99683 3.30649 0
      vertex 3.80635 4.63806 0
    endloop
  endfacet
  facet normal 0 0 -1
    outer loop
      vertex 2.83098 3.44955 0
      vertex 3.80635 4.63806 0
      vertex 2.99683 3.30649 0
    endloop
  endfacet
  facet normal 0 0 -1
    outer loop
      vertex 2.65829 3.5843 0
      vertex 3.80635 4.63806 0
      vertex 2.83098 3.44955 0
    endloop
  endfacet
  facet normal -0 0 -1
    outer loop
      vertex 3.80635 4.63806 0
      vertex 2.65829 3.5843 0
      vertex 3.33342 4.98882 0
    endloop
  endfacet
  facet normal 0 0 -1
    outer loop
      vertex 2.47922 3.71042 0
      vertex 3.33342 4.98882 0
      vertex 2.65829 3.5843 0
    endloop
  endfacet
  facet normal 0 0 -1
    outer loop
      vertex 2.29417 3.82761 0
      vertex 3.33342 4.98882 0
      vertex 2.47922 3.71042 0
    endloop
  endfacet
  facet normal -0 0 -1
    outer loop
      vertex 3.33342 4.98882 0
      vertex 2.29417 3.82761 0
      vertex 2.82837 5.29152 0
    endloop
  endfacet
  facet normal 0 0 -1
    outer loop
      vertex 2.10361 3.93556 0
      vertex 2.82837 5.29152 0
      vertex 2.29417 3.82761 0
    endloop
  endfacet
  facet normal 0 0 -1
    outer loop
      vertex 1.90796 4.03404 0
      vertex 2.82837 5.29152 0
      vertex 2.10361 3.93556 0
    endloop
  endfacet
  facet normal -0 0 -1
    outer loop
      vertex 2.82837 5.29152 0
      vertex 1.90796 4.03404 0
      vertex 2.2961 5.54327 0
    endloop
  endfacet
  facet normal 0 0 -1
    outer loop
      vertex 1.70772 4.1228 0
      vertex 2.2961 5.54327 0
      vertex 1.90796 4.03404 0
    endloop
  endfacet
  facet normal 0 0 -1
    outer loop
      vertex 1.50336 4.20163 0
      vertex 2.2961 5.54327 0
      vertex 1.70772 4.1228 0
    endloop
  endfacet
  facet normal -0 0 -1
    outer loop
      vertex 2.2961 5.54327 0
      vertex 1.50336 4.20163 0
      vertex 1.7417 5.74164 0
    endloop
  endfacet
  facet normal 0 0 -1
    outer loop
      vertex 1.29539 4.27034 0
      vertex 1.7417 5.74164 0
      vertex 1.50336 4.20163 0
    endloop
  endfacet
  facet normal 0 0 -1
    outer loop
      vertex 1.08429 4.32875 0
      vertex 1.7417 5.74164 0
      vertex 1.29539 4.27034 0
    endloop
  endfacet
  facet normal -0 0 -1
    outer loop
      vertex 1.7417 5.74164 0
      vertex 1.08429 4.32875 0
      vertex 1.17053 5.8847 0
    endloop
  endfacet
  facet normal 0 0 -1
    outer loop
      vertex 0.87059 4.37674 0
      vertex 1.17053 5.8847 0
      vertex 1.08429 4.32875 0
    endloop
  endfacet
  facet normal 0 0 -1
    outer loop
      vertex 0.65477 4.4142 0
      vertex 1.17053 5.8847 0
      vertex 0.87059 4.37674 0
    endloop
  endfacet
  facet normal 0 0 -1
    outer loop
      vertex 0.65477 4.4142 0
      vertex 0.588089 5.9711 0
      vertex 1.17053 5.8847 0
    endloop
  endfacet
  facet normal 0 0 -1
    outer loop
      vertex 0.437393 4.44101 0
      vertex 0.588089 5.9711 0
      vertex 0.65477 4.4142 0
    endloop
  endfacet
  facet normal 0 0 -1
    outer loop
      vertex 0.218964 4.45712 0
      vertex 0.588089 5.9711 0
      vertex 0.437393 4.44101 0
    endloop
  endfacet
  facet normal 0 0 -1
    outer loop
      vertex 0 6 0
      vertex 0.218964 4.45712 0
      vertex 0 4.46249 0
    endloop
  endfacet
  facet normal 0 0 -1
    outer loop
      vertex 0.218964 4.45712 0
      vertex 0 6 0
      vertex 0.588089 5.9711 0
    endloop
  endfacet
  facet normal 0 0 -1
    outer loop
      vertex -0.218964 4.45712 0
      vertex 0 6 0
      vertex 0 4.46249 0
    endloop
  endfacet
  facet normal 0 0 -1
    outer loop
      vertex -0.588089 5.9711 0
      vertex -0.218964 4.45712 0
      vertex -0.437393 4.44101 0
    endloop
  endfacet
  facet normal 0 0 -1
    outer loop
      vertex -0.218964 4.45712 0
      vertex -0.588089 5.9711 0
      vertex 0 6 0
    endloop
  endfacet
  facet normal 0 0 -1
    outer loop
      vertex -0.65477 4.4142 0
      vertex -0.588089 5.9711 0
      vertex -0.437393 4.44101 0
    endloop
  endfacet
  facet normal 0 0 -1
    outer loop
      vertex -1.17053 5.8847 0
      vertex -0.65477 4.4142 0
      vertex -0.87059 4.37674 0
    endloop
  endfacet
  facet normal 0 0 -1
    outer loop
      vertex -1.17053 5.8847 0
      vertex -0.87059 4.37674 0
      vertex -1.08429 4.32875 0
    endloop
  endfacet
  facet normal 0 0 -1
    outer loop
      vertex -0.65477 4.4142 0
      vertex -1.17053 5.8847 0
      vertex -0.588089 5.9711 0
    endloop
  endfacet
  facet normal 0 0 -1
    outer loop
      vertex -1.7417 5.74164 0
      vertex -1.08429 4.32875 0
      vertex -1.29539 4.27034 0
    endloop
  endfacet
  facet normal 0 0 -1
    outer loop
      vertex -1.7417 5.74164 0
      vertex -1.29539 4.27034 0
      vertex -1.50336 4.20163 0
    endloop
  endfacet
  facet normal 0 0 -1
    outer loop
      vertex -2.2961 5.54327 0
      vertex -1.50336 4.20163 0
      vertex -1.70772 4.1228 0
    endloop
  endfacet
  facet normal 0 0 -1
    outer loop
      vertex -1.08429 4.32875 0
      vertex -1.7417 5.74164 0
      vertex -1.17053 5.8847 0
    endloop
  endfacet
  facet normal 0 0 -1
    outer loop
      vertex -2.2961 5.54327 0
      vertex -1.70772 4.1228 0
      vertex -1.90796 4.03404 0
    endloop
  endfacet
  facet normal 0 0 -1
    outer loop
      vertex -2.82837 5.29152 0
      vertex -1.90796 4.03404 0
      vertex -2.10361 3.93556 0
    endloop
  endfacet
  facet normal 0 0 -1
    outer loop
      vertex -2.82837 5.29152 0
      vertex -2.10361 3.93556 0
      vertex -2.29417 3.82761 0
    endloop
  endfacet
  facet normal 0 0 -1
    outer loop
      vertex -1.50336 4.20163 0
      vertex -2.2961 5.54327 0
      vertex -1.7417 5.74164 0
    endloop
  endfacet
  facet normal 0 0 -1
    outer loop
      vertex -3.33342 4.98882 0
      vertex -2.29417 3.82761 0
      vertex -2.47922 3.71042 0
    endloop
  endfacet
  facet normal 0 0 -1
    outer loop
      vertex -3.33342 4.98882 0
      vertex -2.47922 3.71042 0
      vertex -2.65829 3.5843 0
    endloop
  endfacet
  facet normal 0 0 -1
    outer loop
      vertex -1.90796 4.03404 0
      vertex -2.82837 5.29152 0
      vertex -2.2961 5.54327 0
    endloop
  endfacet
  facet normal 0 0 -1
    outer loop
      vertex -3.80635 4.63806 0
      vertex -2.65829 3.5843 0
      vertex -2.83098 3.44955 0
    endloop
  endfacet
  facet normal 0 0 -1
    outer loop
      vertex -3.80635 4.63806 0
      vertex -2.83098 3.44955 0
      vertex -2.99683 3.30649 0
    endloop
  endfacet
  facet normal 0 0 -1
    outer loop
      vertex -4.24263 4.24263 0
      vertex -2.99683 3.30649 0
      vertex -3.15546 3.15546 0
    endloop
  endfacet
  facet normal 0 0 -1
    outer loop
      vertex -4.24263 4.24263 0
      vertex -3.15546 3.15546 0
      vertex -3.30649 2.99683 0
    endloop
  endfacet
  facet normal 0 0 -1
    outer loop
      vertex -2.29417 3.82761 0
      vertex -3.33342 4.98882 0
      vertex -2.82837 5.29152 0
    endloop
  endfacet
  facet normal 0 0 -1
    outer loop
      vertex -4.63806 3.80635 0
      vertex -3.30649 2.99683 0
      vertex -3.44955 2.83098 0
    endloop
  endfacet
  facet normal 0 0 -1
    outer loop
      vertex -4.63806 3.80635 0
      vertex -3.44955 2.83098 0
      vertex -3.5843 2.65829 0
    endloop
  endfacet
  facet normal 0 0 -1
    outer loop
      vertex -4.98882 3.33342 0
      vertex -3.5843 2.65829 0
      vertex -3.71042 2.47922 0
    endloop
  endfacet
  facet normal 0 0 -1
    outer loop
      vertex -2.65829 3.5843 0
      vertex -3.80635 4.63806 0
      vertex -3.33342 4.98882 0
    endloop
  endfacet
  facet normal 0 0 -1
    outer loop
      vertex -4.98882 3.33342 0
      vertex -3.71042 2.47922 0
      vertex -3.82761 2.29417 0
    endloop
  endfacet
  facet normal 0 0 -1
    outer loop
      vertex -5.29152 2.82837 0
      vertex -3.82761 2.29417 0
      vertex -3.93556 2.10361 0
    endloop
  endfacet
  facet normal 0 0 -1
    outer loop
      vertex -5.29152 2.82837 0
      vertex -3.93556 2.10361 0
      vertex -4.03404 1.90796 0
    endloop
  endfacet
  facet normal 0 0 -1
    outer loop
      vertex -5.54327 2.2961 0
      vertex -4.03404 1.90796 0
      vertex -4.1228 1.70772 0
    endloop
  endfacet
  facet normal 0 0 -1
    outer loop
      vertex -5.54327 2.2961 0
      vertex -4.1228 1.70772 0
      vertex -4.20163 1.50336 0
    endloop
  endfacet
  facet normal 0 0 -1
    outer loop
      vertex -2.99683 3.30649 0
      vertex -4.24263 4.24263 0
      vertex -3.80635 4.63806 0
    endloop
  endfacet
  facet normal 0 0 -1
    outer loop
      vertex -5.74164 1.7417 0
      vertex -4.20163 1.50336 0
      vertex -4.27034 1.29539 0
    endloop
  endfacet
  facet normal 0 0 -1
    outer loop
      vertex -5.74164 1.7417 0
      vertex -4.27034 1.29539 0
      vertex -4.32875 1.08429 0
    endloop
  endfacet
  facet normal 0 0 -1
    outer loop
      vertex -5.8847 1.17053 0
      vertex -4.32875 1.08429 0
      vertex -4.37674 0.87059 0
    endloop
  endfacet
  facet normal 0 0 -1
    outer loop
      vertex -5.8847 1.17053 0
      vertex -4.37674 0.87059 0
      vertex -4.4142 0.65477 0
    endloop
  endfacet
  facet normal 0 0 -1
    outer loop
      vertex -5.9711 0.588089 0
      vertex -4.4142 0.65477 0
      vertex -4.44101 0.437393 0
    endloop
  endfacet
  facet normal 0 0 -1
    outer loop
      vertex -5.9711 0.588089 0
      vertex -4.44101 0.437393 0
      vertex -4.45712 0.218964 0
    endloop
  endfacet
  facet normal -0 0 -1
    outer loop
      vertex -4.32875 -1.08429 0
      vertex -5.8847 -1.17053 0
      vertex -4.37674 -0.87059 0
    endloop
  endfacet
  facet normal 0 0 -1
    outer loop
      vertex -3.30649 2.99683 0
      vertex -4.63806 3.80635 0
      vertex -4.24263 4.24263 0
    endloop
  endfacet
  facet normal -0 0 -1
    outer loop
      vertex -4.37674 -0.87059 0
      vertex -5.8847 -1.17053 0
      vertex -4.4142 -0.65477 0
    endloop
  endfacet
  facet normal 0 0 -1
    outer loop
      vertex -5.9711 -0.588089 0
      vertex -4.4142 -0.65477 0
      vertex -5.8847 -1.17053 0
    endloop
  endfacet
  facet normal 0 0 -1
    outer loop
      vertex -3.5843 2.65829 0
      vertex -4.98882 3.33342 0
      vertex -4.63806 3.80635 0
    endloop
  endfacet
  facet normal 0 0 -1
    outer loop
      vertex -4.4142 -0.65477 0
      vertex -5.9711 -0.588089 0
      vertex -4.44101 -0.437393 0
    endloop
  endfacet
  facet normal 0 0 -1
    outer loop
      vertex -3.82761 2.29417 0
      vertex -5.29152 2.82837 0
      vertex -4.98882 3.33342 0
    endloop
  endfacet
  facet normal -0 0 -1
    outer loop
      vertex -4.44101 -0.437393 0
      vertex -5.9711 -0.588089 0
      vertex -4.45712 -0.218964 0
    endloop
  endfacet
  facet normal 0 0 -1
    outer loop
      vertex -4.03404 1.90796 0
      vertex -5.54327 2.2961 0
      vertex -5.29152 2.82837 0
    endloop
  endfacet
  facet normal 0 0 -1
    outer loop
      vertex -6 0 0
      vertex -4.45712 -0.218964 0
      vertex -5.9711 -0.588089 0
    endloop
  endfacet
  facet normal 0 0 -1
    outer loop
      vertex -4.20163 1.50336 0
      vertex -5.74164 1.7417 0
      vertex -5.54327 2.2961 0
    endloop
  endfacet
  facet normal 0 0 -1
    outer loop
      vertex -4.45712 -0.218964 0
      vertex -6 0 0
      vertex -4.46249 0 0
    endloop
  endfacet
  facet normal 0 0 -1
    outer loop
      vertex -4.32875 1.08429 0
      vertex -5.8847 1.17053 0
      vertex -5.74164 1.7417 0
    endloop
  endfacet
  facet normal 0 0 -1
    outer loop
      vertex -4.46249 0 0
      vertex -6 0 0
      vertex -4.45712 0.218964 0
    endloop
  endfacet
  facet normal -0 0 -1
    outer loop
      vertex -4.4142 0.65477 0
      vertex -5.9711 0.588089 0
      vertex -5.8847 1.17053 0
    endloop
  endfacet
  facet normal -0 0 -1
    outer loop
      vertex -4.45712 0.218964 0
      vertex -6 0 0
      vertex -5.9711 0.588089 0
    endloop
  endfacet
  facet normal 0 0 -1
    outer loop
      vertex 9.5 -4 0
      vertex 8.92749 0 0
      vertex 9.5 4 0
    endloop
  endfacet
  facet normal 0 0 -1
    outer loop
      vertex 9.5 -4 0
      vertex 8.91966 -0.159515 0
      vertex 8.92749 0 0
    endloop
  endfacet
  facet normal 0 0 -1
    outer loop
      vertex 9.5 -4 0
      vertex 8.89622 -0.317505 0
      vertex 8.91966 -0.159515 0
    endloop
  endfacet
  facet normal 0 0 -1
    outer loop
      vertex 9.5 -4 0
      vertex 8.85742 -0.472427 0
      vertex 8.89622 -0.317505 0
    endloop
  endfacet
  facet normal 0 0 -1
    outer loop
      vertex 9.5 -4 0
      vertex 8.8036 -0.622803 0
      vertex 8.85742 -0.472427 0
    endloop
  endfacet
  facet normal 0 0 -1
    outer loop
      vertex 9.5 -4 0
      vertex 8.73532 -0.767197 0
      vertex 8.8036 -0.622803 0
    endloop
  endfacet
  facet normal 0 0 -1
    outer loop
      vertex 9.5 -4 0
      vertex 8.65321 -0.90419 0
      vertex 8.73532 -0.767197 0
    endloop
  endfacet
  facet normal 0 0 -1
    outer loop
      vertex 9.5 -4 0
      vertex 8.55807 -1.03247 0
      vertex 8.65321 -0.90419 0
    endloop
  endfacet
  facet normal 0 0 -1
    outer loop
      vertex 9.5 -4 0
      vertex 8.4508 -1.1508 0
      vertex 8.55807 -1.03247 0
    endloop
  endfacet
  facet normal 0 0 -1
    outer loop
      vertex 9.5 -4 0
      vertex 8.33247 -1.25807 0
      vertex 8.4508 -1.1508 0
    endloop
  endfacet
  facet normal 0 0 -1
    outer loop
      vertex 9.5 -4 0
      vertex 8.20419 -1.35321 0
      vertex 8.33247 -1.25807 0
    endloop
  endfacet
  facet normal 0 0 -1
    outer loop
      vertex 9.5 -4 0
      vertex 8.0672 -1.43532 0
      vertex 8.20419 -1.35321 0
    endloop
  endfacet
  facet normal 0 0 -1
    outer loop
      vertex 9.5 -4 0
      vertex 7.9228 -1.5036 0
      vertex 8.0672 -1.43532 0
    endloop
  endfacet
  facet normal 0 0 -1
    outer loop
      vertex 9.5 -4 0
      vertex 7.77243 -1.55742 0
      vertex 7.9228 -1.5036 0
    endloop
  endfacet
  facet normal 0 0 -1
    outer loop
      vertex 9.5 -4 0
      vertex 7.61751 -1.59622 0
      vertex 7.77243 -1.55742 0
    endloop
  endfacet
  facet normal 0 0 -1
    outer loop
      vertex 9.5 -4 0
      vertex 7.45952 -1.61966 0
      vertex 7.61751 -1.59622 0
    endloop
  endfacet
  facet normal 0 0 -1
    outer loop
      vertex 9.5 -4 0
      vertex 7.3 -1.62749 0
      vertex 7.45952 -1.61966 0
    endloop
  endfacet
  facet normal 0 0 -1
    outer loop
      vertex 5.1 -4 0
      vertex 7.3 -1.62749 0
      vertex 9.5 -4 0
    endloop
  endfacet
  facet normal -0 0 -1
    outer loop
      vertex 7.3 -1.62749 0
      vertex 5.1 -4 0
      vertex 7.14048 -1.61966 0
    endloop
  endfacet
  facet normal 0 0 -1
    outer loop
      vertex 5.1 -3.14791 0
      vertex 7.14048 -1.61966 0
      vertex 5.1 -4 0
    endloop
  endfacet
  facet normal -0 0 -1
    outer loop
      vertex 7.14048 -1.61966 0
      vertex 5.1 -3.14791 0
      vertex 6.9825 -1.59622 0
    endloop
  endfacet
  facet normal -0 0 -1
    outer loop
      vertex 6.9825 -1.59622 0
      vertex 5.1 -3.14791 0
      vertex 6.82757 -1.55742 0
    endloop
  endfacet
  facet normal -0 0 -1
    outer loop
      vertex 6.6772 -1.5036 0
      vertex 5.1 -3.14791 0
      vertex 6.5328 -1.43532 0
    endloop
  endfacet
  facet normal -0 0 -1
    outer loop
      vertex 6.5328 -1.43532 0
      vertex 5.1 -3.14791 0
      vertex 6.39581 -1.35321 0
    endloop
  endfacet
  facet normal -0 0 -1
    outer loop
      vertex 5.70378 -0.317505 0
      vertex 5.1 -3.14791 0
      vertex 5.68034 -0.159515 0
    endloop
  endfacet
  facet normal -0 0 -1
    outer loop
      vertex 5.74258 -0.472427 0
      vertex 5.1 -3.14791 0
      vertex 5.70378 -0.317505 0
    endloop
  endfacet
  facet normal -0 0 -1
    outer loop
      vertex 5.7964 -0.622803 0
      vertex 5.1 -3.14791 0
      vertex 5.74258 -0.472427 0
    endloop
  endfacet
  facet normal -0 0 -1
    outer loop
      vertex 5.86468 -0.767197 0
      vertex 5.1 -3.14791 0
      vertex 5.7964 -0.622803 0
    endloop
  endfacet
  facet normal -0 0 -1
    outer loop
      vertex 5.94679 -0.90419 0
      vertex 5.1 -3.14791 0
      vertex 5.86468 -0.767197 0
    endloop
  endfacet
  facet normal -0 0 -1
    outer loop
      vertex 6.04193 -1.03247 0
      vertex 5.1 -3.14791 0
      vertex 5.94679 -0.90419 0
    endloop
  endfacet
  facet normal -0 0 -1
    outer loop
      vertex 6.1492 -1.1508 0
      vertex 5.1 -3.14791 0
      vertex 6.04193 -1.03247 0
    endloop
  endfacet
  facet normal -0 0 -1
    outer loop
      vertex 6.26753 -1.25807 0
      vertex 5.1 -3.14791 0
      vertex 6.1492 -1.1508 0
    endloop
  endfacet
  facet normal -0 0 -1
    outer loop
      vertex 6.39581 -1.35321 0
      vertex 5.1 -3.14791 0
      vertex 6.26753 -1.25807 0
    endloop
  endfacet
  facet normal -0 0 -1
    outer loop
      vertex 6.82757 -1.55742 0
      vertex 5.1 -3.14791 0
      vertex 6.6772 -1.5036 0
    endloop
  endfacet
  facet normal 0 0 -1
    outer loop
      vertex 8.91966 0.159515 0
      vertex 9.5 4 0
      vertex 8.92749 0 0
    endloop
  endfacet
  facet normal 0 0 -1
    outer loop
      vertex 8.89622 0.317505 0
      vertex 9.5 4 0
      vertex 8.91966 0.159515 0
    endloop
  endfacet
  facet normal 0 0 -1
    outer loop
      vertex 8.85742 0.472427 0
      vertex 9.5 4 0
      vertex 8.89622 0.317505 0
    endloop
  endfacet
  facet normal 0 0 -1
    outer loop
      vertex 8.8036 0.622803 0
      vertex 9.5 4 0
      vertex 8.85742 0.472427 0
    endloop
  endfacet
  facet normal 0 0 -1
    outer loop
      vertex 8.73532 0.767197 0
      vertex 9.5 4 0
      vertex 8.8036 0.622803 0
    endloop
  endfacet
  facet normal 0 0 -1
    outer loop
      vertex 8.65321 0.90419 0
      vertex 9.5 4 0
      vertex 8.73532 0.767197 0
    endloop
  endfacet
  facet normal 0 0 -1
    outer loop
      vertex 8.55807 1.03247 0
      vertex 9.5 4 0
      vertex 8.65321 0.90419 0
    endloop
  endfacet
  facet normal 0 0 -1
    outer loop
      vertex 8.4508 1.1508 0
      vertex 9.5 4 0
      vertex 8.55807 1.03247 0
    endloop
  endfacet
  facet normal 0 0 -1
    outer loop
      vertex 8.33247 1.25807 0
      vertex 9.5 4 0
      vertex 8.4508 1.1508 0
    endloop
  endfacet
  facet normal 0 0 -1
    outer loop
      vertex 8.20419 1.35321 0
      vertex 9.5 4 0
      vertex 8.33247 1.25807 0
    endloop
  endfacet
  facet normal 0 0 -1
    outer loop
      vertex 8.0672 1.43532 0
      vertex 9.5 4 0
      vertex 8.20419 1.35321 0
    endloop
  endfacet
  facet normal 0 0 -1
    outer loop
      vertex 7.9228 1.5036 0
      vertex 9.5 4 0
      vertex 8.0672 1.43532 0
    endloop
  endfacet
  facet normal 0 0 -1
    outer loop
      vertex 7.77243 1.55742 0
      vertex 9.5 4 0
      vertex 7.9228 1.5036 0
    endloop
  endfacet
  facet normal 0 0 -1
    outer loop
      vertex 7.61751 1.59622 0
      vertex 9.5 4 0
      vertex 7.77243 1.55742 0
    endloop
  endfacet
  facet normal 0 0 -1
    outer loop
      vertex 7.45952 1.61966 0
      vertex 9.5 4 0
      vertex 7.61751 1.59622 0
    endloop
  endfacet
  facet normal 0 0 -1
    outer loop
      vertex 7.3 1.62749 0
      vertex 9.5 4 0
      vertex 7.45952 1.61966 0
    endloop
  endfacet
  facet normal 0 0 -1
    outer loop
      vertex 5.1 4 0
      vertex 7.3 1.62749 0
      vertex 7.14048 1.61966 0
    endloop
  endfacet
  facet normal 0 0 -1
    outer loop
      vertex 5.1 3.14791 0
      vertex 7.14048 1.61966 0
      vertex 6.9825 1.59622 0
    endloop
  endfacet
  facet normal 0 0 -1
    outer loop
      vertex 5.1 3.14791 0
      vertex 6.9825 1.59622 0
      vertex 6.82757 1.55742 0
    endloop
  endfacet
  facet normal 0 0 -1
    outer loop
      vertex 5.1 3.14791 0
      vertex 6.82757 1.55742 0
      vertex 6.6772 1.5036 0
    endloop
  endfacet
  facet normal 0 0 -1
    outer loop
      vertex 5.1 3.14791 0
      vertex 6.6772 1.5036 0
      vertex 6.5328 1.43532 0
    endloop
  endfacet
  facet normal 0 0 -1
    outer loop
      vertex 5.1 3.14791 0
      vertex 6.5328 1.43532 0
      vertex 6.39581 1.35321 0
    endloop
  endfacet
  facet normal 0 0 -1
    outer loop
      vertex 5.1 3.14791 0
      vertex 6.39581 1.35321 0
      vertex 6.26753 1.25807 0
    endloop
  endfacet
  facet normal 0 0 -1
    outer loop
      vertex 5.09999 -3.14793 0
      vertex 5.68034 -0.159515 0
      vertex 5.1 -3.14791 0
    endloop
  endfacet
  facet normal -0 0 -1
    outer loop
      vertex 5.68034 -0.159515 0
      vertex 5.09999 -3.14793 0
      vertex 5.67251 0 0
    endloop
  endfacet
  facet normal 0 0 -1
    outer loop
      vertex 5.67251 0 0
      vertex 5.1 3.14791 0
      vertex 5.68034 0.159515 0
    endloop
  endfacet
  facet normal 0 0 -1
    outer loop
      vertex 5.68034 0.159515 0
      vertex 5.1 3.14791 0
      vertex 5.70378 0.317505 0
    endloop
  endfacet
  facet normal 0 0 -1
    outer loop
      vertex 5.1 3.14791 0
      vertex 5.74258 0.472427 0
      vertex 5.70378 0.317505 0
    endloop
  endfacet
  facet normal 0 0 -1
    outer loop
      vertex 5.1 3.14791 0
      vertex 5.7964 0.622803 0
      vertex 5.74258 0.472427 0
    endloop
  endfacet
  facet normal 0 0 -1
    outer loop
      vertex 5.1 3.14791 0
      vertex 5.86468 0.767197 0
      vertex 5.7964 0.622803 0
    endloop
  endfacet
  facet normal 0 0 -1
    outer loop
      vertex 5.1 3.14791 0
      vertex 5.94679 0.90419 0
      vertex 5.86468 0.767197 0
    endloop
  endfacet
  facet normal 0 0 -1
    outer loop
      vertex 5.1 3.14791 0
      vertex 6.04193 1.03247 0
      vertex 5.94679 0.90419 0
    endloop
  endfacet
  facet normal 0 0 -1
    outer loop
      vertex 5.1 3.14791 0
      vertex 6.1492 1.1508 0
      vertex 6.04193 1.03247 0
    endloop
  endfacet
  facet normal 0 0 -1
    outer loop
      vertex 5.1 3.14791 0
      vertex 6.26753 1.25807 0
      vertex 6.1492 1.1508 0
    endloop
  endfacet
  facet normal 0 0 -1
    outer loop
      vertex 7.14048 1.61966 0
      vertex 5.1 3.14791 0
      vertex 5.1 4 0
    endloop
  endfacet
  facet normal 0 0 -1
    outer loop
      vertex 7.3 1.62749 0
      vertex 5.1 4 0
      vertex 9.5 4 0
    endloop
  endfacet
  facet normal -0 0 1
    outer loop
      vertex 5.61001 2.10957 4.305
      vertex 6.45001 1.91821 4.305
      vertex 6.45001 4 4.305
    endloop
  endfacet
  facet normal 0 -0 1
    outer loop
      vertex 5.74164 1.7417 4.305
      vertex 6.45001 1.91821 4.305
      vertex 5.61001 2.10957 4.305
    endloop
  endfacet
  facet normal 0 -0 1
    outer loop
      vertex 5.80794 1.47704 4.305
      vertex 6.45001 1.91821 4.305
      vertex 5.74164 1.7417 4.305
    endloop
  endfacet
  facet normal 0 0 1
    outer loop
      vertex 6.39581 1.35321 4.305
      vertex 5.80794 1.47704 4.305
      vertex 6.26753 1.25807 4.305
    endloop
  endfacet
  facet normal 0 0 1
    outer loop
      vertex 6.26753 1.25807 4.305
      vertex 5.80794 1.47704 4.305
      vertex 6.1492 1.1508 4.305
    endloop
  endfacet
  facet normal -0 0 1
    outer loop
      vertex 5.67667 1.33221 4.305
      vertex 6.04193 1.03247 4.305
      vertex 5.80794 1.47704 4.305
    endloop
  endfacet
  facet normal -0 0 1
    outer loop
      vertex 5.61001 1.24232 4.305
      vertex 6.04193 1.03247 4.305
      vertex 5.67667 1.33221 4.305
    endloop
  endfacet
  facet normal 0 0 1
    outer loop
      vertex 6.1492 1.1508 4.305
      vertex 5.80794 1.47704 4.305
      vertex 6.04193 1.03247 4.305
    endloop
  endfacet
  facet normal 0 0 1
    outer loop
      vertex 5.61001 2.10957 4.305
      vertex 6.45001 4 4.305
      vertex 5.61001 4 4.305
    endloop
  endfacet
  facet normal 0 0 1
    outer loop
      vertex 6.45001 1.91821 4.305
      vertex 5.80794 1.47704 4.305
      vertex 6.39581 1.35321 4.305
    endloop
  endfacet
  facet normal -0 0 1
    outer loop
      vertex 8.89622 0.317505 4.305
      vertex 8.98999 0 4.305
      vertex 8.98999 4 4.305
    endloop
  endfacet
  facet normal 0 0 1
    outer loop
      vertex 8.98999 0 4.305
      vertex 8.91966 0.159515 4.305
      vertex 8.92749 0 4.305
    endloop
  endfacet
  facet normal 0 0 1
    outer loop
      vertex 8.98999 0 4.305
      vertex 8.89622 0.317505 4.305
      vertex 8.91966 0.159515 4.305
    endloop
  endfacet
  facet normal 0 0 1
    outer loop
      vertex 8.98999 4 4.305
      vertex 8.85742 0.472427 4.305
      vertex 8.89622 0.317505 4.305
    endloop
  endfacet
  facet normal 0 0 1
    outer loop
      vertex 8.98999 4 4.305
      vertex 8.8036 0.622803 4.305
      vertex 8.85742 0.472427 4.305
    endloop
  endfacet
  facet normal 0 0 1
    outer loop
      vertex 8.98999 4 4.305
      vertex 8.73532 0.767197 4.305
      vertex 8.8036 0.622803 4.305
    endloop
  endfacet
  facet normal 0 0 1
    outer loop
      vertex 8.98999 4 4.305
      vertex 8.65321 0.90419 4.305
      vertex 8.73532 0.767197 4.305
    endloop
  endfacet
  facet normal 0 0 1
    outer loop
      vertex 8.98999 4 4.305
      vertex 8.55807 1.03247 4.305
      vertex 8.65321 0.90419 4.305
    endloop
  endfacet
  facet normal -0 0 1
    outer loop
      vertex 8.14999 1.91821 4.305
      vertex 8.55807 1.03247 4.305
      vertex 8.98999 4 4.305
    endloop
  endfacet
  facet normal 0 0 1
    outer loop
      vertex 8.55807 1.03247 4.305
      vertex 8.14999 1.91821 4.305
      vertex 8.4508 1.1508 4.305
    endloop
  endfacet
  facet normal 0 0 1
    outer loop
      vertex 8.4508 1.1508 4.305
      vertex 8.14999 1.91821 4.305
      vertex 8.33247 1.25807 4.305
    endloop
  endfacet
  facet normal 0 0 1
    outer loop
      vertex 8.14999 1.91821 4.305
      vertex 8.98999 4 4.305
      vertex 8.14999 4 4.305
    endloop
  endfacet
  facet normal 0 0 1
    outer loop
      vertex 8.33247 1.25807 4.305
      vertex 8.14999 1.91821 4.305
      vertex 8.20419 1.35321 4.305
    endloop
  endfacet
  facet normal 0 0 1
    outer loop
      vertex 7.9228 1.5036 4.305
      vertex 8.14999 1.91821 4.305
      vertex 8.10363 1.94014 4.305
    endloop
  endfacet
  facet normal 0 0 1
    outer loop
      vertex 8.14999 1.91821 4.305
      vertex 8.0672 1.43532 4.305
      vertex 8.20419 1.35321 4.305
    endloop
  endfacet
  facet normal 0 0 1
    outer loop
      vertex 8.14999 1.91821 4.305
      vertex 7.9228 1.5036 4.305
      vertex 8.0672 1.43532 4.305
    endloop
  endfacet
  facet normal 0 0 1
    outer loop
      vertex 7.90959 2.00957 4.305
      vertex 7.9228 1.5036 4.305
      vertex 8.10363 1.94014 4.305
    endloop
  endfacet
  facet normal 0 0 1
    outer loop
      vertex 7.90959 2.00957 4.305
      vertex 7.77243 1.55742 4.305
      vertex 7.9228 1.5036 4.305
    endloop
  endfacet
  facet normal 0 0 1
    outer loop
      vertex 7.70968 2.05965 4.305
      vertex 7.77243 1.55742 4.305
      vertex 7.90959 2.00957 4.305
    endloop
  endfacet
  facet normal 0 0 1
    outer loop
      vertex 7.70968 2.05965 4.305
      vertex 7.61751 1.59622 4.305
      vertex 7.77243 1.55742 4.305
    endloop
  endfacet
  facet normal 0 0 1
    outer loop
      vertex 7.50583 2.08987 4.305
      vertex 7.61751 1.59622 4.305
      vertex 7.70968 2.05965 4.305
    endloop
  endfacet
  facet normal 0 0 1
    outer loop
      vertex 7.50583 2.08987 4.305
      vertex 7.45952 1.61966 4.305
      vertex 7.61751 1.59622 4.305
    endloop
  endfacet
  facet normal 0 0 1
    outer loop
      vertex 7.3 2.09999 4.305
      vertex 7.45952 1.61966 4.305
      vertex 7.50583 2.08987 4.305
    endloop
  endfacet
  facet normal 0 0 1
    outer loop
      vertex 7.3 2.09999 4.305
      vertex 7.3 1.62749 4.305
      vertex 7.45952 1.61966 4.305
    endloop
  endfacet
  facet normal 0 0 1
    outer loop
      vertex 7.3 2.09999 4.305
      vertex 7.14048 1.61966 4.305
      vertex 7.3 1.62749 4.305
    endloop
  endfacet
  facet normal -0 0 1
    outer loop
      vertex 7.09417 2.08987 4.305
      vertex 7.14048 1.61966 4.305
      vertex 7.3 2.09999 4.305
    endloop
  endfacet
  facet normal 0 0 1
    outer loop
      vertex 7.09417 2.08987 4.305
      vertex 6.9825 1.59622 4.305
      vertex 7.14048 1.61966 4.305
    endloop
  endfacet
  facet normal -0 0 1
    outer loop
      vertex 6.89032 2.05965 4.305
      vertex 6.9825 1.59622 4.305
      vertex 7.09417 2.08987 4.305
    endloop
  endfacet
  facet normal 0 0 1
    outer loop
      vertex 6.89032 2.05965 4.305
      vertex 6.82757 1.55742 4.305
      vertex 6.9825 1.59622 4.305
    endloop
  endfacet
  facet normal -0 0 1
    outer loop
      vertex 6.69041 2.00957 4.305
      vertex 6.82757 1.55742 4.305
      vertex 6.89032 2.05965 4.305
    endloop
  endfacet
  facet normal 0 0 1
    outer loop
      vertex 6.69041 2.00957 4.305
      vertex 6.6772 1.5036 4.305
      vertex 6.82757 1.55742 4.305
    endloop
  endfacet
  facet normal -0 0 1
    outer loop
      vertex 6.49637 1.94014 4.305
      vertex 6.6772 1.5036 4.305
      vertex 6.69041 2.00957 4.305
    endloop
  endfacet
  facet normal -0 0 1
    outer loop
      vertex 6.45001 1.91821 4.305
      vertex 6.6772 1.5036 4.305
      vertex 6.49637 1.94014 4.305
    endloop
  endfacet
  facet normal 0 0 1
    outer loop
      vertex 6.6772 1.5036 4.305
      vertex 6.45001 1.91821 4.305
      vertex 6.5328 1.43532 4.305
    endloop
  endfacet
  facet normal 0 0 1
    outer loop
      vertex 6.5328 1.43532 4.305
      vertex 6.45001 1.91821 4.305
      vertex 6.39581 1.35321 4.305
    endloop
  endfacet
  facet normal 0 0 1
    outer loop
      vertex 6.04193 1.03247 4.305
      vertex 5.61001 1.24232 4.305
      vertex 5.94679 0.90419 4.305
    endloop
  endfacet
  facet normal -0 0 1
    outer loop
      vertex 5.55392 1.16669 4.305
      vertex 5.94679 0.90419 4.305
      vertex 5.61001 1.24232 4.305
    endloop
  endfacet
  facet normal 0 0 1
    outer loop
      vertex 5.94679 0.90419 4.305
      vertex 5.55392 1.16669 4.305
      vertex 5.86468 0.767197 4.305
    endloop
  endfacet
  facet normal -0 0 1
    outer loop
      vertex 5.44798 0.989929 4.305
      vertex 5.86468 0.767197 4.305
      vertex 5.55392 1.16669 4.305
    endloop
  endfacet
  facet normal 0 0 1
    outer loop
      vertex 5.86468 0.767197 4.305
      vertex 5.44798 0.989929 4.305
      vertex 5.7964 0.622803 4.305
    endloop
  endfacet
  facet normal -0 0 1
    outer loop
      vertex 5.35986 0.803635 4.305
      vertex 5.7964 0.622803 4.305
      vertex 5.44798 0.989929 4.305
    endloop
  endfacet
  facet normal 0 0 1
    outer loop
      vertex 5.61001 1.24232 4.305
      vertex 5.67667 1.33221 4.305
      vertex 5.61001 1.24234 4.305
    endloop
  endfacet
  facet normal -0 0 1
    outer loop
      vertex 8.91966 -0.159515 4.305
      vertex 8.92749 -1.3266 4.305
      vertex 8.92749 0 4.305
    endloop
  endfacet
  facet normal -0 0 1
    outer loop
      vertex 8.89622 -0.317505 4.305
      vertex 8.92749 -1.3266 4.305
      vertex 8.91966 -0.159515 4.305
    endloop
  endfacet
  facet normal -0 0 1
    outer loop
      vertex 8.85742 -0.472427 4.305
      vertex 8.92749 -1.3266 4.305
      vertex 8.89622 -0.317505 4.305
    endloop
  endfacet
  facet normal -0 0 1
    outer loop
      vertex 8.8036 -0.622803 4.305
      vertex 8.92749 -1.3266 4.305
      vertex 8.85742 -0.472427 4.305
    endloop
  endfacet
  facet normal -0 0 1
    outer loop
      vertex 8.73532 -0.767197 4.305
      vertex 8.92749 -1.3266 4.305
      vertex 8.8036 -0.622803 4.305
    endloop
  endfacet
  facet normal -0 0 1
    outer loop
      vertex 8.65321 -0.90419 4.305
      vertex 8.92749 -1.3266 4.305
      vertex 8.73532 -0.767197 4.305
    endloop
  endfacet
  facet normal -0 0 1
    outer loop
      vertex 8.55807 -1.03247 4.305
      vertex 8.92749 -1.3266 4.305
      vertex 8.65321 -0.90419 4.305
    endloop
  endfacet
  facet normal 0 0 1
    outer loop
      vertex 8.92749 -1.3266 4.305
      vertex 8.55807 -1.03247 4.305
      vertex 8.78491 -1.48491 4.305
    endloop
  endfacet
  facet normal -0 0 1
    outer loop
      vertex 8.4508 -1.1508 4.305
      vertex 8.78491 -1.48491 4.305
      vertex 8.55807 -1.03247 4.305
    endloop
  endfacet
  facet normal 0 0 1
    outer loop
      vertex 8.78491 -1.48491 4.305
      vertex 8.4508 -1.1508 4.305
      vertex 8.63221 -1.62332 4.305
    endloop
  endfacet
  facet normal -0 0 1
    outer loop
      vertex 8.33247 -1.25807 4.305
      vertex 8.63221 -1.62332 4.305
      vertex 8.4508 -1.1508 4.305
    endloop
  endfacet
  facet normal 0 0 1
    outer loop
      vertex 8.63221 -1.62332 4.305
      vertex 8.33247 -1.25807 4.305
      vertex 8.46669 -1.74608 4.305
    endloop
  endfacet
  facet normal -0 0 1
    outer loop
      vertex 8.20419 -1.35321 4.305
      vertex 8.46669 -1.74608 4.305
      vertex 8.33247 -1.25807 4.305
    endloop
  endfacet
  facet normal 0 0 1
    outer loop
      vertex 8.46669 -1.74608 4.305
      vertex 8.20419 -1.35321 4.305
      vertex 8.28993 -1.85202 4.305
    endloop
  endfacet
  facet normal -0 0 1
    outer loop
      vertex 8.0672 -1.43532 4.305
      vertex 8.28993 -1.85202 4.305
      vertex 8.20419 -1.35321 4.305
    endloop
  endfacet
  facet normal 0 0 1
    outer loop
      vertex 8.28993 -1.85202 4.305
      vertex 8.0672 -1.43532 4.305
      vertex 8.10363 -1.94014 4.305
    endloop
  endfacet
  facet normal -0 0 1
    outer loop
      vertex 7.9228 -1.5036 4.305
      vertex 8.10363 -1.94014 4.305
      vertex 8.0672 -1.43532 4.305
    endloop
  endfacet
  facet normal 0 0 1
    outer loop
      vertex 7.9228 -1.5036 4.305
      vertex 7.90959 -2.00957 4.305
      vertex 8.10363 -1.94014 4.305
    endloop
  endfacet
  facet normal -0 0 1
    outer loop
      vertex 7.77243 -1.55742 4.305
      vertex 7.90959 -2.00957 4.305
      vertex 7.9228 -1.5036 4.305
    endloop
  endfacet
  facet normal 0 0 1
    outer loop
      vertex 7.77243 -1.55742 4.305
      vertex 7.70968 -2.05965 4.305
      vertex 7.90959 -2.00957 4.305
    endloop
  endfacet
  facet normal -0 0 1
    outer loop
      vertex 7.61751 -1.59622 4.305
      vertex 7.70968 -2.05965 4.305
      vertex 7.77243 -1.55742 4.305
    endloop
  endfacet
  facet normal 0 0 1
    outer loop
      vertex 7.61751 -1.59622 4.305
      vertex 7.50583 -2.08987 4.305
      vertex 7.70968 -2.05965 4.305
    endloop
  endfacet
  facet normal -0 0 1
    outer loop
      vertex 7.45952 -1.61966 4.305
      vertex 7.50583 -2.08987 4.305
      vertex 7.61751 -1.59622 4.305
    endloop
  endfacet
  facet normal -0 0 1
    outer loop
      vertex 7.3 -1.62749 4.305
      vertex 7.50583 -2.08987 4.305
      vertex 7.45952 -1.61966 4.305
    endloop
  endfacet
  facet normal 0 0 1
    outer loop
      vertex 7.3 -1.62749 4.305
      vertex 7.3 -2.09999 4.305
      vertex 7.50583 -2.08987 4.305
    endloop
  endfacet
  facet normal 0 0 1
    outer loop
      vertex 7.14048 -1.61966 4.305
      vertex 7.3 -2.09999 4.305
      vertex 7.3 -1.62749 4.305
    endloop
  endfacet
  facet normal 0 0 1
    outer loop
      vertex 7.14048 -1.61966 4.305
      vertex 7.09417 -2.08987 4.305
      vertex 7.3 -2.09999 4.305
    endloop
  endfacet
  facet normal 0 0 1
    outer loop
      vertex 6.9825 -1.59622 4.305
      vertex 7.09417 -2.08987 4.305
      vertex 7.14048 -1.61966 4.305
    endloop
  endfacet
  facet normal 0 0 1
    outer loop
      vertex 6.9825 -1.59622 4.305
      vertex 6.89032 -2.05965 4.305
      vertex 7.09417 -2.08987 4.305
    endloop
  endfacet
  facet normal 0 0 1
    outer loop
      vertex 6.82757 -1.55742 4.305
      vertex 6.89032 -2.05965 4.305
      vertex 6.9825 -1.59622 4.305
    endloop
  endfacet
  facet normal 0 0 1
    outer loop
      vertex 6.82757 -1.55742 4.305
      vertex 6.69041 -2.00957 4.305
      vertex 6.89032 -2.05965 4.305
    endloop
  endfacet
  facet normal 0 0 1
    outer loop
      vertex 6.6772 -1.5036 4.305
      vertex 6.69041 -2.00957 4.305
      vertex 6.82757 -1.55742 4.305
    endloop
  endfacet
  facet normal 0 0 1
    outer loop
      vertex 6.49637 -1.94014 4.305
      vertex 6.6772 -1.5036 4.305
      vertex 6.5328 -1.43532 4.305
    endloop
  endfacet
  facet normal 0 0 1
    outer loop
      vertex 6.6772 -1.5036 4.305
      vertex 6.49637 -1.94014 4.305
      vertex 6.69041 -2.00957 4.305
    endloop
  endfacet
  facet normal 0 0 1
    outer loop
      vertex 6.31007 -1.85202 4.305
      vertex 6.5328 -1.43532 4.305
      vertex 6.39581 -1.35321 4.305
    endloop
  endfacet
  facet normal 0 0 1
    outer loop
      vertex 6.5328 -1.43532 4.305
      vertex 6.31007 -1.85202 4.305
      vertex 6.49637 -1.94014 4.305
    endloop
  endfacet
  facet normal 0 0 1
    outer loop
      vertex 6.13331 -1.74608 4.305
      vertex 6.39581 -1.35321 4.305
      vertex 6.26753 -1.25807 4.305
    endloop
  endfacet
  facet normal 0 0 1
    outer loop
      vertex 5.96779 -1.62332 4.305
      vertex 6.26753 -1.25807 4.305
      vertex 6.1492 -1.1508 4.305
    endloop
  endfacet
  facet normal 0 0 1
    outer loop
      vertex 6.39581 -1.35321 4.305
      vertex 6.13331 -1.74608 4.305
      vertex 6.31007 -1.85202 4.305
    endloop
  endfacet
  facet normal 0 0 1
    outer loop
      vertex 5.81509 -1.48491 4.305
      vertex 6.1492 -1.1508 4.305
      vertex 6.04193 -1.03247 4.305
    endloop
  endfacet
  facet normal 0 0 1
    outer loop
      vertex 6.26753 -1.25807 4.305
      vertex 5.96779 -1.62332 4.305
      vertex 6.13331 -1.74608 4.305
    endloop
  endfacet
  facet normal 0 0 1
    outer loop
      vertex 5.67668 -1.33221 4.305
      vertex 6.04193 -1.03247 4.305
      vertex 5.94679 -0.90419 4.305
    endloop
  endfacet
  facet normal 0 0 1
    outer loop
      vertex 5.55392 -1.16669 4.305
      vertex 5.94679 -0.90419 4.305
      vertex 5.86468 -0.767197 4.305
    endloop
  endfacet
  facet normal 0 0 1
    outer loop
      vertex 6.1492 -1.1508 4.305
      vertex 5.81509 -1.48491 4.305
      vertex 5.96779 -1.62332 4.305
    endloop
  endfacet
  facet normal 0 0 1
    outer loop
      vertex 5.44798 -0.989929 4.305
      vertex 5.86468 -0.767197 4.305
      vertex 5.7964 -0.622803 4.305
    endloop
  endfacet
  facet normal 0 0 1
    outer loop
      vertex 5.35986 -0.803635 4.305
      vertex 5.7964 -0.622803 4.305
      vertex 5.74258 -0.472427 4.305
    endloop
  endfacet
  facet normal 0 0 1
    outer loop
      vertex 5.29043 -0.609589 4.305
      vertex 5.74258 -0.472427 4.305
      vertex 5.70378 -0.317505 4.305
    endloop
  endfacet
  facet normal 0 0 1
    outer loop
      vertex 5.24035 -0.409683 4.305
      vertex 5.70378 -0.317505 4.305
      vertex 5.68034 -0.159515 4.305
    endloop
  endfacet
  facet normal 0 0 1
    outer loop
      vertex 6.04193 -1.03247 4.305
      vertex 5.67668 -1.33221 4.305
      vertex 5.81509 -1.48491 4.305
    endloop
  endfacet
  facet normal 0 0 1
    outer loop
      vertex 5.21013 -0.205826 4.305
      vertex 5.68034 -0.159515 4.305
      vertex 5.67251 0 4.305
    endloop
  endfacet
  facet normal 0 0 1
    outer loop
      vertex 5.7964 0.622803 4.305
      vertex 5.35986 0.803635 4.305
      vertex 5.74258 0.472427 4.305
    endloop
  endfacet
  facet normal -0 0 1
    outer loop
      vertex 5.29043 0.609589 4.305
      vertex 5.74258 0.472427 4.305
      vertex 5.35986 0.803635 4.305
    endloop
  endfacet
  facet normal 0 0 1
    outer loop
      vertex 5.74258 0.472427 4.305
      vertex 5.29043 0.609589 4.305
      vertex 5.70378 0.317505 4.305
    endloop
  endfacet
  facet normal 0 0 1
    outer loop
      vertex 5.94679 -0.90419 4.305
      vertex 5.55392 -1.16669 4.305
      vertex 5.67668 -1.33221 4.305
    endloop
  endfacet
  facet normal -0 0 1
    outer loop
      vertex 5.24035 0.409683 4.305
      vertex 5.70378 0.317505 4.305
      vertex 5.29043 0.609589 4.305
    endloop
  endfacet
  facet normal 0 0 1
    outer loop
      vertex 5.86468 -0.767197 4.305
      vertex 5.44798 -0.989929 4.305
      vertex 5.55392 -1.16669 4.305
    endloop
  endfacet
  facet normal 0 0 1
    outer loop
      vertex 5.70378 0.317505 4.305
      vertex 5.24035 0.409683 4.305
      vertex 5.68034 0.159515 4.305
    endloop
  endfacet
  facet normal 0 0 1
    outer loop
      vertex 5.7964 -0.622803 4.305
      vertex 5.35986 -0.803635 4.305
      vertex 5.44798 -0.989929 4.305
    endloop
  endfacet
  facet normal -0 0 1
    outer loop
      vertex 5.21013 0.205826 4.305
      vertex 5.68034 0.159515 4.305
      vertex 5.24035 0.409683 4.305
    endloop
  endfacet
  facet normal 0 0 1
    outer loop
      vertex 5.74258 -0.472427 4.305
      vertex 5.29043 -0.609589 4.305
      vertex 5.35986 -0.803635 4.305
    endloop
  endfacet
  facet normal 0 0 1
    outer loop
      vertex 5.68034 0.159515 4.305
      vertex 5.21013 0.205826 4.305
      vertex 5.67251 0 4.305
    endloop
  endfacet
  facet normal 0 0 1
    outer loop
      vertex 5.70378 -0.317505 4.305
      vertex 5.24035 -0.409683 4.305
      vertex 5.29043 -0.609589 4.305
    endloop
  endfacet
  facet normal 0 0 1
    outer loop
      vertex 5.20001 0 4.305
      vertex 5.67251 0 4.305
      vertex 5.21013 0.205826 4.305
    endloop
  endfacet
  facet normal 0 0 1
    outer loop
      vertex 5.68034 -0.159515 4.305
      vertex 5.21013 -0.205826 4.305
      vertex 5.24035 -0.409683 4.305
    endloop
  endfacet
  facet normal 0 0 1
    outer loop
      vertex 5.67251 0 4.305
      vertex 5.20001 0 4.305
      vertex 5.21013 -0.205826 4.305
    endloop
  endfacet
  facet normal 0 1 0
    outer loop
      vertex 9.5 4 6.505
      vertex 8.98999 4 4.305
      vertex 8.98999 4 6.505
    endloop
  endfacet
  facet normal 0 1 0
    outer loop
      vertex 9.5 4 0
      vertex 8.14999 4 4.305
      vertex 8.98999 4 4.305
    endloop
  endfacet
  facet normal 0 1 0
    outer loop
      vertex 8.14999 4 4.305
      vertex 9.5 4 0
      vertex 6.45001 4 4.305
    endloop
  endfacet
  facet normal 0 1 0
    outer loop
      vertex 5.1 4 0
      vertex 6.45001 4 4.305
      vertex 9.5 4 0
    endloop
  endfacet
  facet normal 0 1 -0
    outer loop
      vertex 9.5 4 0
      vertex 8.98999 4 4.305
      vertex 9.5 4 6.505
    endloop
  endfacet
  facet normal 0 1 -0
    outer loop
      vertex 8.14999 4 4.305
      vertex 6.45001 4 6.505
      vertex 8.14999 4 6.505
    endloop
  endfacet
  facet normal 0 1 0
    outer loop
      vertex 6.45001 4 6.505
      vertex 8.14999 4 4.305
      vertex 6.45001 4 4.305
    endloop
  endfacet
  facet normal 0 1 -0
    outer loop
      vertex 5.61001 4 4.305
      vertex 5.1 4 6.505
      vertex 5.61001 4 6.505
    endloop
  endfacet
  facet normal 0 1 0
    outer loop
      vertex 5.61001 4 4.305
      vertex 5.1 4 0
      vertex 5.1 4 6.505
    endloop
  endfacet
  facet normal 0 1 0
    outer loop
      vertex 6.45001 4 4.305
      vertex 5.1 4 0
      vertex 5.61001 4 4.305
    endloop
  endfacet
  facet normal -1 0 0
    outer loop
      vertex 5.1 -4 0
      vertex 5.1 -3.14791 6.505
      vertex 5.1 -3.14791 0
    endloop
  endfacet
  facet normal -1 -0 0
    outer loop
      vertex 5.1 -3.14791 6.505
      vertex 5.1 -4 0
      vertex 5.1 -4 6.505
    endloop
  endfacet
  facet normal -1 0 0
    outer loop
      vertex 5.1 3.14791 0
      vertex 5.1 4 6.505
      vertex 5.1 4 0
    endloop
  endfacet
  facet normal -1 -0 0
    outer loop
      vertex 5.1 4 6.505
      vertex 5.1 3.14791 0
      vertex 5.1 3.14791 6.505
    endloop
  endfacet
  facet normal 0 -1 0
    outer loop
      vertex 5.1 -4 0
      vertex 9.5 -4 6.505
      vertex 5.1 -4 6.505
    endloop
  endfacet
  facet normal 0 -1 -0
    outer loop
      vertex 9.5 -4 6.505
      vertex 5.1 -4 0
      vertex 9.5 -4 0
    endloop
  endfacet
  facet normal 1 -0 0
    outer loop
      vertex 9.5 -4 6.505
      vertex 9.5 4 0
      vertex 9.5 4 6.505
    endloop
  endfacet
  facet normal 1 0 0
    outer loop
      vertex 9.5 4 0
      vertex 9.5 -4 6.505
      vertex 9.5 -4 0
    endloop
  endfacet
  facet normal 0.146743 0.989175 -0
    outer loop
      vertex 7.14048 -1.61966 0
      vertex 6.9825 -1.59622 4.305
      vertex 7.14048 -1.61966 4.305
    endloop
  endfacet
  facet normal 0.146743 0.989175 0
    outer loop
      vertex 6.9825 -1.59622 4.305
      vertex 7.14048 -1.61966 0
      vertex 6.9825 -1.59622 0
    endloop
  endfacet
  facet normal 0.242963 0.970036 -0
    outer loop
      vertex 6.9825 -1.59622 0
      vertex 6.82757 -1.55742 4.305
      vertex 6.9825 -1.59622 4.305
    endloop
  endfacet
  facet normal 0.242963 0.970036 0
    outer loop
      vertex 6.82757 -1.55742 4.305
      vertex 6.9825 -1.59622 0
      vertex 6.82757 -1.55742 0
    endloop
  endfacet
  facet normal 0.33696 0.941519 -0
    outer loop
      vertex 6.82757 -1.55742 0
      vertex 6.6772 -1.5036 4.305
      vertex 6.82757 -1.55742 4.305
    endloop
  endfacet
  facet normal 0.33696 0.941519 0
    outer loop
      vertex 6.6772 -1.5036 4.305
      vertex 6.82757 -1.55742 0
      vertex 6.6772 -1.5036 0
    endloop
  endfacet
  facet normal 0.427503 0.904014 -0
    outer loop
      vertex 6.6772 -1.5036 0
      vertex 6.5328 -1.43532 4.305
      vertex 6.6772 -1.5036 4.305
    endloop
  endfacet
  facet normal 0.427503 0.904014 0
    outer loop
      vertex 6.5328 -1.43532 4.305
      vertex 6.6772 -1.5036 0
      vertex 6.5328 -1.43532 0
    endloop
  endfacet
  facet normal 0.514088 0.857737 -0
    outer loop
      vertex 6.5328 -1.43532 0
      vertex 6.39581 -1.35321 4.305
      vertex 6.5328 -1.43532 4.305
    endloop
  endfacet
  facet normal 0.514088 0.857737 0
    outer loop
      vertex 6.39581 -1.35321 4.305
      vertex 6.5328 -1.43532 0
      vertex 6.39581 -1.35321 0
    endloop
  endfacet
  facet normal 0.595696 0.80321 -0
    outer loop
      vertex 6.39581 -1.35321 0
      vertex 6.26753 -1.25807 4.305
      vertex 6.39581 -1.35321 4.305
    endloop
  endfacet
  facet normal 0.595696 0.80321 0
    outer loop
      vertex 6.26753 -1.25807 4.305
      vertex 6.39581 -1.35321 0
      vertex 6.26753 -1.25807 0
    endloop
  endfacet
  facet normal 0.671626 0.74089 -0
    outer loop
      vertex 6.26753 -1.25807 0
      vertex 6.1492 -1.1508 4.305
      vertex 6.26753 -1.25807 4.305
    endloop
  endfacet
  facet normal 0.671626 0.74089 0
    outer loop
      vertex 6.1492 -1.1508 4.305
      vertex 6.26753 -1.25807 0
      vertex 6.1492 -1.1508 0
    endloop
  endfacet
  facet normal 0.74089 0.671626 0
    outer loop
      vertex 6.1492 -1.1508 4.305
      vertex 6.04193 -1.03247 0
      vertex 6.04193 -1.03247 4.305
    endloop
  endfacet
  facet normal 0.74089 0.671626 0
    outer loop
      vertex 6.04193 -1.03247 0
      vertex 6.1492 -1.1508 4.305
      vertex 6.1492 -1.1508 0
    endloop
  endfacet
  facet normal 0.80321 0.595696 0
    outer loop
      vertex 6.04193 -1.03247 4.305
      vertex 5.94679 -0.90419 0
      vertex 5.94679 -0.90419 4.305
    endloop
  endfacet
  facet normal 0.80321 0.595696 0
    outer loop
      vertex 5.94679 -0.90419 0
      vertex 6.04193 -1.03247 4.305
      vertex 6.04193 -1.03247 0
    endloop
  endfacet
  facet normal 0.857737 0.514088 0
    outer loop
      vertex 5.94679 -0.90419 4.305
      vertex 5.86468 -0.767197 0
      vertex 5.86468 -0.767197 4.305
    endloop
  endfacet
  facet normal 0.857737 0.514088 0
    outer loop
      vertex 5.86468 -0.767197 0
      vertex 5.94679 -0.90419 4.305
      vertex 5.94679 -0.90419 0
    endloop
  endfacet
  facet normal 0.904014 0.427503 0
    outer loop
      vertex 5.86468 -0.767197 4.305
      vertex 5.7964 -0.622803 0
      vertex 5.7964 -0.622803 4.305
    endloop
  endfacet
  facet normal 0.904014 0.427503 0
    outer loop
      vertex 5.7964 -0.622803 0
      vertex 5.86468 -0.767197 4.305
      vertex 5.86468 -0.767197 0
    endloop
  endfacet
  facet normal 0.941519 0.33696 0
    outer loop
      vertex 5.7964 -0.622803 4.305
      vertex 5.74258 -0.472427 0
      vertex 5.74258 -0.472427 4.305
    endloop
  endfacet
  facet normal 0.941519 0.33696 0
    outer loop
      vertex 5.74258 -0.472427 0
      vertex 5.7964 -0.622803 4.305
      vertex 5.7964 -0.622803 0
    endloop
  endfacet
  facet normal 0.970036 0.242963 0
    outer loop
      vertex 5.74258 -0.472427 4.305
      vertex 5.70378 -0.317505 0
      vertex 5.70378 -0.317505 4.305
    endloop
  endfacet
  facet normal 0.970036 0.242963 0
    outer loop
      vertex 5.70378 -0.317505 0
      vertex 5.74258 -0.472427 4.305
      vertex 5.74258 -0.472427 0
    endloop
  endfacet
  facet normal 0.989175 0.146743 0
    outer loop
      vertex 5.70378 -0.317505 4.305
      vertex 5.68034 -0.159515 0
      vertex 5.68034 -0.159515 4.305
    endloop
  endfacet
  facet normal 0.989175 0.146743 0
    outer loop
      vertex 5.68034 -0.159515 0
      vertex 5.70378 -0.317505 4.305
      vertex 5.70378 -0.317505 0
    endloop
  endfacet
  facet normal 0.998798 0.0490131 0
    outer loop
      vertex 5.68034 -0.159515 4.305
      vertex 5.67251 0 0
      vertex 5.67251 0 4.305
    endloop
  endfacet
  facet normal 0.998798 0.0490131 0
    outer loop
      vertex 5.67251 0 0
      vertex 5.68034 -0.159515 4.305
      vertex 5.68034 -0.159515 0
    endloop
  endfacet
  facet normal 0.998798 -0.0490131 0
    outer loop
      vertex 5.67251 0 4.305
      vertex 5.68034 0.159515 0
      vertex 5.68034 0.159515 4.305
    endloop
  endfacet
  facet normal 0.998798 -0.0490131 0
    outer loop
      vertex 5.68034 0.159515 0
      vertex 5.67251 0 4.305
      vertex 5.67251 0 0
    endloop
  endfacet
  facet normal 0.989175 -0.146743 0
    outer loop
      vertex 5.68034 0.159515 4.305
      vertex 5.70378 0.317505 0
      vertex 5.70378 0.317505 4.305
    endloop
  endfacet
  facet normal 0.989175 -0.146743 0
    outer loop
      vertex 5.70378 0.317505 0
      vertex 5.68034 0.159515 4.305
      vertex 5.68034 0.159515 0
    endloop
  endfacet
  facet normal 0.970036 -0.242963 0
    outer loop
      vertex 5.70378 0.317505 4.305
      vertex 5.74258 0.472427 0
      vertex 5.74258 0.472427 4.305
    endloop
  endfacet
  facet normal 0.970036 -0.242963 0
    outer loop
      vertex 5.74258 0.472427 0
      vertex 5.70378 0.317505 4.305
      vertex 5.70378 0.317505 0
    endloop
  endfacet
  facet normal 0.941519 -0.33696 0
    outer loop
      vertex 5.74258 0.472427 4.305
      vertex 5.7964 0.622803 0
      vertex 5.7964 0.622803 4.305
    endloop
  endfacet
  facet normal 0.941519 -0.33696 0
    outer loop
      vertex 5.7964 0.622803 0
      vertex 5.74258 0.472427 4.305
      vertex 5.74258 0.472427 0
    endloop
  endfacet
  facet normal 0.904014 -0.427503 0
    outer loop
      vertex 5.7964 0.622803 4.305
      vertex 5.86468 0.767197 0
      vertex 5.86468 0.767197 4.305
    endloop
  endfacet
  facet normal 0.904014 -0.427503 0
    outer loop
      vertex 5.86468 0.767197 0
      vertex 5.7964 0.622803 4.305
      vertex 5.7964 0.622803 0
    endloop
  endfacet
  facet normal 0.857737 -0.514088 0
    outer loop
      vertex 5.86468 0.767197 4.305
      vertex 5.94679 0.90419 0
      vertex 5.94679 0.90419 4.305
    endloop
  endfacet
  facet normal 0.857737 -0.514088 0
    outer loop
      vertex 5.94679 0.90419 0
      vertex 5.86468 0.767197 4.305
      vertex 5.86468 0.767197 0
    endloop
  endfacet
  facet normal 0.80321 -0.595696 0
    outer loop
      vertex 5.94679 0.90419 4.305
      vertex 6.04193 1.03247 0
      vertex 6.04193 1.03247 4.305
    endloop
  endfacet
  facet normal 0.80321 -0.595696 0
    outer loop
      vertex 6.04193 1.03247 0
      vertex 5.94679 0.90419 4.305
      vertex 5.94679 0.90419 0
    endloop
  endfacet
  facet normal 0.74089 -0.671626 0
    outer loop
      vertex 6.04193 1.03247 4.305
      vertex 6.1492 1.1508 0
      vertex 6.1492 1.1508 4.305
    endloop
  endfacet
  facet normal 0.74089 -0.671626 0
    outer loop
      vertex 6.1492 1.1508 0
      vertex 6.04193 1.03247 4.305
      vertex 6.04193 1.03247 0
    endloop
  endfacet
  facet normal 0.671626 -0.74089 0
    outer loop
      vertex 6.1492 1.1508 0
      vertex 6.26753 1.25807 4.305
      vertex 6.1492 1.1508 4.305
    endloop
  endfacet
  facet normal 0.671626 -0.74089 0
    outer loop
      vertex 6.26753 1.25807 4.305
      vertex 6.1492 1.1508 0
      vertex 6.26753 1.25807 0
    endloop
  endfacet
  facet normal 0.595696 -0.80321 0
    outer loop
      vertex 6.26753 1.25807 0
      vertex 6.39581 1.35321 4.305
      vertex 6.26753 1.25807 4.305
    endloop
  endfacet
  facet normal 0.595696 -0.80321 0
    outer loop
      vertex 6.39581 1.35321 4.305
      vertex 6.26753 1.25807 0
      vertex 6.39581 1.35321 0
    endloop
  endfacet
  facet normal 0.514088 -0.857737 0
    outer loop
      vertex 6.39581 1.35321 0
      vertex 6.5328 1.43532 4.305
      vertex 6.39581 1.35321 4.305
    endloop
  endfacet
  facet normal 0.514088 -0.857737 0
    outer loop
      vertex 6.5328 1.43532 4.305
      vertex 6.39581 1.35321 0
      vertex 6.5328 1.43532 0
    endloop
  endfacet
  facet normal 0.427503 -0.904014 0
    outer loop
      vertex 6.5328 1.43532 0
      vertex 6.6772 1.5036 4.305
      vertex 6.5328 1.43532 4.305
    endloop
  endfacet
  facet normal 0.427503 -0.904014 0
    outer loop
      vertex 6.6772 1.5036 4.305
      vertex 6.5328 1.43532 0
      vertex 6.6772 1.5036 0
    endloop
  endfacet
  facet normal 0.33696 -0.941519 0
    outer loop
      vertex 6.6772 1.5036 0
      vertex 6.82757 1.55742 4.305
      vertex 6.6772 1.5036 4.305
    endloop
  endfacet
  facet normal 0.33696 -0.941519 0
    outer loop
      vertex 6.82757 1.55742 4.305
      vertex 6.6772 1.5036 0
      vertex 6.82757 1.55742 0
    endloop
  endfacet
  facet normal 0.242963 -0.970036 0
    outer loop
      vertex 6.82757 1.55742 0
      vertex 6.9825 1.59622 4.305
      vertex 6.82757 1.55742 4.305
    endloop
  endfacet
  facet normal 0.242963 -0.970036 0
    outer loop
      vertex 6.9825 1.59622 4.305
      vertex 6.82757 1.55742 0
      vertex 6.9825 1.59622 0
    endloop
  endfacet
  facet normal 0.146743 -0.989175 0
    outer loop
      vertex 6.9825 1.59622 0
      vertex 7.14048 1.61966 4.305
      vertex 6.9825 1.59622 4.305
    endloop
  endfacet
  facet normal 0.146743 -0.989175 0
    outer loop
      vertex 7.14048 1.61966 4.305
      vertex 6.9825 1.59622 0
      vertex 7.14048 1.61966 0
    endloop
  endfacet
  facet normal 0.0490131 -0.998798 0
    outer loop
      vertex 7.14048 1.61966 0
      vertex 7.3 1.62749 4.305
      vertex 7.14048 1.61966 4.305
    endloop
  endfacet
  facet normal 0.0490131 -0.998798 0
    outer loop
      vertex 7.3 1.62749 4.305
      vertex 7.14048 1.61966 0
      vertex 7.3 1.62749 0
    endloop
  endfacet
  facet normal -0.0490131 -0.998798 0
    outer loop
      vertex 7.3 1.62749 0
      vertex 7.45952 1.61966 4.305
      vertex 7.3 1.62749 4.305
    endloop
  endfacet
  facet normal -0.0490131 -0.998798 -0
    outer loop
      vertex 7.45952 1.61966 4.305
      vertex 7.3 1.62749 0
      vertex 7.45952 1.61966 0
    endloop
  endfacet
  facet normal -0.146743 -0.989175 0
    outer loop
      vertex 7.45952 1.61966 0
      vertex 7.61751 1.59622 4.305
      vertex 7.45952 1.61966 4.305
    endloop
  endfacet
  facet normal -0.146743 -0.989175 -0
    outer loop
      vertex 7.61751 1.59622 4.305
      vertex 7.45952 1.61966 0
      vertex 7.61751 1.59622 0
    endloop
  endfacet
  facet normal -0.242963 -0.970036 0
    outer loop
      vertex 7.61751 1.59622 0
      vertex 7.77243 1.55742 4.305
      vertex 7.61751 1.59622 4.305
    endloop
  endfacet
  facet normal -0.242963 -0.970036 -0
    outer loop
      vertex 7.77243 1.55742 4.305
      vertex 7.61751 1.59622 0
      vertex 7.77243 1.55742 0
    endloop
  endfacet
  facet normal -0.33696 -0.941519 0
    outer loop
      vertex 7.77243 1.55742 0
      vertex 7.9228 1.5036 4.305
      vertex 7.77243 1.55742 4.305
    endloop
  endfacet
  facet normal -0.33696 -0.941519 -0
    outer loop
      vertex 7.9228 1.5036 4.305
      vertex 7.77243 1.55742 0
      vertex 7.9228 1.5036 0
    endloop
  endfacet
  facet normal -0.427503 -0.904014 0
    outer loop
      vertex 7.9228 1.5036 0
      vertex 8.0672 1.43532 4.305
      vertex 7.9228 1.5036 4.305
    endloop
  endfacet
  facet normal -0.427503 -0.904014 -0
    outer loop
      vertex 8.0672 1.43532 4.305
      vertex 7.9228 1.5036 0
      vertex 8.0672 1.43532 0
    endloop
  endfacet
  facet normal -0.514088 -0.857737 0
    outer loop
      vertex 8.0672 1.43532 0
      vertex 8.20419 1.35321 4.305
      vertex 8.0672 1.43532 4.305
    endloop
  endfacet
  facet normal -0.514088 -0.857737 -0
    outer loop
      vertex 8.20419 1.35321 4.305
      vertex 8.0672 1.43532 0
      vertex 8.20419 1.35321 0
    endloop
  endfacet
  facet normal -0.595696 -0.80321 0
    outer loop
      vertex 8.20419 1.35321 0
      vertex 8.33247 1.25807 4.305
      vertex 8.20419 1.35321 4.305
    endloop
  endfacet
  facet normal -0.595696 -0.80321 -0
    outer loop
      vertex 8.33247 1.25807 4.305
      vertex 8.20419 1.35321 0
      vertex 8.33247 1.25807 0
    endloop
  endfacet
  facet normal -0.671626 -0.74089 0
    outer loop
      vertex 8.33247 1.25807 0
      vertex 8.4508 1.1508 4.305
      vertex 8.33247 1.25807 4.305
    endloop
  endfacet
  facet normal -0.671626 -0.74089 -0
    outer loop
      vertex 8.4508 1.1508 4.305
      vertex 8.33247 1.25807 0
      vertex 8.4508 1.1508 0
    endloop
  endfacet
  facet normal -0.74089 -0.671626 0
    outer loop
      vertex 8.55807 1.03247 0
      vertex 8.4508 1.1508 4.305
      vertex 8.4508 1.1508 0
    endloop
  endfacet
  facet normal -0.74089 -0.671626 0
    outer loop
      vertex 8.4508 1.1508 4.305
      vertex 8.55807 1.03247 0
      vertex 8.55807 1.03247 4.305
    endloop
  endfacet
  facet normal -0.80321 -0.595696 0
    outer loop
      vertex 8.65321 0.90419 0
      vertex 8.55807 1.03247 4.305
      vertex 8.55807 1.03247 0
    endloop
  endfacet
  facet normal -0.80321 -0.595696 0
    outer loop
      vertex 8.55807 1.03247 4.305
      vertex 8.65321 0.90419 0
      vertex 8.65321 0.90419 4.305
    endloop
  endfacet
  facet normal -0.857737 -0.514088 0
    outer loop
      vertex 8.73532 0.767197 0
      vertex 8.65321 0.90419 4.305
      vertex 8.65321 0.90419 0
    endloop
  endfacet
  facet normal -0.857737 -0.514088 0
    outer loop
      vertex 8.65321 0.90419 4.305
      vertex 8.73532 0.767197 0
      vertex 8.73532 0.767197 4.305
    endloop
  endfacet
  facet normal -0.904014 -0.427503 0
    outer loop
      vertex 8.8036 0.622803 0
      vertex 8.73532 0.767197 4.305
      vertex 8.73532 0.767197 0
    endloop
  endfacet
  facet normal -0.904014 -0.427503 0
    outer loop
      vertex 8.73532 0.767197 4.305
      vertex 8.8036 0.622803 0
      vertex 8.8036 0.622803 4.305
    endloop
  endfacet
  facet normal -0.941519 -0.33696 0
    outer loop
      vertex 8.85742 0.472427 0
      vertex 8.8036 0.622803 4.305
      vertex 8.8036 0.622803 0
    endloop
  endfacet
  facet normal -0.941519 -0.33696 0
    outer loop
      vertex 8.8036 0.622803 4.305
      vertex 8.85742 0.472427 0
      vertex 8.85742 0.472427 4.305
    endloop
  endfacet
  facet normal -0.970036 -0.242963 0
    outer loop
      vertex 8.89622 0.317505 0
      vertex 8.85742 0.472427 4.305
      vertex 8.85742 0.472427 0
    endloop
  endfacet
  facet normal -0.970036 -0.242963 0
    outer loop
      vertex 8.85742 0.472427 4.305
      vertex 8.89622 0.317505 0
      vertex 8.89622 0.317505 4.305
    endloop
  endfacet
  facet normal -0.989175 -0.146743 0
    outer loop
      vertex 8.91966 0.159515 0
      vertex 8.89622 0.317505 4.305
      vertex 8.89622 0.317505 0
    endloop
  endfacet
  facet normal -0.989175 -0.146743 0
    outer loop
      vertex 8.89622 0.317505 4.305
      vertex 8.91966 0.159515 0
      vertex 8.91966 0.159515 4.305
    endloop
  endfacet
  facet normal -0.998798 -0.0490131 0
    outer loop
      vertex 8.92749 0 0
      vertex 8.91966 0.159515 4.305
      vertex 8.91966 0.159515 0
    endloop
  endfacet
  facet normal -0.998798 -0.0490131 0
    outer loop
      vertex 8.91966 0.159515 4.305
      vertex 8.92749 0 0
      vertex 8.92749 0 4.305
    endloop
  endfacet
  facet normal -0.998798 0.0490131 0
    outer loop
      vertex 8.91966 -0.159515 0
      vertex 8.92749 0 4.305
      vertex 8.92749 0 0
    endloop
  endfacet
  facet normal -0.998798 0.0490131 0
    outer loop
      vertex 8.92749 0 4.305
      vertex 8.91966 -0.159515 0
      vertex 8.91966 -0.159515 4.305
    endloop
  endfacet
  facet normal -0.989175 0.146743 0
    outer loop
      vertex 8.89622 -0.317505 0
      vertex 8.91966 -0.159515 4.305
      vertex 8.91966 -0.159515 0
    endloop
  endfacet
  facet normal -0.989175 0.146743 0
    outer loop
      vertex 8.91966 -0.159515 4.305
      vertex 8.89622 -0.317505 0
      vertex 8.89622 -0.317505 4.305
    endloop
  endfacet
  facet normal -0.970036 0.242963 0
    outer loop
      vertex 8.85742 -0.472427 0
      vertex 8.89622 -0.317505 4.305
      vertex 8.89622 -0.317505 0
    endloop
  endfacet
  facet normal -0.970036 0.242963 0
    outer loop
      vertex 8.89622 -0.317505 4.305
      vertex 8.85742 -0.472427 0
      vertex 8.85742 -0.472427 4.305
    endloop
  endfacet
  facet normal -0.941519 0.33696 0
    outer loop
      vertex 8.8036 -0.622803 0
      vertex 8.85742 -0.472427 4.305
      vertex 8.85742 -0.472427 0
    endloop
  endfacet
  facet normal -0.941519 0.33696 0
    outer loop
      vertex 8.85742 -0.472427 4.305
      vertex 8.8036 -0.622803 0
      vertex 8.8036 -0.622803 4.305
    endloop
  endfacet
  facet normal -0.904014 0.427503 0
    outer loop
      vertex 8.73532 -0.767197 0
      vertex 8.8036 -0.622803 4.305
      vertex 8.8036 -0.622803 0
    endloop
  endfacet
  facet normal -0.904014 0.427503 0
    outer loop
      vertex 8.8036 -0.622803 4.305
      vertex 8.73532 -0.767197 0
      vertex 8.73532 -0.767197 4.305
    endloop
  endfacet
  facet normal -0.857737 0.514088 0
    outer loop
      vertex 8.65321 -0.90419 0
      vertex 8.73532 -0.767197 4.305
      vertex 8.73532 -0.767197 0
    endloop
  endfacet
  facet normal -0.857737 0.514088 0
    outer loop
      vertex 8.73532 -0.767197 4.305
      vertex 8.65321 -0.90419 0
      vertex 8.65321 -0.90419 4.305
    endloop
  endfacet
  facet normal -0.80321 0.595696 0
    outer loop
      vertex 8.55807 -1.03247 0
      vertex 8.65321 -0.90419 4.305
      vertex 8.65321 -0.90419 0
    endloop
  endfacet
  facet normal -0.80321 0.595696 0
    outer loop
      vertex 8.65321 -0.90419 4.305
      vertex 8.55807 -1.03247 0
      vertex 8.55807 -1.03247 4.305
    endloop
  endfacet
  facet normal -0.74089 0.671626 0
    outer loop
      vertex 8.4508 -1.1508 0
      vertex 8.55807 -1.03247 4.305
      vertex 8.55807 -1.03247 0
    endloop
  endfacet
  facet normal -0.74089 0.671626 0
    outer loop
      vertex 8.55807 -1.03247 4.305
      vertex 8.4508 -1.1508 0
      vertex 8.4508 -1.1508 4.305
    endloop
  endfacet
  facet normal -0.671626 0.74089 0
    outer loop
      vertex 8.4508 -1.1508 0
      vertex 8.33247 -1.25807 4.305
      vertex 8.4508 -1.1508 4.305
    endloop
  endfacet
  facet normal -0.671626 0.74089 0
    outer loop
      vertex 8.33247 -1.25807 4.305
      vertex 8.4508 -1.1508 0
      vertex 8.33247 -1.25807 0
    endloop
  endfacet
  facet normal -0.595696 0.80321 0
    outer loop
      vertex 8.33247 -1.25807 0
      vertex 8.20419 -1.35321 4.305
      vertex 8.33247 -1.25807 4.305
    endloop
  endfacet
  facet normal -0.595696 0.80321 0
    outer loop
      vertex 8.20419 -1.35321 4.305
      vertex 8.33247 -1.25807 0
      vertex 8.20419 -1.35321 0
    endloop
  endfacet
  facet normal -0.514088 0.857737 0
    outer loop
      vertex 8.20419 -1.35321 0
      vertex 8.0672 -1.43532 4.305
      vertex 8.20419 -1.35321 4.305
    endloop
  endfacet
  facet normal -0.514088 0.857737 0
    outer loop
      vertex 8.0672 -1.43532 4.305
      vertex 8.20419 -1.35321 0
      vertex 8.0672 -1.43532 0
    endloop
  endfacet
  facet normal -0.427503 0.904014 0
    outer loop
      vertex 8.0672 -1.43532 0
      vertex 7.9228 -1.5036 4.305
      vertex 8.0672 -1.43532 4.305
    endloop
  endfacet
  facet normal -0.427503 0.904014 0
    outer loop
      vertex 7.9228 -1.5036 4.305
      vertex 8.0672 -1.43532 0
      vertex 7.9228 -1.5036 0
    endloop
  endfacet
  facet normal -0.33696 0.941519 0
    outer loop
      vertex 7.9228 -1.5036 0
      vertex 7.77243 -1.55742 4.305
      vertex 7.9228 -1.5036 4.305
    endloop
  endfacet
  facet normal -0.33696 0.941519 0
    outer loop
      vertex 7.77243 -1.55742 4.305
      vertex 7.9228 -1.5036 0
      vertex 7.77243 -1.55742 0
    endloop
  endfacet
  facet normal -0.242963 0.970036 0
    outer loop
      vertex 7.77243 -1.55742 0
      vertex 7.61751 -1.59622 4.305
      vertex 7.77243 -1.55742 4.305
    endloop
  endfacet
  facet normal -0.242963 0.970036 0
    outer loop
      vertex 7.61751 -1.59622 4.305
      vertex 7.77243 -1.55742 0
      vertex 7.61751 -1.59622 0
    endloop
  endfacet
  facet normal -0.146743 0.989175 0
    outer loop
      vertex 7.61751 -1.59622 0
      vertex 7.45952 -1.61966 4.305
      vertex 7.61751 -1.59622 4.305
    endloop
  endfacet
  facet normal -0.146743 0.989175 0
    outer loop
      vertex 7.45952 -1.61966 4.305
      vertex 7.61751 -1.59622 0
      vertex 7.45952 -1.61966 0
    endloop
  endfacet
  facet normal -0.0490131 0.998798 0
    outer loop
      vertex 7.45952 -1.61966 0
      vertex 7.3 -1.62749 4.305
      vertex 7.45952 -1.61966 4.305
    endloop
  endfacet
  facet normal -0.0490131 0.998798 0
    outer loop
      vertex 7.3 -1.62749 4.305
      vertex 7.45952 -1.61966 0
      vertex 7.3 -1.62749 0
    endloop
  endfacet
  facet normal 0.0490131 0.998798 -0
    outer loop
      vertex 7.3 -1.62749 0
      vertex 7.14048 -1.61966 4.305
      vertex 7.3 -1.62749 4.305
    endloop
  endfacet
  facet normal 0.0490131 0.998798 0
    outer loop
      vertex 7.14048 -1.61966 4.305
      vertex 7.3 -1.62749 0
      vertex 7.14048 -1.61966 0
    endloop
  endfacet
  facet normal -0 0 1
    outer loop
      vertex 5.1 3.14791 6.505
      vertex 5.61001 2.10957 6.505
      vertex 5.61001 4 6.505
    endloop
  endfacet
  facet normal 0 0 1
    outer loop
      vertex 4.32875 1.08429 6.505
      vertex 5.61001 2.10957 6.505
      vertex 5.1 3.14791 6.505
    endloop
  endfacet
  facet normal 0 -0 1
    outer loop
      vertex 5.55392 1.16669 6.505
      vertex 5.61001 2.10957 6.505
      vertex 4.32875 1.08429 6.505
    endloop
  endfacet
  facet normal 0 0 1
    outer loop
      vertex 5.61001 2.10957 6.505
      vertex 5.55392 1.16669 6.505
      vertex 5.61001 1.24234 6.505
    endloop
  endfacet
  facet normal 0 0 1
    outer loop
      vertex 5.61001 1.24234 6.505
      vertex 5.55392 1.16669 6.505
      vertex 5.61001 1.24232 6.505
    endloop
  endfacet
  facet normal 0 0 1
    outer loop
      vertex 5.55392 1.16669 6.505
      vertex 4.32875 1.08429 6.505
      vertex 5.44798 0.989929 6.505
    endloop
  endfacet
  facet normal 0 0 1
    outer loop
      vertex 5.44798 0.989929 6.505
      vertex 4.32875 1.08429 6.505
      vertex 5.35986 0.803635 6.505
    endloop
  endfacet
  facet normal -0 -0 1
    outer loop
      vertex 4.37674 0.87059 6.505
      vertex 5.35986 0.803635 6.505
      vertex 4.32875 1.08429 6.505
    endloop
  endfacet
  facet normal 0 0 1
    outer loop
      vertex 5.35986 0.803635 6.505
      vertex 4.37674 0.87059 6.505
      vertex 5.29043 0.609589 6.505
    endloop
  endfacet
  facet normal 0 0 1
    outer loop
      vertex 5.1 3.14791 6.505
      vertex 5.61001 4 6.505
      vertex 5.1 4 6.505
    endloop
  endfacet
  facet normal 0 0 1
    outer loop
      vertex 5.74164 1.7417 6.505
      vertex 5.67667 1.33221 6.505
      vertex 5.80794 1.47704 6.505
    endloop
  endfacet
  facet normal 0 0 1
    outer loop
      vertex 5.61001 1.24234 6.505
      vertex 5.74164 1.7417 6.505
      vertex 5.61001 2.10957 6.505
    endloop
  endfacet
  facet normal 0 0 1
    outer loop
      vertex 5.74164 1.7417 6.505
      vertex 5.61001 1.24234 6.505
      vertex 5.67667 1.33221 6.505
    endloop
  endfacet
  facet normal 0 0 1
    outer loop
      vertex 8.98999 0 6.505
      vertex 9.5 4 6.505
      vertex 8.98999 4 6.505
    endloop
  endfacet
  facet normal 0 0 1
    outer loop
      vertex 9.5 4 6.505
      vertex 8.98999 0 6.505
      vertex 9.5 -4 6.505
    endloop
  endfacet
  facet normal 0 0 1
    outer loop
      vertex 8.92749 -1.3266 6.505
      vertex 8.98999 0 6.505
      vertex 8.92749 0 6.505
    endloop
  endfacet
  facet normal 0 0 1
    outer loop
      vertex 8.98999 0 6.505
      vertex 8.92749 -1.3266 6.505
      vertex 9.5 -4 6.505
    endloop
  endfacet
  facet normal -0 0 1
    outer loop
      vertex 8.78491 -1.48491 6.505
      vertex 9.5 -4 6.505
      vertex 8.92749 -1.3266 6.505
    endloop
  endfacet
  facet normal -0 0 1
    outer loop
      vertex 8.63221 -1.62332 6.505
      vertex 9.5 -4 6.505
      vertex 8.78491 -1.48491 6.505
    endloop
  endfacet
  facet normal -0 0 1
    outer loop
      vertex 8.46669 -1.74608 6.505
      vertex 9.5 -4 6.505
      vertex 8.63221 -1.62332 6.505
    endloop
  endfacet
  facet normal -0 0 1
    outer loop
      vertex 8.28993 -1.85202 6.505
      vertex 9.5 -4 6.505
      vertex 8.46669 -1.74608 6.505
    endloop
  endfacet
  facet normal -0 0 1
    outer loop
      vertex 8.10363 -1.94014 6.505
      vertex 9.5 -4 6.505
      vertex 8.28993 -1.85202 6.505
    endloop
  endfacet
  facet normal -0 0 1
    outer loop
      vertex 7.90959 -2.00957 6.505
      vertex 9.5 -4 6.505
      vertex 8.10363 -1.94014 6.505
    endloop
  endfacet
  facet normal -0 0 1
    outer loop
      vertex 7.70968 -2.05965 6.505
      vertex 9.5 -4 6.505
      vertex 7.90959 -2.00957 6.505
    endloop
  endfacet
  facet normal -0 0 1
    outer loop
      vertex 7.50583 -2.08987 6.505
      vertex 9.5 -4 6.505
      vertex 7.70968 -2.05965 6.505
    endloop
  endfacet
  facet normal -0 0 1
    outer loop
      vertex 7.3 -2.09999 6.505
      vertex 9.5 -4 6.505
      vertex 7.50583 -2.08987 6.505
    endloop
  endfacet
  facet normal 0 0 1
    outer loop
      vertex 5.1 -4 6.505
      vertex 7.3 -2.09999 6.505
      vertex 7.09417 -2.08987 6.505
    endloop
  endfacet
  facet normal 0 0 1
    outer loop
      vertex 5.1 -4 6.505
      vertex 7.09417 -2.08987 6.505
      vertex 6.89032 -2.05965 6.505
    endloop
  endfacet
  facet normal 0 0 1
    outer loop
      vertex 5.1 -3.14791 6.505
      vertex 6.89032 -2.05965 6.505
      vertex 6.69041 -2.00957 6.505
    endloop
  endfacet
  facet normal 0 0 1
    outer loop
      vertex 5.1 -3.14791 6.505
      vertex 6.69041 -2.00957 6.505
      vertex 6.49637 -1.94014 6.505
    endloop
  endfacet
  facet normal 0 0 1
    outer loop
      vertex 5.1 -3.14791 6.505
      vertex 6.49637 -1.94014 6.505
      vertex 6.31007 -1.85202 6.505
    endloop
  endfacet
  facet normal 0 0 1
    outer loop
      vertex 5.1 -3.14791 6.505
      vertex 6.31007 -1.85202 6.505
      vertex 6.13331 -1.74608 6.505
    endloop
  endfacet
  facet normal -0 -0 1
    outer loop
      vertex 4.4142 0.65477 6.505
      vertex 5.29043 0.609589 6.505
      vertex 4.37674 0.87059 6.505
    endloop
  endfacet
  facet normal 0 0 1
    outer loop
      vertex 4.32875 1.08429 6.505
      vertex 5.1 3.14791 6.505
      vertex 5.09999 3.14793 6.505
    endloop
  endfacet
  facet normal 0 0 1
    outer loop
      vertex 5.09999 -3.14793 6.505
      vertex 5.21013 -0.205826 6.505
      vertex 5.20001 0 6.505
    endloop
  endfacet
  facet normal 0 0 1
    outer loop
      vertex 5.09999 -3.14793 6.505
      vertex 5.24035 -0.409683 6.505
      vertex 5.21013 -0.205826 6.505
    endloop
  endfacet
  facet normal 0 0 1
    outer loop
      vertex 5.09999 -3.14793 6.505
      vertex 5.29043 -0.609589 6.505
      vertex 5.24035 -0.409683 6.505
    endloop
  endfacet
  facet normal 0 0 1
    outer loop
      vertex 5.09999 -3.14793 6.505
      vertex 5.35986 -0.803635 6.505
      vertex 5.29043 -0.609589 6.505
    endloop
  endfacet
  facet normal 0 0 1
    outer loop
      vertex 5.1 -3.14791 6.505
      vertex 5.44798 -0.989929 6.505
      vertex 5.35986 -0.803635 6.505
    endloop
  endfacet
  facet normal 0 0 1
    outer loop
      vertex 5.1 -3.14791 6.505
      vertex 5.55392 -1.16669 6.505
      vertex 5.44798 -0.989929 6.505
    endloop
  endfacet
  facet normal 0 0 1
    outer loop
      vertex 5.1 -3.14791 6.505
      vertex 5.67668 -1.33221 6.505
      vertex 5.55392 -1.16669 6.505
    endloop
  endfacet
  facet normal 0 0 1
    outer loop
      vertex 5.1 -3.14791 6.505
      vertex 5.81509 -1.48491 6.505
      vertex 5.67668 -1.33221 6.505
    endloop
  endfacet
  facet normal 0 0 1
    outer loop
      vertex 5.1 -3.14791 6.505
      vertex 5.96779 -1.62332 6.505
      vertex 5.81509 -1.48491 6.505
    endloop
  endfacet
  facet normal 0 0 1
    outer loop
      vertex 5.1 -3.14791 6.505
      vertex 6.13331 -1.74608 6.505
      vertex 5.96779 -1.62332 6.505
    endloop
  endfacet
  facet normal 0 0 1
    outer loop
      vertex 6.89032 -2.05965 6.505
      vertex 5.1 -3.14791 6.505
      vertex 5.1 -4 6.505
    endloop
  endfacet
  facet normal 0 0 1
    outer loop
      vertex 7.3 -2.09999 6.505
      vertex 5.1 -4 6.505
      vertex 9.5 -4 6.505
    endloop
  endfacet
  facet normal -0 0 1
    outer loop
      vertex 4.46254 4 6.505
      vertex 5.09999 3.14793 6.505
      vertex 5.09999 4 6.505
    endloop
  endfacet
  facet normal 0 0 1
    outer loop
      vertex 4.45712 -0.218964 6.505
      vertex 5.20001 0 6.505
      vertex 4.46249 0 6.505
    endloop
  endfacet
  facet normal 0 0 1
    outer loop
      vertex 3.5843 2.65829 6.505
      vertex 5.09999 3.14793 6.505
      vertex 4.46254 4 6.505
    endloop
  endfacet
  facet normal 0 0 1
    outer loop
      vertex 5.20001 0 6.505
      vertex 4.45712 0.218964 6.505
      vertex 4.46249 0 6.505
    endloop
  endfacet
  facet normal 0 0 1
    outer loop
      vertex 4.4142 -0.65477 6.505
      vertex 5.20001 0 6.505
      vertex 4.44101 -0.437393 6.505
    endloop
  endfacet
  facet normal 0 0 1
    outer loop
      vertex 4.44101 -0.437393 6.505
      vertex 5.20001 0 6.505
      vertex 4.45712 -0.218964 6.505
    endloop
  endfacet
  facet normal 0 0 1
    outer loop
      vertex 5.21013 0.205826 6.505
      vertex 4.45712 0.218964 6.505
      vertex 5.20001 0 6.505
    endloop
  endfacet
  facet normal -0 -0 1
    outer loop
      vertex 4.45712 0.218964 6.505
      vertex 5.21013 0.205826 6.505
      vertex 4.44101 0.437393 6.505
    endloop
  endfacet
  facet normal 0 0 1
    outer loop
      vertex 5.24035 0.409683 6.505
      vertex 4.44101 0.437393 6.505
      vertex 5.21013 0.205826 6.505
    endloop
  endfacet
  facet normal -0 -0 1
    outer loop
      vertex 4.44101 0.437393 6.505
      vertex 5.24035 0.409683 6.505
      vertex 4.4142 0.65477 6.505
    endloop
  endfacet
  facet normal 0 0 1
    outer loop
      vertex 5.09999 3.14793 6.505
      vertex 4.27034 1.29539 6.505
      vertex 4.32875 1.08429 6.505
    endloop
  endfacet
  facet normal 0 0 1
    outer loop
      vertex 3.30649 2.99683 6.505
      vertex 4.46254 4 6.505
      vertex 4.24263 4.24263 6.505
    endloop
  endfacet
  facet normal 0 0 1
    outer loop
      vertex 5.09999 3.14793 6.505
      vertex 4.20163 1.50336 6.505
      vertex 4.27034 1.29539 6.505
    endloop
  endfacet
  facet normal 0 0 1
    outer loop
      vertex 5.09999 3.14793 6.505
      vertex 4.1228 1.70772 6.505
      vertex 4.20163 1.50336 6.505
    endloop
  endfacet
  facet normal 0 0 1
    outer loop
      vertex 5.09999 3.14793 6.505
      vertex 4.03404 1.90796 6.505
      vertex 4.1228 1.70772 6.505
    endloop
  endfacet
  facet normal 0 0 1
    outer loop
      vertex 5.09999 3.14793 6.505
      vertex 3.93556 2.10361 6.505
      vertex 4.03404 1.90796 6.505
    endloop
  endfacet
  facet normal 0 0 1
    outer loop
      vertex 5.09999 3.14793 6.505
      vertex 3.82761 2.29417 6.505
      vertex 3.93556 2.10361 6.505
    endloop
  endfacet
  facet normal 0 0 1
    outer loop
      vertex 2.99683 3.30649 6.505
      vertex 4.24263 4.24263 6.505
      vertex 3.80635 4.63806 6.505
    endloop
  endfacet
  facet normal 0 0 1
    outer loop
      vertex 5.09999 3.14793 6.505
      vertex 3.71042 2.47922 6.505
      vertex 3.82761 2.29417 6.505
    endloop
  endfacet
  facet normal 0 0 1
    outer loop
      vertex 5.09999 3.14793 6.505
      vertex 3.5843 2.65829 6.505
      vertex 3.71042 2.47922 6.505
    endloop
  endfacet
  facet normal 0 0 1
    outer loop
      vertex 4.46254 4 6.505
      vertex 3.44955 2.83098 6.505
      vertex 3.5843 2.65829 6.505
    endloop
  endfacet
  facet normal 0 0 1
    outer loop
      vertex 2.65829 3.5843 6.505
      vertex 3.80635 4.63806 6.505
      vertex 3.33342 4.98882 6.505
    endloop
  endfacet
  facet normal 0 0 1
    outer loop
      vertex 4.46254 4 6.505
      vertex 3.30649 2.99683 6.505
      vertex 3.44955 2.83098 6.505
    endloop
  endfacet
  facet normal 0 0 1
    outer loop
      vertex 4.24263 4.24263 6.505
      vertex 3.15546 3.15546 6.505
      vertex 3.30649 2.99683 6.505
    endloop
  endfacet
  facet normal 0 0 1
    outer loop
      vertex 4.24263 4.24263 6.505
      vertex 2.99683 3.30649 6.505
      vertex 3.15546 3.15546 6.505
    endloop
  endfacet
  facet normal 0 0 1
    outer loop
      vertex 3.80635 4.63806 6.505
      vertex 2.83098 3.44955 6.505
      vertex 2.99683 3.30649 6.505
    endloop
  endfacet
  facet normal 0 0 1
    outer loop
      vertex 2.29417 3.82761 6.505
      vertex 3.33342 4.98882 6.505
      vertex 2.82837 5.29152 6.505
    endloop
  endfacet
  facet normal 0 0 1
    outer loop
      vertex 3.80635 4.63806 6.505
      vertex 2.65829 3.5843 6.505
      vertex 2.83098 3.44955 6.505
    endloop
  endfacet
  facet normal 0 0 1
    outer loop
      vertex 3.33342 4.98882 6.505
      vertex 2.47922 3.71042 6.505
      vertex 2.65829 3.5843 6.505
    endloop
  endfacet
  facet normal 0 0 1
    outer loop
      vertex 1.90796 4.03404 6.505
      vertex 2.82837 5.29152 6.505
      vertex 2.2961 5.54327 6.505
    endloop
  endfacet
  facet normal 0 0 1
    outer loop
      vertex 3.33342 4.98882 6.505
      vertex 2.29417 3.82761 6.505
      vertex 2.47922 3.71042 6.505
    endloop
  endfacet
  facet normal 0 0 1
    outer loop
      vertex 2.82837 5.29152 6.505
      vertex 2.10361 3.93556 6.505
      vertex 2.29417 3.82761 6.505
    endloop
  endfacet
  facet normal 0 0 1
    outer loop
      vertex 2.82837 5.29152 6.505
      vertex 1.90796 4.03404 6.505
      vertex 2.10361 3.93556 6.505
    endloop
  endfacet
  facet normal 0 0 1
    outer loop
      vertex 1.50336 4.20163 6.505
      vertex 2.2961 5.54327 6.505
      vertex 1.7417 5.74164 6.505
    endloop
  endfacet
  facet normal 0 0 1
    outer loop
      vertex 2.2961 5.54327 6.505
      vertex 1.70772 4.1228 6.505
      vertex 1.90796 4.03404 6.505
    endloop
  endfacet
  facet normal 0 0 1
    outer loop
      vertex 2.2961 5.54327 6.505
      vertex 1.50336 4.20163 6.505
      vertex 1.70772 4.1228 6.505
    endloop
  endfacet
  facet normal 0 0 1
    outer loop
      vertex 1.7417 5.74164 6.505
      vertex 1.29539 4.27034 6.505
      vertex 1.50336 4.20163 6.505
    endloop
  endfacet
  facet normal 0 0 1
    outer loop
      vertex 1.08429 4.32875 6.505
      vertex 1.7417 5.74164 6.505
      vertex 1.17053 5.8847 6.505
    endloop
  endfacet
  facet normal 0 0 1
    outer loop
      vertex 1.7417 5.74164 6.505
      vertex 1.08429 4.32875 6.505
      vertex 1.29539 4.27034 6.505
    endloop
  endfacet
  facet normal 0 0 1
    outer loop
      vertex 1.17053 5.8847 6.505
      vertex 0.87059 4.37674 6.505
      vertex 1.08429 4.32875 6.505
    endloop
  endfacet
  facet normal 0 0 1
    outer loop
      vertex 1.17053 5.8847 6.505
      vertex 0.65477 4.4142 6.505
      vertex 0.87059 4.37674 6.505
    endloop
  endfacet
  facet normal 0 0 1
    outer loop
      vertex 0.588089 5.9711 6.505
      vertex 0.65477 4.4142 6.505
      vertex 1.17053 5.8847 6.505
    endloop
  endfacet
  facet normal 0 0 1
    outer loop
      vertex 0.588089 5.9711 6.505
      vertex 0.437393 4.44101 6.505
      vertex 0.65477 4.4142 6.505
    endloop
  endfacet
  facet normal 0 0 1
    outer loop
      vertex 0.588089 5.9711 6.505
      vertex 0.218964 4.45712 6.505
      vertex 0.437393 4.44101 6.505
    endloop
  endfacet
  facet normal 0 0 1
    outer loop
      vertex 0 6 6.505
      vertex 0.218964 4.45712 6.505
      vertex 0.588089 5.9711 6.505
    endloop
  endfacet
  facet normal 0 0 1
    outer loop
      vertex 0 6 6.505
      vertex 0 4.46249 6.505
      vertex 0.218964 4.45712 6.505
    endloop
  endfacet
  facet normal 0 0 1
    outer loop
      vertex 0 6 6.505
      vertex -0.218964 4.45712 6.505
      vertex 0 4.46249 6.505
    endloop
  endfacet
  facet normal -0 0 1
    outer loop
      vertex -0.588089 5.9711 6.505
      vertex -0.218964 4.45712 6.505
      vertex 0 6 6.505
    endloop
  endfacet
  facet normal 0 0 1
    outer loop
      vertex -0.218964 4.45712 6.505
      vertex -0.588089 5.9711 6.505
      vertex -0.437393 4.44101 6.505
    endloop
  endfacet
  facet normal 0 0 1
    outer loop
      vertex -0.588089 5.9711 6.505
      vertex -0.65477 4.4142 6.505
      vertex -0.437393 4.44101 6.505
    endloop
  endfacet
  facet normal -0 0 1
    outer loop
      vertex -1.17053 5.8847 6.505
      vertex -0.65477 4.4142 6.505
      vertex -0.588089 5.9711 6.505
    endloop
  endfacet
  facet normal 0 0 1
    outer loop
      vertex -0.65477 4.4142 6.505
      vertex -1.17053 5.8847 6.505
      vertex -0.87059 4.37674 6.505
    endloop
  endfacet
  facet normal 0 0 1
    outer loop
      vertex -0.87059 4.37674 6.505
      vertex -1.17053 5.8847 6.505
      vertex -1.08429 4.32875 6.505
    endloop
  endfacet
  facet normal -0 0 1
    outer loop
      vertex -1.7417 5.74164 6.505
      vertex -1.08429 4.32875 6.505
      vertex -1.17053 5.8847 6.505
    endloop
  endfacet
  facet normal 0 0 1
    outer loop
      vertex -1.08429 4.32875 6.505
      vertex -1.7417 5.74164 6.505
      vertex -1.29539 4.27034 6.505
    endloop
  endfacet
  facet normal 0 0 1
    outer loop
      vertex -1.29539 4.27034 6.505
      vertex -1.7417 5.74164 6.505
      vertex -1.50336 4.20163 6.505
    endloop
  endfacet
  facet normal -0 0 1
    outer loop
      vertex -2.2961 5.54327 6.505
      vertex -1.50336 4.20163 6.505
      vertex -1.7417 5.74164 6.505
    endloop
  endfacet
  facet normal 0 0 1
    outer loop
      vertex -1.50336 4.20163 6.505
      vertex -2.2961 5.54327 6.505
      vertex -1.70772 4.1228 6.505
    endloop
  endfacet
  facet normal 0 0 1
    outer loop
      vertex -1.70772 4.1228 6.505
      vertex -2.2961 5.54327 6.505
      vertex -1.90796 4.03404 6.505
    endloop
  endfacet
  facet normal -0 0 1
    outer loop
      vertex -2.82837 5.29152 6.505
      vertex -1.90796 4.03404 6.505
      vertex -2.2961 5.54327 6.505
    endloop
  endfacet
  facet normal 0 0 1
    outer loop
      vertex -1.90796 4.03404 6.505
      vertex -2.82837 5.29152 6.505
      vertex -2.10361 3.93556 6.505
    endloop
  endfacet
  facet normal 0 0 1
    outer loop
      vertex -2.10361 3.93556 6.505
      vertex -2.82837 5.29152 6.505
      vertex -2.29417 3.82761 6.505
    endloop
  endfacet
  facet normal -0 0 1
    outer loop
      vertex -3.33342 4.98882 6.505
      vertex -2.29417 3.82761 6.505
      vertex -2.82837 5.29152 6.505
    endloop
  endfacet
  facet normal 0 0 1
    outer loop
      vertex -2.29417 3.82761 6.505
      vertex -3.33342 4.98882 6.505
      vertex -2.47922 3.71042 6.505
    endloop
  endfacet
  facet normal 0 0 1
    outer loop
      vertex -2.47922 3.71042 6.505
      vertex -3.33342 4.98882 6.505
      vertex -2.65829 3.5843 6.505
    endloop
  endfacet
  facet normal -0 0 1
    outer loop
      vertex -3.80635 4.63806 6.505
      vertex -2.65829 3.5843 6.505
      vertex -3.33342 4.98882 6.505
    endloop
  endfacet
  facet normal 0 0 1
    outer loop
      vertex -2.65829 3.5843 6.505
      vertex -3.80635 4.63806 6.505
      vertex -2.83098 3.44955 6.505
    endloop
  endfacet
  facet normal 0 0 1
    outer loop
      vertex -2.83098 3.44955 6.505
      vertex -3.80635 4.63806 6.505
      vertex -2.99683 3.30649 6.505
    endloop
  endfacet
  facet normal -0 0 1
    outer loop
      vertex -4.24263 4.24263 6.505
      vertex -2.99683 3.30649 6.505
      vertex -3.80635 4.63806 6.505
    endloop
  endfacet
  facet normal 0 0 1
    outer loop
      vertex -2.99683 3.30649 6.505
      vertex -4.24263 4.24263 6.505
      vertex -3.15546 3.15546 6.505
    endloop
  endfacet
  facet normal 0 0 1
    outer loop
      vertex -3.15546 3.15546 6.505
      vertex -4.24263 4.24263 6.505
      vertex -3.30649 2.99683 6.505
    endloop
  endfacet
  facet normal -0 0 1
    outer loop
      vertex -4.63806 3.80635 6.505
      vertex -3.30649 2.99683 6.505
      vertex -4.24263 4.24263 6.505
    endloop
  endfacet
  facet normal 0 0 1
    outer loop
      vertex -3.30649 2.99683 6.505
      vertex -4.63806 3.80635 6.505
      vertex -3.44955 2.83098 6.505
    endloop
  endfacet
  facet normal 0 0 1
    outer loop
      vertex -3.44955 2.83098 6.505
      vertex -4.63806 3.80635 6.505
      vertex -3.5843 2.65829 6.505
    endloop
  endfacet
  facet normal -0 0 1
    outer loop
      vertex -4.98882 3.33342 6.505
      vertex -3.5843 2.65829 6.505
      vertex -4.63806 3.80635 6.505
    endloop
  endfacet
  facet normal 0 0 1
    outer loop
      vertex -3.5843 2.65829 6.505
      vertex -4.98882 3.33342 6.505
      vertex -3.71042 2.47922 6.505
    endloop
  endfacet
  facet normal 0 0 1
    outer loop
      vertex -3.71042 2.47922 6.505
      vertex -4.98882 3.33342 6.505
      vertex -3.82761 2.29417 6.505
    endloop
  endfacet
  facet normal -0 0 1
    outer loop
      vertex -5.29152 2.82837 6.505
      vertex -3.82761 2.29417 6.505
      vertex -4.98882 3.33342 6.505
    endloop
  endfacet
  facet normal 0 0 1
    outer loop
      vertex -3.82761 2.29417 6.505
      vertex -5.29152 2.82837 6.505
      vertex -3.93556 2.10361 6.505
    endloop
  endfacet
  facet normal 0 0 1
    outer loop
      vertex -3.93556 2.10361 6.505
      vertex -5.29152 2.82837 6.505
      vertex -4.03404 1.90796 6.505
    endloop
  endfacet
  facet normal -0 0 1
    outer loop
      vertex -5.54327 2.2961 6.505
      vertex -4.03404 1.90796 6.505
      vertex -5.29152 2.82837 6.505
    endloop
  endfacet
  facet normal 0 0 1
    outer loop
      vertex -4.03404 1.90796 6.505
      vertex -5.54327 2.2961 6.505
      vertex -4.1228 1.70772 6.505
    endloop
  endfacet
  facet normal 0 0 1
    outer loop
      vertex -4.1228 1.70772 6.505
      vertex -5.54327 2.2961 6.505
      vertex -4.20163 1.50336 6.505
    endloop
  endfacet
  facet normal -0 0 1
    outer loop
      vertex -5.74164 1.7417 6.505
      vertex -4.20163 1.50336 6.505
      vertex -5.54327 2.2961 6.505
    endloop
  endfacet
  facet normal 0 0 1
    outer loop
      vertex -4.20163 1.50336 6.505
      vertex -5.74164 1.7417 6.505
      vertex -4.27034 1.29539 6.505
    endloop
  endfacet
  facet normal -0 0 1
    outer loop
      vertex -5.8847 1.17053 6.505
      vertex -4.32875 1.08429 6.505
      vertex -5.74164 1.7417 6.505
    endloop
  endfacet
  facet normal 0 0 1
    outer loop
      vertex -4.27034 1.29539 6.505
      vertex -5.74164 1.7417 6.505
      vertex -4.32875 1.08429 6.505
    endloop
  endfacet
  facet normal 0 0 1
    outer loop
      vertex 5.29043 0.609589 6.505
      vertex 4.4142 0.65477 6.505
      vertex 5.24035 0.409683 6.505
    endloop
  endfacet
  facet normal 0 0 1
    outer loop
      vertex 5.35986 -0.803635 6.505
      vertex 5.09999 -3.14793 6.505
      vertex 5.1 -3.14791 6.505
    endloop
  endfacet
  facet normal 0 0 1
    outer loop
      vertex 4.37674 -0.87059 6.505
      vertex 5.20001 0 6.505
      vertex 4.4142 -0.65477 6.505
    endloop
  endfacet
  facet normal 0 0 1
    outer loop
      vertex 4.32875 -1.08429 6.505
      vertex 5.20001 0 6.505
      vertex 4.37674 -0.87059 6.505
    endloop
  endfacet
  facet normal 0 0 1
    outer loop
      vertex 5.20001 0 6.505
      vertex 4.32875 -1.08429 6.505
      vertex 5.09999 -3.14793 6.505
    endloop
  endfacet
  facet normal -0 0 1
    outer loop
      vertex 4.27034 -1.29539 6.505
      vertex 5.09999 -3.14793 6.505
      vertex 4.32875 -1.08429 6.505
    endloop
  endfacet
  facet normal -0 0 1
    outer loop
      vertex 4.20163 -1.50336 6.505
      vertex 5.09999 -3.14793 6.505
      vertex 4.27034 -1.29539 6.505
    endloop
  endfacet
  facet normal -0 0 1
    outer loop
      vertex 4.1228 -1.70772 6.505
      vertex 5.09999 -3.14793 6.505
      vertex 4.20163 -1.50336 6.505
    endloop
  endfacet
  facet normal -0 0 1
    outer loop
      vertex 4.03404 -1.90796 6.505
      vertex 5.09999 -3.14793 6.505
      vertex 4.1228 -1.70772 6.505
    endloop
  endfacet
  facet normal -0 0 1
    outer loop
      vertex 3.93556 -2.10361 6.505
      vertex 5.09999 -3.14793 6.505
      vertex 4.03404 -1.90796 6.505
    endloop
  endfacet
  facet normal -0 0 1
    outer loop
      vertex 3.82761 -2.29417 6.505
      vertex 5.09999 -3.14793 6.505
      vertex 3.93556 -2.10361 6.505
    endloop
  endfacet
  facet normal -0 0 1
    outer loop
      vertex 3.71042 -2.47922 6.505
      vertex 5.09999 -3.14793 6.505
      vertex 3.82761 -2.29417 6.505
    endloop
  endfacet
  facet normal 0 0 1
    outer loop
      vertex 5.09999 -3.14793 6.505
      vertex 4.46254 -4 6.505
      vertex 5.09999 -4 6.505
    endloop
  endfacet
  facet normal -0 0 1
    outer loop
      vertex 3.5843 -2.65829 6.505
      vertex 5.09999 -3.14793 6.505
      vertex 3.71042 -2.47922 6.505
    endloop
  endfacet
  facet normal 0 0 1
    outer loop
      vertex 5.09999 -3.14793 6.505
      vertex 3.5843 -2.65829 6.505
      vertex 4.46254 -4 6.505
    endloop
  endfacet
  facet normal -0 0 1
    outer loop
      vertex 3.44955 -2.83098 6.505
      vertex 4.46254 -4 6.505
      vertex 3.5843 -2.65829 6.505
    endloop
  endfacet
  facet normal -0 0 1
    outer loop
      vertex 3.30649 -2.99683 6.505
      vertex 4.46254 -4 6.505
      vertex 3.44955 -2.83098 6.505
    endloop
  endfacet
  facet normal 0 0 1
    outer loop
      vertex 4.46254 -4 6.505
      vertex 3.30649 -2.99683 6.505
      vertex 4.24263 -4.24263 6.505
    endloop
  endfacet
  facet normal -0 0 1
    outer loop
      vertex 3.15546 -3.15546 6.505
      vertex 4.24263 -4.24263 6.505
      vertex 3.30649 -2.99683 6.505
    endloop
  endfacet
  facet normal -0 0 1
    outer loop
      vertex 2.99683 -3.30649 6.505
      vertex 4.24263 -4.24263 6.505
      vertex 3.15546 -3.15546 6.505
    endloop
  endfacet
  facet normal 0 0 1
    outer loop
      vertex 4.24263 -4.24263 6.505
      vertex 2.99683 -3.30649 6.505
      vertex 3.80635 -4.63806 6.505
    endloop
  endfacet
  facet normal -0 0 1
    outer loop
      vertex 2.83098 -3.44955 6.505
      vertex 3.80635 -4.63806 6.505
      vertex 2.99683 -3.30649 6.505
    endloop
  endfacet
  facet normal -0 0 1
    outer loop
      vertex 2.65829 -3.5843 6.505
      vertex 3.80635 -4.63806 6.505
      vertex 2.83098 -3.44955 6.505
    endloop
  endfacet
  facet normal 0 0 1
    outer loop
      vertex 3.80635 -4.63806 6.505
      vertex 2.65829 -3.5843 6.505
      vertex 3.33342 -4.98882 6.505
    endloop
  endfacet
  facet normal -0 0 1
    outer loop
      vertex 2.47922 -3.71042 6.505
      vertex 3.33342 -4.98882 6.505
      vertex 2.65829 -3.5843 6.505
    endloop
  endfacet
  facet normal -0 0 1
    outer loop
      vertex 2.29417 -3.82761 6.505
      vertex 3.33342 -4.98882 6.505
      vertex 2.47922 -3.71042 6.505
    endloop
  endfacet
  facet normal 0 0 1
    outer loop
      vertex 3.33342 -4.98882 6.505
      vertex 2.29417 -3.82761 6.505
      vertex 2.82837 -5.29152 6.505
    endloop
  endfacet
  facet normal -0 0 1
    outer loop
      vertex 2.10361 -3.93556 6.505
      vertex 2.82837 -5.29152 6.505
      vertex 2.29417 -3.82761 6.505
    endloop
  endfacet
  facet normal -0 0 1
    outer loop
      vertex 1.90796 -4.03404 6.505
      vertex 2.82837 -5.29152 6.505
      vertex 2.10361 -3.93556 6.505
    endloop
  endfacet
  facet normal 0 0 1
    outer loop
      vertex 2.82837 -5.29152 6.505
      vertex 1.90796 -4.03404 6.505
      vertex 2.2961 -5.54327 6.505
    endloop
  endfacet
  facet normal -0 0 1
    outer loop
      vertex 1.70772 -4.1228 6.505
      vertex 2.2961 -5.54327 6.505
      vertex 1.90796 -4.03404 6.505
    endloop
  endfacet
  facet normal -0 0 1
    outer loop
      vertex 1.50336 -4.20163 6.505
      vertex 2.2961 -5.54327 6.505
      vertex 1.70772 -4.1228 6.505
    endloop
  endfacet
  facet normal 0 0 1
    outer loop
      vertex 2.2961 -5.54327 6.505
      vertex 1.50336 -4.20163 6.505
      vertex 1.7417 -5.74164 6.505
    endloop
  endfacet
  facet normal -0 0 1
    outer loop
      vertex 1.29539 -4.27034 6.505
      vertex 1.7417 -5.74164 6.505
      vertex 1.50336 -4.20163 6.505
    endloop
  endfacet
  facet normal -0 0 1
    outer loop
      vertex 1.08429 -4.32875 6.505
      vertex 1.7417 -5.74164 6.505
      vertex 1.29539 -4.27034 6.505
    endloop
  endfacet
  facet normal 0 0 1
    outer loop
      vertex 1.7417 -5.74164 6.505
      vertex 1.08429 -4.32875 6.505
      vertex 1.17053 -5.8847 6.505
    endloop
  endfacet
  facet normal -0 0 1
    outer loop
      vertex 0.87059 -4.37674 6.505
      vertex 1.17053 -5.8847 6.505
      vertex 1.08429 -4.32875 6.505
    endloop
  endfacet
  facet normal -0 0 1
    outer loop
      vertex 0.65477 -4.4142 6.505
      vertex 1.17053 -5.8847 6.505
      vertex 0.87059 -4.37674 6.505
    endloop
  endfacet
  facet normal 0 0 1
    outer loop
      vertex 0.65477 -4.4142 6.505
      vertex 0.588089 -5.9711 6.505
      vertex 1.17053 -5.8847 6.505
    endloop
  endfacet
  facet normal -0 0 1
    outer loop
      vertex 0.437393 -4.44101 6.505
      vertex 0.588089 -5.9711 6.505
      vertex 0.65477 -4.4142 6.505
    endloop
  endfacet
  facet normal -0 0 1
    outer loop
      vertex 0.218964 -4.45712 6.505
      vertex 0.588089 -5.9711 6.505
      vertex 0.437393 -4.44101 6.505
    endloop
  endfacet
  facet normal 0 0 1
    outer loop
      vertex 0 -6 6.505
      vertex 0.218964 -4.45712 6.505
      vertex 0 -4.46249 6.505
    endloop
  endfacet
  facet normal 0 0 1
    outer loop
      vertex 0.218964 -4.45712 6.505
      vertex 0 -6 6.505
      vertex 0.588089 -5.9711 6.505
    endloop
  endfacet
  facet normal 0 0 1
    outer loop
      vertex -0.218964 -4.45712 6.505
      vertex 0 -6 6.505
      vertex 0 -4.46249 6.505
    endloop
  endfacet
  facet normal 0 0 1
    outer loop
      vertex -0.588089 -5.9711 6.505
      vertex -0.218964 -4.45712 6.505
      vertex -0.437393 -4.44101 6.505
    endloop
  endfacet
  facet normal 0 0 1
    outer loop
      vertex -0.218964 -4.45712 6.505
      vertex -0.588089 -5.9711 6.505
      vertex 0 -6 6.505
    endloop
  endfacet
  facet normal 0 0 1
    outer loop
      vertex -0.65477 -4.4142 6.505
      vertex -0.588089 -5.9711 6.505
      vertex -0.437393 -4.44101 6.505
    endloop
  endfacet
  facet normal 0 0 1
    outer loop
      vertex -1.17053 -5.8847 6.505
      vertex -0.65477 -4.4142 6.505
      vertex -0.87059 -4.37674 6.505
    endloop
  endfacet
  facet normal 0 0 1
    outer loop
      vertex -1.17053 -5.8847 6.505
      vertex -0.87059 -4.37674 6.505
      vertex -1.08429 -4.32875 6.505
    endloop
  endfacet
  facet normal 0 0 1
    outer loop
      vertex -0.65477 -4.4142 6.505
      vertex -1.17053 -5.8847 6.505
      vertex -0.588089 -5.9711 6.505
    endloop
  endfacet
  facet normal 0 0 1
    outer loop
      vertex -1.7417 -5.74164 6.505
      vertex -1.08429 -4.32875 6.505
      vertex -1.29539 -4.27034 6.505
    endloop
  endfacet
  facet normal 0 0 1
    outer loop
      vertex -1.7417 -5.74164 6.505
      vertex -1.29539 -4.27034 6.505
      vertex -1.50336 -4.20163 6.505
    endloop
  endfacet
  facet normal 0 0 1
    outer loop
      vertex -2.2961 -5.54327 6.505
      vertex -1.50336 -4.20163 6.505
      vertex -1.70772 -4.1228 6.505
    endloop
  endfacet
  facet normal 0 0 1
    outer loop
      vertex -1.08429 -4.32875 6.505
      vertex -1.7417 -5.74164 6.505
      vertex -1.17053 -5.8847 6.505
    endloop
  endfacet
  facet normal 0 0 1
    outer loop
      vertex -2.2961 -5.54327 6.505
      vertex -1.70772 -4.1228 6.505
      vertex -1.90796 -4.03404 6.505
    endloop
  endfacet
  facet normal 0 0 1
    outer loop
      vertex -2.82837 -5.29152 6.505
      vertex -1.90796 -4.03404 6.505
      vertex -2.10361 -3.93556 6.505
    endloop
  endfacet
  facet normal 0 0 1
    outer loop
      vertex -2.82837 -5.29152 6.505
      vertex -2.10361 -3.93556 6.505
      vertex -2.29417 -3.82761 6.505
    endloop
  endfacet
  facet normal 0 0 1
    outer loop
      vertex -1.50336 -4.20163 6.505
      vertex -2.2961 -5.54327 6.505
      vertex -1.7417 -5.74164 6.505
    endloop
  endfacet
  facet normal 0 0 1
    outer loop
      vertex -3.33342 -4.98882 6.505
      vertex -2.29417 -3.82761 6.505
      vertex -2.47922 -3.71042 6.505
    endloop
  endfacet
  facet normal 0 0 1
    outer loop
      vertex -3.33342 -4.98882 6.505
      vertex -2.47922 -3.71042 6.505
      vertex -2.65829 -3.5843 6.505
    endloop
  endfacet
  facet normal 0 0 1
    outer loop
      vertex -1.90796 -4.03404 6.505
      vertex -2.82837 -5.29152 6.505
      vertex -2.2961 -5.54327 6.505
    endloop
  endfacet
  facet normal 0 0 1
    outer loop
      vertex -3.80635 -4.63806 6.505
      vertex -2.65829 -3.5843 6.505
      vertex -2.83098 -3.44955 6.505
    endloop
  endfacet
  facet normal 0 0 1
    outer loop
      vertex -3.80635 -4.63806 6.505
      vertex -2.83098 -3.44955 6.505
      vertex -2.99683 -3.30649 6.505
    endloop
  endfacet
  facet normal 0 0 1
    outer loop
      vertex -4.24263 -4.24263 6.505
      vertex -2.99683 -3.30649 6.505
      vertex -3.15546 -3.15546 6.505
    endloop
  endfacet
  facet normal 0 0 1
    outer loop
      vertex -4.24263 -4.24263 6.505
      vertex -3.15546 -3.15546 6.505
      vertex -3.30649 -2.99683 6.505
    endloop
  endfacet
  facet normal 0 0 1
    outer loop
      vertex -2.29417 -3.82761 6.505
      vertex -3.33342 -4.98882 6.505
      vertex -2.82837 -5.29152 6.505
    endloop
  endfacet
  facet normal 0 0 1
    outer loop
      vertex -4.63806 -3.80635 6.505
      vertex -3.30649 -2.99683 6.505
      vertex -3.44955 -2.83098 6.505
    endloop
  endfacet
  facet normal 0 0 1
    outer loop
      vertex -4.63806 -3.80635 6.505
      vertex -3.44955 -2.83098 6.505
      vertex -3.5843 -2.65829 6.505
    endloop
  endfacet
  facet normal 0 0 1
    outer loop
      vertex -4.98882 -3.33342 6.505
      vertex -3.5843 -2.65829 6.505
      vertex -3.71042 -2.47922 6.505
    endloop
  endfacet
  facet normal 0 0 1
    outer loop
      vertex -2.65829 -3.5843 6.505
      vertex -3.80635 -4.63806 6.505
      vertex -3.33342 -4.98882 6.505
    endloop
  endfacet
  facet normal 0 0 1
    outer loop
      vertex -4.98882 -3.33342 6.505
      vertex -3.71042 -2.47922 6.505
      vertex -3.82761 -2.29417 6.505
    endloop
  endfacet
  facet normal 0 0 1
    outer loop
      vertex -5.29152 -2.82837 6.505
      vertex -3.82761 -2.29417 6.505
      vertex -3.93556 -2.10361 6.505
    endloop
  endfacet
  facet normal 0 0 1
    outer loop
      vertex -5.29152 -2.82837 6.505
      vertex -3.93556 -2.10361 6.505
      vertex -4.03404 -1.90796 6.505
    endloop
  endfacet
  facet normal 0 0 1
    outer loop
      vertex -5.54327 -2.2961 6.505
      vertex -4.03404 -1.90796 6.505
      vertex -4.1228 -1.70772 6.505
    endloop
  endfacet
  facet normal 0 0 1
    outer loop
      vertex -5.54327 -2.2961 6.505
      vertex -4.1228 -1.70772 6.505
      vertex -4.20163 -1.50336 6.505
    endloop
  endfacet
  facet normal 0 0 1
    outer loop
      vertex -2.99683 -3.30649 6.505
      vertex -4.24263 -4.24263 6.505
      vertex -3.80635 -4.63806 6.505
    endloop
  endfacet
  facet normal 0 0 1
    outer loop
      vertex -5.74164 -1.7417 6.505
      vertex -4.20163 -1.50336 6.505
      vertex -4.27034 -1.29539 6.505
    endloop
  endfacet
  facet normal 0 0 1
    outer loop
      vertex -5.74164 -1.7417 6.505
      vertex -4.27034 -1.29539 6.505
      vertex -4.32875 -1.08429 6.505
    endloop
  endfacet
  facet normal 0 0 1
    outer loop
      vertex -5.8847 -1.17053 6.505
      vertex -4.32875 -1.08429 6.505
      vertex -4.37674 -0.87059 6.505
    endloop
  endfacet
  facet normal 0 0 1
    outer loop
      vertex -5.8847 -1.17053 6.505
      vertex -4.37674 -0.87059 6.505
      vertex -4.4142 -0.65477 6.505
    endloop
  endfacet
  facet normal -0 0 1
    outer loop
      vertex -5.9711 -0.588089 6.505
      vertex -4.4142 -0.65477 6.505
      vertex -4.44101 -0.437393 6.505
    endloop
  endfacet
  facet normal 0 0 1
    outer loop
      vertex -5.9711 -0.588089 6.505
      vertex -4.44101 -0.437393 6.505
      vertex -4.45712 -0.218964 6.505
    endloop
  endfacet
  facet normal 0 0 1
    outer loop
      vertex -4.32875 1.08429 6.505
      vertex -5.8847 1.17053 6.505
      vertex -4.37674 0.87059 6.505
    endloop
  endfacet
  facet normal 0 0 1
    outer loop
      vertex -3.30649 -2.99683 6.505
      vertex -4.63806 -3.80635 6.505
      vertex -4.24263 -4.24263 6.505
    endloop
  endfacet
  facet normal 0 0 1
    outer loop
      vertex -4.37674 0.87059 6.505
      vertex -5.8847 1.17053 6.505
      vertex -4.4142 0.65477 6.505
    endloop
  endfacet
  facet normal 0 0 1
    outer loop
      vertex -5.9711 0.588089 6.505
      vertex -4.4142 0.65477 6.505
      vertex -5.8847 1.17053 6.505
    endloop
  endfacet
  facet normal 0 0 1
    outer loop
      vertex -3.5843 -2.65829 6.505
      vertex -4.98882 -3.33342 6.505
      vertex -4.63806 -3.80635 6.505
    endloop
  endfacet
  facet normal 0 0 1
    outer loop
      vertex -4.4142 0.65477 6.505
      vertex -5.9711 0.588089 6.505
      vertex -4.44101 0.437393 6.505
    endloop
  endfacet
  facet normal 0 0 1
    outer loop
      vertex -3.82761 -2.29417 6.505
      vertex -5.29152 -2.82837 6.505
      vertex -4.98882 -3.33342 6.505
    endloop
  endfacet
  facet normal 0 0 1
    outer loop
      vertex -4.44101 0.437393 6.505
      vertex -5.9711 0.588089 6.505
      vertex -4.45712 0.218964 6.505
    endloop
  endfacet
  facet normal 0 0 1
    outer loop
      vertex -4.03404 -1.90796 6.505
      vertex -5.54327 -2.2961 6.505
      vertex -5.29152 -2.82837 6.505
    endloop
  endfacet
  facet normal 0 0 1
    outer loop
      vertex -6 0 6.505
      vertex -4.45712 0.218964 6.505
      vertex -5.9711 0.588089 6.505
    endloop
  endfacet
  facet normal 0 0 1
    outer loop
      vertex -4.20163 -1.50336 6.505
      vertex -5.74164 -1.7417 6.505
      vertex -5.54327 -2.2961 6.505
    endloop
  endfacet
  facet normal 0 0 1
    outer loop
      vertex -4.45712 0.218964 6.505
      vertex -6 0 6.505
      vertex -4.46249 0 6.505
    endloop
  endfacet
  facet normal 0 0 1
    outer loop
      vertex -4.32875 -1.08429 6.505
      vertex -5.8847 -1.17053 6.505
      vertex -5.74164 -1.7417 6.505
    endloop
  endfacet
  facet normal 0 0 1
    outer loop
      vertex -4.46249 0 6.505
      vertex -6 0 6.505
      vertex -4.45712 -0.218964 6.505
    endloop
  endfacet
  facet normal 0 0 1
    outer loop
      vertex -4.4142 -0.65477 6.505
      vertex -5.9711 -0.588089 6.505
      vertex -5.8847 -1.17053 6.505
    endloop
  endfacet
  facet normal 0 0 1
    outer loop
      vertex -4.45712 -0.218964 6.505
      vertex -6 0 6.505
      vertex -5.9711 -0.588089 6.505
    endloop
  endfacet
  facet normal 0 0 1
    outer loop
      vertex 8.14999 4 6.505
      vertex 8.10363 1.94014 6.505
      vertex 8.14999 1.91821 6.505
    endloop
  endfacet
  facet normal 0 0 1
    outer loop
      vertex 8.14999 4 6.505
      vertex 7.90959 2.00957 6.505
      vertex 8.10363 1.94014 6.505
    endloop
  endfacet
  facet normal 0 0 1
    outer loop
      vertex 8.14999 4 6.505
      vertex 7.70968 2.05965 6.505
      vertex 7.90959 2.00957 6.505
    endloop
  endfacet
  facet normal 0 0 1
    outer loop
      vertex 8.14999 4 6.505
      vertex 7.50583 2.08987 6.505
      vertex 7.70968 2.05965 6.505
    endloop
  endfacet
  facet normal 0 0 1
    outer loop
      vertex 8.14999 4 6.505
      vertex 7.3 2.09999 6.505
      vertex 7.50583 2.08987 6.505
    endloop
  endfacet
  facet normal -0 0 1
    outer loop
      vertex 6.45001 4 6.505
      vertex 7.3 2.09999 6.505
      vertex 8.14999 4 6.505
    endloop
  endfacet
  facet normal 0 0 1
    outer loop
      vertex 7.3 2.09999 6.505
      vertex 6.45001 4 6.505
      vertex 7.09417 2.08987 6.505
    endloop
  endfacet
  facet normal 0 0 1
    outer loop
      vertex 7.09417 2.08987 6.505
      vertex 6.45001 4 6.505
      vertex 6.89032 2.05965 6.505
    endloop
  endfacet
  facet normal 0 0 1
    outer loop
      vertex 6.89032 2.05965 6.505
      vertex 6.45001 4 6.505
      vertex 6.69041 2.00957 6.505
    endloop
  endfacet
  facet normal 0 0 1
    outer loop
      vertex 6.69041 2.00957 6.505
      vertex 6.45001 4 6.505
      vertex 6.49637 1.94014 6.505
    endloop
  endfacet
  facet normal 0 0 1
    outer loop
      vertex 6.49637 1.94014 6.505
      vertex 6.45001 4 6.505
      vertex 6.45001 1.91821 6.505
    endloop
  endfacet
  facet normal -1 0 0
    outer loop
      vertex 8.98999 0 4.305
      vertex 8.98999 4 6.505
      vertex 8.98999 4 4.305
    endloop
  endfacet
  facet normal -1 -0 0
    outer loop
      vertex 8.98999 4 6.505
      vertex 8.98999 0 4.305
      vertex 8.98999 0 6.505
    endloop
  endfacet
  facet normal 0 1 -0
    outer loop
      vertex 8.98999 0 4.305
      vertex 8.92749 0 6.505
      vertex 8.98999 0 6.505
    endloop
  endfacet
  facet normal 0 1 0
    outer loop
      vertex 8.92749 0 6.505
      vertex 8.98999 0 4.305
      vertex 8.92749 0 4.305
    endloop
  endfacet
  facet normal -1 0 0
    outer loop
      vertex 8.92749 -1.3266 4.305
      vertex 8.92749 0 6.505
      vertex 8.92749 0 4.305
    endloop
  endfacet
  facet normal -1 -0 0
    outer loop
      vertex 8.92749 0 6.505
      vertex 8.92749 -1.3266 4.305
      vertex 8.92749 -1.3266 6.505
    endloop
  endfacet
  facet normal -0.743063 0.669222 0
    outer loop
      vertex 8.78491 -1.48491 4.305
      vertex 8.92749 -1.3266 6.505
      vertex 8.92749 -1.3266 4.305
    endloop
  endfacet
  facet normal -0.743063 0.669222 0
    outer loop
      vertex 8.92749 -1.3266 6.505
      vertex 8.78491 -1.48491 4.305
      vertex 8.78491 -1.48491 6.505
    endloop
  endfacet
  facet normal -0.671607 0.740908 0
    outer loop
      vertex 8.78491 -1.48491 4.305
      vertex 8.63221 -1.62332 6.505
      vertex 8.78491 -1.48491 6.505
    endloop
  endfacet
  facet normal -0.671607 0.740908 0
    outer loop
      vertex 8.63221 -1.62332 6.505
      vertex 8.78491 -1.48491 4.305
      vertex 8.63221 -1.62332 4.305
    endloop
  endfacet
  facet normal -0.595679 0.803223 0
    outer loop
      vertex 8.63221 -1.62332 4.305
      vertex 8.46669 -1.74608 6.505
      vertex 8.63221 -1.62332 6.505
    endloop
  endfacet
  facet normal -0.595679 0.803223 0
    outer loop
      vertex 8.46669 -1.74608 6.505
      vertex 8.63221 -1.62332 4.305
      vertex 8.46669 -1.74608 4.305
    endloop
  endfacet
  facet normal -0.514093 0.857735 0
    outer loop
      vertex 8.46669 -1.74608 4.305
      vertex 8.28993 -1.85202 6.505
      vertex 8.46669 -1.74608 6.505
    endloop
  endfacet
  facet normal -0.514093 0.857735 0
    outer loop
      vertex 8.28993 -1.85202 6.505
      vertex 8.46669 -1.74608 4.305
      vertex 8.28993 -1.85202 4.305
    endloop
  endfacet
  facet normal -0.42759 0.903973 0
    outer loop
      vertex 8.28993 -1.85202 4.305
      vertex 8.10363 -1.94014 6.505
      vertex 8.28993 -1.85202 6.505
    endloop
  endfacet
  facet normal -0.42759 0.903973 0
    outer loop
      vertex 8.10363 -1.94014 6.505
      vertex 8.28993 -1.85202 4.305
      vertex 8.10363 -1.94014 4.305
    endloop
  endfacet
  facet normal -0.336876 0.941549 0
    outer loop
      vertex 8.10363 -1.94014 4.305
      vertex 7.90959 -2.00957 6.505
      vertex 8.10363 -1.94014 6.505
    endloop
  endfacet
  facet normal -0.336876 0.941549 0
    outer loop
      vertex 7.90959 -2.00957 6.505
      vertex 8.10363 -1.94014 4.305
      vertex 7.90959 -2.00957 4.305
    endloop
  endfacet
  facet normal -0.243006 0.970025 0
    outer loop
      vertex 7.90959 -2.00957 4.305
      vertex 7.70968 -2.05965 6.505
      vertex 7.90959 -2.00957 6.505
    endloop
  endfacet
  facet normal -0.243006 0.970025 0
    outer loop
      vertex 7.70968 -2.05965 6.505
      vertex 7.90959 -2.00957 4.305
      vertex 7.70968 -2.05965 4.305
    endloop
  endfacet
  facet normal -0.146675 0.989185 0
    outer loop
      vertex 7.70968 -2.05965 4.305
      vertex 7.50583 -2.08987 6.505
      vertex 7.70968 -2.05965 6.505
    endloop
  endfacet
  facet normal -0.146675 0.989185 0
    outer loop
      vertex 7.50583 -2.08987 6.505
      vertex 7.70968 -2.05965 4.305
      vertex 7.50583 -2.08987 4.305
    endloop
  endfacet
  facet normal -0.0490919 0.998794 0
    outer loop
      vertex 7.50583 -2.08987 4.305
      vertex 7.3 -2.09999 6.505
      vertex 7.50583 -2.08987 6.505
    endloop
  endfacet
  facet normal -0.0490919 0.998794 0
    outer loop
      vertex 7.3 -2.09999 6.505
      vertex 7.50583 -2.08987 4.305
      vertex 7.3 -2.09999 4.305
    endloop
  endfacet
  facet normal 0.0490919 0.998794 -0
    outer loop
      vertex 7.3 -2.09999 4.305
      vertex 7.09417 -2.08987 6.505
      vertex 7.3 -2.09999 6.505
    endloop
  endfacet
  facet normal 0.0490919 0.998794 0
    outer loop
      vertex 7.09417 -2.08987 6.505
      vertex 7.3 -2.09999 4.305
      vertex 7.09417 -2.08987 4.305
    endloop
  endfacet
  facet normal 0.146675 0.989185 -0
    outer loop
      vertex 7.09417 -2.08987 4.305
      vertex 6.89032 -2.05965 6.505
      vertex 7.09417 -2.08987 6.505
    endloop
  endfacet
  facet normal 0.146675 0.989185 0
    outer loop
      vertex 6.89032 -2.05965 6.505
      vertex 7.09417 -2.08987 4.305
      vertex 6.89032 -2.05965 4.305
    endloop
  endfacet
  facet normal 0.243006 0.970025 -0
    outer loop
      vertex 6.89032 -2.05965 4.305
      vertex 6.69041 -2.00957 6.505
      vertex 6.89032 -2.05965 6.505
    endloop
  endfacet
  facet normal 0.243006 0.970025 0
    outer loop
      vertex 6.69041 -2.00957 6.505
      vertex 6.89032 -2.05965 4.305
      vertex 6.69041 -2.00957 4.305
    endloop
  endfacet
  facet normal 0.336876 0.941549 -0
    outer loop
      vertex 6.69041 -2.00957 4.305
      vertex 6.49637 -1.94014 6.505
      vertex 6.69041 -2.00957 6.505
    endloop
  endfacet
  facet normal 0.336876 0.941549 0
    outer loop
      vertex 6.49637 -1.94014 6.505
      vertex 6.69041 -2.00957 4.305
      vertex 6.49637 -1.94014 4.305
    endloop
  endfacet
  facet normal 0.42759 0.903973 -0
    outer loop
      vertex 6.49637 -1.94014 4.305
      vertex 6.31007 -1.85202 6.505
      vertex 6.49637 -1.94014 6.505
    endloop
  endfacet
  facet normal 0.42759 0.903973 0
    outer loop
      vertex 6.31007 -1.85202 6.505
      vertex 6.49637 -1.94014 4.305
      vertex 6.31007 -1.85202 4.305
    endloop
  endfacet
  facet normal 0.514093 0.857735 -0
    outer loop
      vertex 6.31007 -1.85202 4.305
      vertex 6.13331 -1.74608 6.505
      vertex 6.31007 -1.85202 6.505
    endloop
  endfacet
  facet normal 0.514093 0.857735 0
    outer loop
      vertex 6.13331 -1.74608 6.505
      vertex 6.31007 -1.85202 4.305
      vertex 6.13331 -1.74608 4.305
    endloop
  endfacet
  facet normal 0.595679 0.803223 -0
    outer loop
      vertex 6.13331 -1.74608 4.305
      vertex 5.96779 -1.62332 6.505
      vertex 6.13331 -1.74608 6.505
    endloop
  endfacet
  facet normal 0.595679 0.803223 0
    outer loop
      vertex 5.96779 -1.62332 6.505
      vertex 6.13331 -1.74608 4.305
      vertex 5.96779 -1.62332 4.305
    endloop
  endfacet
  facet normal 0.671607 0.740908 -0
    outer loop
      vertex 5.96779 -1.62332 4.305
      vertex 5.81509 -1.48491 6.505
      vertex 5.96779 -1.62332 6.505
    endloop
  endfacet
  facet normal 0.671607 0.740908 0
    outer loop
      vertex 5.81509 -1.48491 6.505
      vertex 5.96779 -1.62332 4.305
      vertex 5.81509 -1.48491 4.305
    endloop
  endfacet
  facet normal 0.740908 0.671607 0
    outer loop
      vertex 5.81509 -1.48491 6.505
      vertex 5.67668 -1.33221 4.305
      vertex 5.67668 -1.33221 6.505
    endloop
  endfacet
  facet normal 0.740908 0.671607 0
    outer loop
      vertex 5.67668 -1.33221 4.305
      vertex 5.81509 -1.48491 6.505
      vertex 5.81509 -1.48491 4.305
    endloop
  endfacet
  facet normal 0.803223 0.595679 0
    outer loop
      vertex 5.67668 -1.33221 6.505
      vertex 5.55392 -1.16669 4.305
      vertex 5.55392 -1.16669 6.505
    endloop
  endfacet
  facet normal 0.803223 0.595679 0
    outer loop
      vertex 5.55392 -1.16669 4.305
      vertex 5.67668 -1.33221 6.505
      vertex 5.67668 -1.33221 4.305
    endloop
  endfacet
  facet normal 0.857735 0.514093 0
    outer loop
      vertex 5.55392 -1.16669 6.505
      vertex 5.44798 -0.989929 4.305
      vertex 5.44798 -0.989929 6.505
    endloop
  endfacet
  facet normal 0.857735 0.514093 0
    outer loop
      vertex 5.44798 -0.989929 4.305
      vertex 5.55392 -1.16669 6.505
      vertex 5.55392 -1.16669 4.305
    endloop
  endfacet
  facet normal 0.903973 0.42759 0
    outer loop
      vertex 5.44798 -0.989929 6.505
      vertex 5.35986 -0.803635 4.305
      vertex 5.35986 -0.803635 6.505
    endloop
  endfacet
  facet normal 0.903973 0.42759 0
    outer loop
      vertex 5.35986 -0.803635 4.305
      vertex 5.44798 -0.989929 6.505
      vertex 5.44798 -0.989929 4.305
    endloop
  endfacet
  facet normal 0.941549 0.336876 0
    outer loop
      vertex 5.35986 -0.803635 6.505
      vertex 5.29043 -0.609589 4.305
      vertex 5.29043 -0.609589 6.505
    endloop
  endfacet
  facet normal 0.941549 0.336876 0
    outer loop
      vertex 5.29043 -0.609589 4.305
      vertex 5.35986 -0.803635 6.505
      vertex 5.35986 -0.803635 4.305
    endloop
  endfacet
  facet normal 0.970025 0.243006 0
    outer loop
      vertex 5.29043 -0.609589 6.505
      vertex 5.24035 -0.409683 4.305
      vertex 5.24035 -0.409683 6.505
    endloop
  endfacet
  facet normal 0.970025 0.243006 0
    outer loop
      vertex 5.24035 -0.409683 4.305
      vertex 5.29043 -0.609589 6.505
      vertex 5.29043 -0.609589 4.305
    endloop
  endfacet
  facet normal 0.989185 0.146675 0
    outer loop
      vertex 5.24035 -0.409683 6.505
      vertex 5.21013 -0.205826 4.305
      vertex 5.21013 -0.205826 6.505
    endloop
  endfacet
  facet normal 0.989185 0.146675 0
    outer loop
      vertex 5.21013 -0.205826 4.305
      vertex 5.24035 -0.409683 6.505
      vertex 5.24035 -0.409683 4.305
    endloop
  endfacet
  facet normal 0.998794 0.0490919 0
    outer loop
      vertex 5.21013 -0.205826 6.505
      vertex 5.20001 0 4.305
      vertex 5.20001 0 6.505
    endloop
  endfacet
  facet normal 0.998794 0.0490919 0
    outer loop
      vertex 5.20001 0 4.305
      vertex 5.21013 -0.205826 6.505
      vertex 5.21013 -0.205826 4.305
    endloop
  endfacet
  facet normal 0.998794 -0.0490919 0
    outer loop
      vertex 5.20001 0 6.505
      vertex 5.21013 0.205826 4.305
      vertex 5.21013 0.205826 6.505
    endloop
  endfacet
  facet normal 0.998794 -0.0490919 0
    outer loop
      vertex 5.21013 0.205826 4.305
      vertex 5.20001 0 6.505
      vertex 5.20001 0 4.305
    endloop
  endfacet
  facet normal 0.989185 -0.146675 0
    outer loop
      vertex 5.21013 0.205826 6.505
      vertex 5.24035 0.409683 4.305
      vertex 5.24035 0.409683 6.505
    endloop
  endfacet
  facet normal 0.989185 -0.146675 0
    outer loop
      vertex 5.24035 0.409683 4.305
      vertex 5.21013 0.205826 6.505
      vertex 5.21013 0.205826 4.305
    endloop
  endfacet
  facet normal 0.970025 -0.243006 0
    outer loop
      vertex 5.24035 0.409683 6.505
      vertex 5.29043 0.609589 4.305
      vertex 5.29043 0.609589 6.505
    endloop
  endfacet
  facet normal 0.970025 -0.243006 0
    outer loop
      vertex 5.29043 0.609589 4.305
      vertex 5.24035 0.409683 6.505
      vertex 5.24035 0.409683 4.305
    endloop
  endfacet
  facet normal 0.941549 -0.336876 0
    outer loop
      vertex 5.29043 0.609589 6.505
      vertex 5.35986 0.803635 4.305
      vertex 5.35986 0.803635 6.505
    endloop
  endfacet
  facet normal 0.941549 -0.336876 0
    outer loop
      vertex 5.35986 0.803635 4.305
      vertex 5.29043 0.609589 6.505
      vertex 5.29043 0.609589 4.305
    endloop
  endfacet
  facet normal 0.903973 -0.42759 0
    outer loop
      vertex 5.35986 0.803635 6.505
      vertex 5.44798 0.989929 4.305
      vertex 5.44798 0.989929 6.505
    endloop
  endfacet
  facet normal 0.903973 -0.42759 0
    outer loop
      vertex 5.44798 0.989929 4.305
      vertex 5.35986 0.803635 6.505
      vertex 5.35986 0.803635 4.305
    endloop
  endfacet
  facet normal 0.857735 -0.514093 0
    outer loop
      vertex 5.44798 0.989929 6.505
      vertex 5.55392 1.16669 4.305
      vertex 5.55392 1.16669 6.505
    endloop
  endfacet
  facet normal 0.857735 -0.514093 0
    outer loop
      vertex 5.55392 1.16669 4.305
      vertex 5.44798 0.989929 6.505
      vertex 5.44798 0.989929 4.305
    endloop
  endfacet
  facet normal 0.803236 -0.595661 0
    outer loop
      vertex 5.55392 1.16669 6.505
      vertex 5.61001 1.24232 4.305
      vertex 5.61001 1.24232 6.505
    endloop
  endfacet
  facet normal 0.803236 -0.595661 0
    outer loop
      vertex 5.61001 1.24232 4.305
      vertex 5.55392 1.16669 6.505
      vertex 5.55392 1.16669 4.305
    endloop
  endfacet
  facet normal 1 -0 0
    outer loop
      vertex 5.61001 1.24232 6.505
      vertex 5.61001 1.24234 4.305
      vertex 5.61001 1.24234 6.505
    endloop
  endfacet
  facet normal 1 0 0
    outer loop
      vertex 5.61001 1.24234 4.305
      vertex 5.61001 1.24232 6.505
      vertex 5.61001 1.24232 4.305
    endloop
  endfacet
  facet normal 1 -0 0
    outer loop
      vertex 5.61001 2.10957 6.505
      vertex 5.61001 4 4.305
      vertex 5.61001 4 6.505
    endloop
  endfacet
  facet normal 1 0 0
    outer loop
      vertex 5.61001 4 4.305
      vertex 5.61001 2.10957 6.505
      vertex 5.61001 2.10957 4.305
    endloop
  endfacet
  facet normal -1 0 0
    outer loop
      vertex 6.45001 1.91821 4.305
      vertex 6.45001 4 6.505
      vertex 6.45001 4 4.305
    endloop
  endfacet
  facet normal -1 -0 0
    outer loop
      vertex 6.45001 4 6.505
      vertex 6.45001 1.91821 4.305
      vertex 6.45001 1.91821 6.505
    endloop
  endfacet
  facet normal 0.427587 -0.903974 0
    outer loop
      vertex 6.45001 1.91821 4.305
      vertex 6.49637 1.94014 6.505
      vertex 6.45001 1.91821 6.505
    endloop
  endfacet
  facet normal 0.427587 -0.903974 0
    outer loop
      vertex 6.49637 1.94014 6.505
      vertex 6.45001 1.91821 4.305
      vertex 6.49637 1.94014 4.305
    endloop
  endfacet
  facet normal 0.336876 -0.941549 0
    outer loop
      vertex 6.49637 1.94014 4.305
      vertex 6.69041 2.00957 6.505
      vertex 6.49637 1.94014 6.505
    endloop
  endfacet
  facet normal 0.336876 -0.941549 0
    outer loop
      vertex 6.69041 2.00957 6.505
      vertex 6.49637 1.94014 4.305
      vertex 6.69041 2.00957 4.305
    endloop
  endfacet
  facet normal 0.243006 -0.970025 0
    outer loop
      vertex 6.69041 2.00957 4.305
      vertex 6.89032 2.05965 6.505
      vertex 6.69041 2.00957 6.505
    endloop
  endfacet
  facet normal 0.243006 -0.970025 0
    outer loop
      vertex 6.89032 2.05965 6.505
      vertex 6.69041 2.00957 4.305
      vertex 6.89032 2.05965 4.305
    endloop
  endfacet
  facet normal 0.146675 -0.989185 0
    outer loop
      vertex 6.89032 2.05965 4.305
      vertex 7.09417 2.08987 6.505
      vertex 6.89032 2.05965 6.505
    endloop
  endfacet
  facet normal 0.146675 -0.989185 0
    outer loop
      vertex 7.09417 2.08987 6.505
      vertex 6.89032 2.05965 4.305
      vertex 7.09417 2.08987 4.305
    endloop
  endfacet
  facet normal 0.0490919 -0.998794 0
    outer loop
      vertex 7.09417 2.08987 4.305
      vertex 7.3 2.09999 6.505
      vertex 7.09417 2.08987 6.505
    endloop
  endfacet
  facet normal 0.0490919 -0.998794 0
    outer loop
      vertex 7.3 2.09999 6.505
      vertex 7.09417 2.08987 4.305
      vertex 7.3 2.09999 4.305
    endloop
  endfacet
  facet normal -0.0490919 -0.998794 0
    outer loop
      vertex 7.3 2.09999 4.305
      vertex 7.50583 2.08987 6.505
      vertex 7.3 2.09999 6.505
    endloop
  endfacet
  facet normal -0.0490919 -0.998794 -0
    outer loop
      vertex 7.50583 2.08987 6.505
      vertex 7.3 2.09999 4.305
      vertex 7.50583 2.08987 4.305
    endloop
  endfacet
  facet normal -0.146675 -0.989185 0
    outer loop
      vertex 7.50583 2.08987 4.305
      vertex 7.70968 2.05965 6.505
      vertex 7.50583 2.08987 6.505
    endloop
  endfacet
  facet normal -0.146675 -0.989185 -0
    outer loop
      vertex 7.70968 2.05965 6.505
      vertex 7.50583 2.08987 4.305
      vertex 7.70968 2.05965 4.305
    endloop
  endfacet
  facet normal -0.243006 -0.970025 0
    outer loop
      vertex 7.70968 2.05965 4.305
      vertex 7.90959 2.00957 6.505
      vertex 7.70968 2.05965 6.505
    endloop
  endfacet
  facet normal -0.243006 -0.970025 -0
    outer loop
      vertex 7.90959 2.00957 6.505
      vertex 7.70968 2.05965 4.305
      vertex 7.90959 2.00957 4.305
    endloop
  endfacet
  facet normal -0.336876 -0.941549 0
    outer loop
      vertex 7.90959 2.00957 4.305
      vertex 8.10363 1.94014 6.505
      vertex 7.90959 2.00957 6.505
    endloop
  endfacet
  facet normal -0.336876 -0.941549 -0
    outer loop
      vertex 8.10363 1.94014 6.505
      vertex 7.90959 2.00957 4.305
      vertex 8.10363 1.94014 4.305
    endloop
  endfacet
  facet normal -0.427587 -0.903974 0
    outer loop
      vertex 8.10363 1.94014 4.305
      vertex 8.14999 1.91821 6.505
      vertex 8.10363 1.94014 6.505
    endloop
  endfacet
  facet normal -0.427587 -0.903974 -0
    outer loop
      vertex 8.14999 1.91821 6.505
      vertex 8.10363 1.94014 4.305
      vertex 8.14999 1.91821 4.305
    endloop
  endfacet
  facet normal 1 -0 0
    outer loop
      vertex 8.14999 1.91821 6.505
      vertex 8.14999 4 4.305
      vertex 8.14999 4 6.505
    endloop
  endfacet
  facet normal 1 0 0
    outer loop
      vertex 8.14999 4 4.305
      vertex 8.14999 1.91821 6.505
      vertex 8.14999 1.91821 4.305
    endloop
  endfacet
  facet normal 0 0 -1
    outer loop
      vertex 13.9 -4 0
      vertex 13.3275 0 0
      vertex 13.9 4 0
    endloop
  endfacet
  facet normal 0 0 -1
    outer loop
      vertex 13.9 -4 0
      vertex 13.3197 -0.159515 0
      vertex 13.3275 0 0
    endloop
  endfacet
  facet normal 0 0 -1
    outer loop
      vertex 13.9 -4 0
      vertex 13.2962 -0.317505 0
      vertex 13.3197 -0.159515 0
    endloop
  endfacet
  facet normal 0 0 -1
    outer loop
      vertex 13.9 -4 0
      vertex 13.2574 -0.472427 0
      vertex 13.2962 -0.317505 0
    endloop
  endfacet
  facet normal 0 0 -1
    outer loop
      vertex 13.9 -4 0
      vertex 13.2036 -0.622803 0
      vertex 13.2574 -0.472427 0
    endloop
  endfacet
  facet normal 0 0 -1
    outer loop
      vertex 13.9 -4 0
      vertex 13.1353 -0.767197 0
      vertex 13.2036 -0.622803 0
    endloop
  endfacet
  facet normal 0 0 -1
    outer loop
      vertex 13.9 -4 0
      vertex 13.0532 -0.90419 0
      vertex 13.1353 -0.767197 0
    endloop
  endfacet
  facet normal 0 0 -1
    outer loop
      vertex 13.9 -4 0
      vertex 12.9581 -1.03247 0
      vertex 13.0532 -0.90419 0
    endloop
  endfacet
  facet normal 0 0 -1
    outer loop
      vertex 13.9 -4 0
      vertex 12.8508 -1.1508 0
      vertex 12.9581 -1.03247 0
    endloop
  endfacet
  facet normal 0 0 -1
    outer loop
      vertex 13.9 -4 0
      vertex 12.7325 -1.25807 0
      vertex 12.8508 -1.1508 0
    endloop
  endfacet
  facet normal 0 0 -1
    outer loop
      vertex 13.9 -4 0
      vertex 12.6042 -1.35321 0
      vertex 12.7325 -1.25807 0
    endloop
  endfacet
  facet normal 0 0 -1
    outer loop
      vertex 13.9 -4 0
      vertex 12.4672 -1.43532 0
      vertex 12.6042 -1.35321 0
    endloop
  endfacet
  facet normal 0 0 -1
    outer loop
      vertex 13.9 -4 0
      vertex 12.3228 -1.5036 0
      vertex 12.4672 -1.43532 0
    endloop
  endfacet
  facet normal 0 0 -1
    outer loop
      vertex 13.9 -4 0
      vertex 12.1724 -1.55742 0
      vertex 12.3228 -1.5036 0
    endloop
  endfacet
  facet normal 0 0 -1
    outer loop
      vertex 13.9 -4 0
      vertex 12.0175 -1.59622 0
      vertex 12.1724 -1.55742 0
    endloop
  endfacet
  facet normal 0 0 -1
    outer loop
      vertex 13.9 -4 0
      vertex 11.8595 -1.61966 0
      vertex 12.0175 -1.59622 0
    endloop
  endfacet
  facet normal 0 0 -1
    outer loop
      vertex 13.9 -4 0
      vertex 11.7 -1.62749 0
      vertex 11.8595 -1.61966 0
    endloop
  endfacet
  facet normal 0 0 -1
    outer loop
      vertex 9.5 -4 0
      vertex 11.7 -1.62749 0
      vertex 13.9 -4 0
    endloop
  endfacet
  facet normal -0 0 -1
    outer loop
      vertex 11.7 -1.62749 0
      vertex 9.5 -4 0
      vertex 11.5405 -1.61966 0
    endloop
  endfacet
  facet normal -0 0 -1
    outer loop
      vertex 11.5405 -1.61966 0
      vertex 9.5 -4 0
      vertex 11.3825 -1.59622 0
    endloop
  endfacet
  facet normal -0 0 -1
    outer loop
      vertex 11.3825 -1.59622 0
      vertex 9.5 -4 0
      vertex 11.2276 -1.55742 0
    endloop
  endfacet
  facet normal -0 0 -1
    outer loop
      vertex 11.2276 -1.55742 0
      vertex 9.5 -4 0
      vertex 11.0772 -1.5036 0
    endloop
  endfacet
  facet normal -0 0 -1
    outer loop
      vertex 11.0772 -1.5036 0
      vertex 9.5 -4 0
      vertex 10.9328 -1.43532 0
    endloop
  endfacet
  facet normal -0 0 -1
    outer loop
      vertex 10.9328 -1.43532 0
      vertex 9.5 -4 0
      vertex 10.7958 -1.35321 0
    endloop
  endfacet
  facet normal -0 0 -1
    outer loop
      vertex 10.0803 -0.159515 0
      vertex 9.5 -4 0
      vertex 10.0725 0 0
    endloop
  endfacet
  facet normal -0 0 -1
    outer loop
      vertex 10.1038 -0.317505 0
      vertex 9.5 -4 0
      vertex 10.0803 -0.159515 0
    endloop
  endfacet
  facet normal -0 0 -1
    outer loop
      vertex 10.1426 -0.472427 0
      vertex 9.5 -4 0
      vertex 10.1038 -0.317505 0
    endloop
  endfacet
  facet normal -0 0 -1
    outer loop
      vertex 10.1964 -0.622803 0
      vertex 9.5 -4 0
      vertex 10.1426 -0.472427 0
    endloop
  endfacet
  facet normal -0 0 -1
    outer loop
      vertex 10.2647 -0.767197 0
      vertex 9.5 -4 0
      vertex 10.1964 -0.622803 0
    endloop
  endfacet
  facet normal -0 0 -1
    outer loop
      vertex 10.3468 -0.90419 0
      vertex 9.5 -4 0
      vertex 10.2647 -0.767197 0
    endloop
  endfacet
  facet normal -0 0 -1
    outer loop
      vertex 10.4419 -1.03247 0
      vertex 9.5 -4 0
      vertex 10.3468 -0.90419 0
    endloop
  endfacet
  facet normal -0 0 -1
    outer loop
      vertex 10.5492 -1.1508 0
      vertex 9.5 -4 0
      vertex 10.4419 -1.03247 0
    endloop
  endfacet
  facet normal -0 0 -1
    outer loop
      vertex 10.6675 -1.25807 0
      vertex 9.5 -4 0
      vertex 10.5492 -1.1508 0
    endloop
  endfacet
  facet normal -0 0 -1
    outer loop
      vertex 10.7958 -1.35321 0
      vertex 9.5 -4 0
      vertex 10.6675 -1.25807 0
    endloop
  endfacet
  facet normal 0 0 -1
    outer loop
      vertex 13.3197 0.159515 0
      vertex 13.9 4 0
      vertex 13.3275 0 0
    endloop
  endfacet
  facet normal 0 0 -1
    outer loop
      vertex 13.2962 0.317505 0
      vertex 13.9 4 0
      vertex 13.3197 0.159515 0
    endloop
  endfacet
  facet normal 0 0 -1
    outer loop
      vertex 13.2574 0.472427 0
      vertex 13.9 4 0
      vertex 13.2962 0.317505 0
    endloop
  endfacet
  facet normal 0 0 -1
    outer loop
      vertex 13.2036 0.622803 0
      vertex 13.9 4 0
      vertex 13.2574 0.472427 0
    endloop
  endfacet
  facet normal 0 0 -1
    outer loop
      vertex 13.1353 0.767197 0
      vertex 13.9 4 0
      vertex 13.2036 0.622803 0
    endloop
  endfacet
  facet normal 0 0 -1
    outer loop
      vertex 13.0532 0.90419 0
      vertex 13.9 4 0
      vertex 13.1353 0.767197 0
    endloop
  endfacet
  facet normal 0 0 -1
    outer loop
      vertex 12.9581 1.03247 0
      vertex 13.9 4 0
      vertex 13.0532 0.90419 0
    endloop
  endfacet
  facet normal 0 0 -1
    outer loop
      vertex 12.8508 1.1508 0
      vertex 13.9 4 0
      vertex 12.9581 1.03247 0
    endloop
  endfacet
  facet normal 0 0 -1
    outer loop
      vertex 12.7325 1.25807 0
      vertex 13.9 4 0
      vertex 12.8508 1.1508 0
    endloop
  endfacet
  facet normal 0 0 -1
    outer loop
      vertex 12.6042 1.35321 0
      vertex 13.9 4 0
      vertex 12.7325 1.25807 0
    endloop
  endfacet
  facet normal 0 0 -1
    outer loop
      vertex 12.4672 1.43532 0
      vertex 13.9 4 0
      vertex 12.6042 1.35321 0
    endloop
  endfacet
  facet normal 0 0 -1
    outer loop
      vertex 12.3228 1.5036 0
      vertex 13.9 4 0
      vertex 12.4672 1.43532 0
    endloop
  endfacet
  facet normal 0 0 -1
    outer loop
      vertex 12.1724 1.55742 0
      vertex 13.9 4 0
      vertex 12.3228 1.5036 0
    endloop
  endfacet
  facet normal 0 0 -1
    outer loop
      vertex 12.0175 1.59622 0
      vertex 13.9 4 0
      vertex 12.1724 1.55742 0
    endloop
  endfacet
  facet normal 0 0 -1
    outer loop
      vertex 11.8595 1.61966 0
      vertex 13.9 4 0
      vertex 12.0175 1.59622 0
    endloop
  endfacet
  facet normal 0 0 -1
    outer loop
      vertex 11.7 1.62749 0
      vertex 13.9 4 0
      vertex 11.8595 1.61966 0
    endloop
  endfacet
  facet normal 0 0 -1
    outer loop
      vertex 9.5 4 0
      vertex 11.7 1.62749 0
      vertex 11.5405 1.61966 0
    endloop
  endfacet
  facet normal 0 0 -1
    outer loop
      vertex 9.5 4 0
      vertex 11.5405 1.61966 0
      vertex 11.3825 1.59622 0
    endloop
  endfacet
  facet normal 0 0 -1
    outer loop
      vertex 9.5 4 0
      vertex 11.3825 1.59622 0
      vertex 11.2276 1.55742 0
    endloop
  endfacet
  facet normal 0 0 -1
    outer loop
      vertex 9.5 4 0
      vertex 11.2276 1.55742 0
      vertex 11.0772 1.5036 0
    endloop
  endfacet
  facet normal 0 0 -1
    outer loop
      vertex 9.5 4 0
      vertex 11.0772 1.5036 0
      vertex 10.9328 1.43532 0
    endloop
  endfacet
  facet normal 0 0 -1
    outer loop
      vertex 9.5 4 0
      vertex 10.9328 1.43532 0
      vertex 10.7958 1.35321 0
    endloop
  endfacet
  facet normal 0 0 -1
    outer loop
      vertex 9.5 4 0
      vertex 10.7958 1.35321 0
      vertex 10.6675 1.25807 0
    endloop
  endfacet
  facet normal 0 0 -1
    outer loop
      vertex 9.5 4 0
      vertex 10.0725 0 0
      vertex 9.5 -4 0
    endloop
  endfacet
  facet normal 0 0 -1
    outer loop
      vertex 11.7 1.62749 0
      vertex 9.5 4 0
      vertex 13.9 4 0
    endloop
  endfacet
  facet normal 0 0 -1
    outer loop
      vertex 10.5492 1.1508 0
      vertex 9.5 4 0
      vertex 10.6675 1.25807 0
    endloop
  endfacet
  facet normal 0 0 -1
    outer loop
      vertex 10.4419 1.03247 0
      vertex 9.5 4 0
      vertex 10.5492 1.1508 0
    endloop
  endfacet
  facet normal 0 0 -1
    outer loop
      vertex 10.3468 0.90419 0
      vertex 9.5 4 0
      vertex 10.4419 1.03247 0
    endloop
  endfacet
  facet normal 0 0 -1
    outer loop
      vertex 10.2647 0.767197 0
      vertex 9.5 4 0
      vertex 10.3468 0.90419 0
    endloop
  endfacet
  facet normal 0 0 -1
    outer loop
      vertex 10.1964 0.622803 0
      vertex 9.5 4 0
      vertex 10.2647 0.767197 0
    endloop
  endfacet
  facet normal 0 0 -1
    outer loop
      vertex 10.1426 0.472427 0
      vertex 9.5 4 0
      vertex 10.1964 0.622803 0
    endloop
  endfacet
  facet normal 0 0 -1
    outer loop
      vertex 10.1038 0.317505 0
      vertex 9.5 4 0
      vertex 10.1426 0.472427 0
    endloop
  endfacet
  facet normal 0 0 -1
    outer loop
      vertex 10.0803 0.159515 0
      vertex 9.5 4 0
      vertex 10.1038 0.317505 0
    endloop
  endfacet
  facet normal 0 0 -1
    outer loop
      vertex 10.0725 0 0
      vertex 9.5 4 0
      vertex 10.0803 0.159515 0
    endloop
  endfacet
  facet normal -0 0 1
    outer loop
      vertex 10.01 4 4.305
      vertex 10.85 1.91821 4.305
      vertex 10.85 4 4.305
    endloop
  endfacet
  facet normal 0 0 1
    outer loop
      vertex 10.01 1.24232 4.305
      vertex 10.85 1.91821 4.305
      vertex 10.01 4 4.305
    endloop
  endfacet
  facet normal 0 -0 1
    outer loop
      vertex 10.6675 1.25807 4.305
      vertex 10.85 1.91821 4.305
      vertex 10.01 1.24232 4.305
    endloop
  endfacet
  facet normal 0 0 1
    outer loop
      vertex 10.6675 1.25807 4.305
      vertex 10.01 1.24232 4.305
      vertex 10.5492 1.1508 4.305
    endloop
  endfacet
  facet normal 0 0 1
    outer loop
      vertex 10.5492 1.1508 4.305
      vertex 10.01 1.24232 4.305
      vertex 10.4419 1.03247 4.305
    endloop
  endfacet
  facet normal 0 0 1
    outer loop
      vertex 10.4419 1.03247 4.305
      vertex 10.01 1.24232 4.305
      vertex 10.3468 0.90419 4.305
    endloop
  endfacet
  facet normal -0 0 1
    outer loop
      vertex 9.95392 1.16669 4.305
      vertex 10.3468 0.90419 4.305
      vertex 10.01 1.24232 4.305
    endloop
  endfacet
  facet normal 0 0 1
    outer loop
      vertex 10.3468 0.90419 4.305
      vertex 9.95392 1.16669 4.305
      vertex 10.2647 0.767197 4.305
    endloop
  endfacet
  facet normal -0 0 1
    outer loop
      vertex 9.84798 0.989929 4.305
      vertex 10.2647 0.767197 4.305
      vertex 9.95392 1.16669 4.305
    endloop
  endfacet
  facet normal -0 0 1
    outer loop
      vertex 9.75986 0.803635 4.305
      vertex 10.1964 0.622803 4.305
      vertex 9.84798 0.989929 4.305
    endloop
  endfacet
  facet normal 0 0 1
    outer loop
      vertex 10.2647 0.767197 4.305
      vertex 9.84798 0.989929 4.305
      vertex 10.1964 0.622803 4.305
    endloop
  endfacet
  facet normal 0 0 1
    outer loop
      vertex 10.85 1.91821 4.305
      vertex 10.6675 1.25807 4.305
      vertex 10.7958 1.35321 4.305
    endloop
  endfacet
  facet normal -0 0 1
    outer loop
      vertex 13.2962 0.317505 4.305
      vertex 13.39 0 4.305
      vertex 13.39 4 4.305
    endloop
  endfacet
  facet normal 0 0 1
    outer loop
      vertex 13.39 0 4.305
      vertex 13.3197 0.159515 4.305
      vertex 13.3275 0 4.305
    endloop
  endfacet
  facet normal 0 0 1
    outer loop
      vertex 13.39 0 4.305
      vertex 13.2962 0.317505 4.305
      vertex 13.3197 0.159515 4.305
    endloop
  endfacet
  facet normal 0 0 1
    outer loop
      vertex 13.39 4 4.305
      vertex 13.2574 0.472427 4.305
      vertex 13.2962 0.317505 4.305
    endloop
  endfacet
  facet normal 0 0 1
    outer loop
      vertex 13.39 4 4.305
      vertex 13.2036 0.622803 4.305
      vertex 13.2574 0.472427 4.305
    endloop
  endfacet
  facet normal 0 0 1
    outer loop
      vertex 13.39 4 4.305
      vertex 13.1353 0.767197 4.305
      vertex 13.2036 0.622803 4.305
    endloop
  endfacet
  facet normal 0 0 1
    outer loop
      vertex 13.39 4 4.305
      vertex 13.0532 0.90419 4.305
      vertex 13.1353 0.767197 4.305
    endloop
  endfacet
  facet normal 0 0 1
    outer loop
      vertex 13.39 4 4.305
      vertex 12.9581 1.03247 4.305
      vertex 13.0532 0.90419 4.305
    endloop
  endfacet
  facet normal -0 0 1
    outer loop
      vertex 12.55 1.91821 4.305
      vertex 12.9581 1.03247 4.305
      vertex 13.39 4 4.305
    endloop
  endfacet
  facet normal 0 0 1
    outer loop
      vertex 12.9581 1.03247 4.305
      vertex 12.55 1.91821 4.305
      vertex 12.8508 1.1508 4.305
    endloop
  endfacet
  facet normal 0 0 1
    outer loop
      vertex 12.8508 1.1508 4.305
      vertex 12.55 1.91821 4.305
      vertex 12.7325 1.25807 4.305
    endloop
  endfacet
  facet normal 0 0 1
    outer loop
      vertex 12.55 1.91821 4.305
      vertex 13.39 4 4.305
      vertex 12.55 4 4.305
    endloop
  endfacet
  facet normal 0 0 1
    outer loop
      vertex 12.7325 1.25807 4.305
      vertex 12.55 1.91821 4.305
      vertex 12.6042 1.35321 4.305
    endloop
  endfacet
  facet normal 0 0 1
    outer loop
      vertex 12.3228 1.5036 4.305
      vertex 12.55 1.91821 4.305
      vertex 12.5036 1.94014 4.305
    endloop
  endfacet
  facet normal 0 0 1
    outer loop
      vertex 12.55 1.91821 4.305
      vertex 12.4672 1.43532 4.305
      vertex 12.6042 1.35321 4.305
    endloop
  endfacet
  facet normal 0 0 1
    outer loop
      vertex 12.55 1.91821 4.305
      vertex 12.3228 1.5036 4.305
      vertex 12.4672 1.43532 4.305
    endloop
  endfacet
  facet normal 0 0 1
    outer loop
      vertex 12.3096 2.00957 4.305
      vertex 12.3228 1.5036 4.305
      vertex 12.5036 1.94014 4.305
    endloop
  endfacet
  facet normal 0 0 1
    outer loop
      vertex 12.3096 2.00957 4.305
      vertex 12.1724 1.55742 4.305
      vertex 12.3228 1.5036 4.305
    endloop
  endfacet
  facet normal 0 0 1
    outer loop
      vertex 12.1097 2.05965 4.305
      vertex 12.1724 1.55742 4.305
      vertex 12.3096 2.00957 4.305
    endloop
  endfacet
  facet normal 0 0 1
    outer loop
      vertex 12.1097 2.05965 4.305
      vertex 12.0175 1.59622 4.305
      vertex 12.1724 1.55742 4.305
    endloop
  endfacet
  facet normal 0 0 1
    outer loop
      vertex 11.9058 2.08987 4.305
      vertex 12.0175 1.59622 4.305
      vertex 12.1097 2.05965 4.305
    endloop
  endfacet
  facet normal 0 0 1
    outer loop
      vertex 11.9058 2.08987 4.305
      vertex 11.8595 1.61966 4.305
      vertex 12.0175 1.59622 4.305
    endloop
  endfacet
  facet normal 0 0 1
    outer loop
      vertex 11.7 2.09999 4.305
      vertex 11.8595 1.61966 4.305
      vertex 11.9058 2.08987 4.305
    endloop
  endfacet
  facet normal 0 0 1
    outer loop
      vertex 11.7 2.09999 4.305
      vertex 11.7 1.62749 4.305
      vertex 11.8595 1.61966 4.305
    endloop
  endfacet
  facet normal 0 0 1
    outer loop
      vertex 11.7 2.09999 4.305
      vertex 11.5405 1.61966 4.305
      vertex 11.7 1.62749 4.305
    endloop
  endfacet
  facet normal -0 0 1
    outer loop
      vertex 11.4942 2.08987 4.305
      vertex 11.5405 1.61966 4.305
      vertex 11.7 2.09999 4.305
    endloop
  endfacet
  facet normal 0 0 1
    outer loop
      vertex 11.4942 2.08987 4.305
      vertex 11.3825 1.59622 4.305
      vertex 11.5405 1.61966 4.305
    endloop
  endfacet
  facet normal -0 0 1
    outer loop
      vertex 11.2903 2.05965 4.305
      vertex 11.3825 1.59622 4.305
      vertex 11.4942 2.08987 4.305
    endloop
  endfacet
  facet normal 0 0 1
    outer loop
      vertex 11.2903 2.05965 4.305
      vertex 11.2276 1.55742 4.305
      vertex 11.3825 1.59622 4.305
    endloop
  endfacet
  facet normal -0 0 1
    outer loop
      vertex 11.0904 2.00957 4.305
      vertex 11.2276 1.55742 4.305
      vertex 11.2903 2.05965 4.305
    endloop
  endfacet
  facet normal 0 0 1
    outer loop
      vertex 11.0904 2.00957 4.305
      vertex 11.0772 1.5036 4.305
      vertex 11.2276 1.55742 4.305
    endloop
  endfacet
  facet normal -0 0 1
    outer loop
      vertex 10.8964 1.94014 4.305
      vertex 11.0772 1.5036 4.305
      vertex 11.0904 2.00957 4.305
    endloop
  endfacet
  facet normal -0 0 1
    outer loop
      vertex 10.85 1.91821 4.305
      vertex 11.0772 1.5036 4.305
      vertex 10.8964 1.94014 4.305
    endloop
  endfacet
  facet normal 0 0 1
    outer loop
      vertex 11.0772 1.5036 4.305
      vertex 10.85 1.91821 4.305
      vertex 10.9328 1.43532 4.305
    endloop
  endfacet
  facet normal 0 0 1
    outer loop
      vertex 10.9328 1.43532 4.305
      vertex 10.85 1.91821 4.305
      vertex 10.7958 1.35321 4.305
    endloop
  endfacet
  facet normal -0 0 1
    outer loop
      vertex 13.3197 -0.159515 4.305
      vertex 13.3275 -1.3266 4.305
      vertex 13.3275 0 4.305
    endloop
  endfacet
  facet normal -0 0 1
    outer loop
      vertex 13.2962 -0.317505 4.305
      vertex 13.3275 -1.3266 4.305
      vertex 13.3197 -0.159515 4.305
    endloop
  endfacet
  facet normal -0 0 1
    outer loop
      vertex 13.2574 -0.472427 4.305
      vertex 13.3275 -1.3266 4.305
      vertex 13.2962 -0.317505 4.305
    endloop
  endfacet
  facet normal -0 0 1
    outer loop
      vertex 13.2036 -0.622803 4.305
      vertex 13.3275 -1.3266 4.305
      vertex 13.2574 -0.472427 4.305
    endloop
  endfacet
  facet normal -0 0 1
    outer loop
      vertex 13.1353 -0.767197 4.305
      vertex 13.3275 -1.3266 4.305
      vertex 13.2036 -0.622803 4.305
    endloop
  endfacet
  facet normal -0 0 1
    outer loop
      vertex 13.0532 -0.90419 4.305
      vertex 13.3275 -1.3266 4.305
      vertex 13.1353 -0.767197 4.305
    endloop
  endfacet
  facet normal -0 0 1
    outer loop
      vertex 12.9581 -1.03247 4.305
      vertex 13.3275 -1.3266 4.305
      vertex 13.0532 -0.90419 4.305
    endloop
  endfacet
  facet normal 0 0 1
    outer loop
      vertex 13.3275 -1.3266 4.305
      vertex 12.9581 -1.03247 4.305
      vertex 13.1849 -1.48491 4.305
    endloop
  endfacet
  facet normal -0 0 1
    outer loop
      vertex 12.8508 -1.1508 4.305
      vertex 13.1849 -1.48491 4.305
      vertex 12.9581 -1.03247 4.305
    endloop
  endfacet
  facet normal 0 0 1
    outer loop
      vertex 13.1849 -1.48491 4.305
      vertex 12.8508 -1.1508 4.305
      vertex 13.0322 -1.62332 4.305
    endloop
  endfacet
  facet normal -0 0 1
    outer loop
      vertex 12.7325 -1.25807 4.305
      vertex 13.0322 -1.62332 4.305
      vertex 12.8508 -1.1508 4.305
    endloop
  endfacet
  facet normal 0 0 1
    outer loop
      vertex 13.0322 -1.62332 4.305
      vertex 12.7325 -1.25807 4.305
      vertex 12.8667 -1.74608 4.305
    endloop
  endfacet
  facet normal -0 0 1
    outer loop
      vertex 12.6042 -1.35321 4.305
      vertex 12.8667 -1.74608 4.305
      vertex 12.7325 -1.25807 4.305
    endloop
  endfacet
  facet normal 0 0 1
    outer loop
      vertex 12.8667 -1.74608 4.305
      vertex 12.6042 -1.35321 4.305
      vertex 12.6899 -1.85202 4.305
    endloop
  endfacet
  facet normal -0 0 1
    outer loop
      vertex 12.4672 -1.43532 4.305
      vertex 12.6899 -1.85202 4.305
      vertex 12.6042 -1.35321 4.305
    endloop
  endfacet
  facet normal 0 0 1
    outer loop
      vertex 12.6899 -1.85202 4.305
      vertex 12.4672 -1.43532 4.305
      vertex 12.5036 -1.94014 4.305
    endloop
  endfacet
  facet normal -0 0 1
    outer loop
      vertex 12.3228 -1.5036 4.305
      vertex 12.5036 -1.94014 4.305
      vertex 12.4672 -1.43532 4.305
    endloop
  endfacet
  facet normal 0 0 1
    outer loop
      vertex 12.3228 -1.5036 4.305
      vertex 12.3096 -2.00957 4.305
      vertex 12.5036 -1.94014 4.305
    endloop
  endfacet
  facet normal -0 0 1
    outer loop
      vertex 12.1724 -1.55742 4.305
      vertex 12.3096 -2.00957 4.305
      vertex 12.3228 -1.5036 4.305
    endloop
  endfacet
  facet normal 0 0 1
    outer loop
      vertex 12.1724 -1.55742 4.305
      vertex 12.1097 -2.05965 4.305
      vertex 12.3096 -2.00957 4.305
    endloop
  endfacet
  facet normal -0 0 1
    outer loop
      vertex 12.0175 -1.59622 4.305
      vertex 12.1097 -2.05965 4.305
      vertex 12.1724 -1.55742 4.305
    endloop
  endfacet
  facet normal 0 0 1
    outer loop
      vertex 12.0175 -1.59622 4.305
      vertex 11.9058 -2.08987 4.305
      vertex 12.1097 -2.05965 4.305
    endloop
  endfacet
  facet normal -0 0 1
    outer loop
      vertex 11.8595 -1.61966 4.305
      vertex 11.9058 -2.08987 4.305
      vertex 12.0175 -1.59622 4.305
    endloop
  endfacet
  facet normal -0 0 1
    outer loop
      vertex 11.7 -1.62749 4.305
      vertex 11.9058 -2.08987 4.305
      vertex 11.8595 -1.61966 4.305
    endloop
  endfacet
  facet normal 0 0 1
    outer loop
      vertex 11.7 -1.62749 4.305
      vertex 11.7 -2.09999 4.305
      vertex 11.9058 -2.08987 4.305
    endloop
  endfacet
  facet normal 0 0 1
    outer loop
      vertex 11.5405 -1.61966 4.305
      vertex 11.7 -2.09999 4.305
      vertex 11.7 -1.62749 4.305
    endloop
  endfacet
  facet normal 0 0 1
    outer loop
      vertex 11.5405 -1.61966 4.305
      vertex 11.4942 -2.08987 4.305
      vertex 11.7 -2.09999 4.305
    endloop
  endfacet
  facet normal 0 0 1
    outer loop
      vertex 11.3825 -1.59622 4.305
      vertex 11.4942 -2.08987 4.305
      vertex 11.5405 -1.61966 4.305
    endloop
  endfacet
  facet normal 0 0 1
    outer loop
      vertex 11.3825 -1.59622 4.305
      vertex 11.2903 -2.05965 4.305
      vertex 11.4942 -2.08987 4.305
    endloop
  endfacet
  facet normal 0 0 1
    outer loop
      vertex 11.2276 -1.55742 4.305
      vertex 11.2903 -2.05965 4.305
      vertex 11.3825 -1.59622 4.305
    endloop
  endfacet
  facet normal 0 0 1
    outer loop
      vertex 11.2276 -1.55742 4.305
      vertex 11.0904 -2.00957 4.305
      vertex 11.2903 -2.05965 4.305
    endloop
  endfacet
  facet normal 0 0 1
    outer loop
      vertex 11.0772 -1.5036 4.305
      vertex 11.0904 -2.00957 4.305
      vertex 11.2276 -1.55742 4.305
    endloop
  endfacet
  facet normal 0 0 1
    outer loop
      vertex 10.8964 -1.94014 4.305
      vertex 11.0772 -1.5036 4.305
      vertex 10.9328 -1.43532 4.305
    endloop
  endfacet
  facet normal 0 0 1
    outer loop
      vertex 11.0772 -1.5036 4.305
      vertex 10.8964 -1.94014 4.305
      vertex 11.0904 -2.00957 4.305
    endloop
  endfacet
  facet normal 0 0 1
    outer loop
      vertex 10.7101 -1.85202 4.305
      vertex 10.9328 -1.43532 4.305
      vertex 10.7958 -1.35321 4.305
    endloop
  endfacet
  facet normal 0 0 1
    outer loop
      vertex 10.9328 -1.43532 4.305
      vertex 10.7101 -1.85202 4.305
      vertex 10.8964 -1.94014 4.305
    endloop
  endfacet
  facet normal 0 0 1
    outer loop
      vertex 10.5333 -1.74608 4.305
      vertex 10.7958 -1.35321 4.305
      vertex 10.6675 -1.25807 4.305
    endloop
  endfacet
  facet normal 0 0 1
    outer loop
      vertex 10.3678 -1.62332 4.305
      vertex 10.6675 -1.25807 4.305
      vertex 10.5492 -1.1508 4.305
    endloop
  endfacet
  facet normal 0 0 1
    outer loop
      vertex 10.7958 -1.35321 4.305
      vertex 10.5333 -1.74608 4.305
      vertex 10.7101 -1.85202 4.305
    endloop
  endfacet
  facet normal 0 0 1
    outer loop
      vertex 10.2151 -1.48491 4.305
      vertex 10.5492 -1.1508 4.305
      vertex 10.4419 -1.03247 4.305
    endloop
  endfacet
  facet normal 0 0 1
    outer loop
      vertex 10.6675 -1.25807 4.305
      vertex 10.3678 -1.62332 4.305
      vertex 10.5333 -1.74608 4.305
    endloop
  endfacet
  facet normal 0 0 1
    outer loop
      vertex 10.0767 -1.33221 4.305
      vertex 10.4419 -1.03247 4.305
      vertex 10.3468 -0.90419 4.305
    endloop
  endfacet
  facet normal 0 0 1
    outer loop
      vertex 9.95392 -1.16669 4.305
      vertex 10.3468 -0.90419 4.305
      vertex 10.2647 -0.767197 4.305
    endloop
  endfacet
  facet normal 0 0 1
    outer loop
      vertex 10.5492 -1.1508 4.305
      vertex 10.2151 -1.48491 4.305
      vertex 10.3678 -1.62332 4.305
    endloop
  endfacet
  facet normal 0 0 1
    outer loop
      vertex 9.84798 -0.989929 4.305
      vertex 10.2647 -0.767197 4.305
      vertex 10.1964 -0.622803 4.305
    endloop
  endfacet
  facet normal 0 0 1
    outer loop
      vertex 9.75986 -0.803635 4.305
      vertex 10.1964 -0.622803 4.305
      vertex 10.1426 -0.472427 4.305
    endloop
  endfacet
  facet normal 0 0 1
    outer loop
      vertex 9.69043 -0.609589 4.305
      vertex 10.1426 -0.472427 4.305
      vertex 10.1038 -0.317505 4.305
    endloop
  endfacet
  facet normal 0 0 1
    outer loop
      vertex 9.64035 -0.409683 4.305
      vertex 10.1038 -0.317505 4.305
      vertex 10.0803 -0.159515 4.305
    endloop
  endfacet
  facet normal 0 0 1
    outer loop
      vertex 10.4419 -1.03247 4.305
      vertex 10.0767 -1.33221 4.305
      vertex 10.2151 -1.48491 4.305
    endloop
  endfacet
  facet normal 0 0 1
    outer loop
      vertex 9.61013 -0.205826 4.305
      vertex 10.0803 -0.159515 4.305
      vertex 10.0725 0 4.305
    endloop
  endfacet
  facet normal 0 0 1
    outer loop
      vertex 10.1964 0.622803 4.305
      vertex 9.75986 0.803635 4.305
      vertex 10.1426 0.472427 4.305
    endloop
  endfacet
  facet normal -0 0 1
    outer loop
      vertex 9.69043 0.609589 4.305
      vertex 10.1426 0.472427 4.305
      vertex 9.75986 0.803635 4.305
    endloop
  endfacet
  facet normal 0 0 1
    outer loop
      vertex 10.1426 0.472427 4.305
      vertex 9.69043 0.609589 4.305
      vertex 10.1038 0.317505 4.305
    endloop
  endfacet
  facet normal 0 0 1
    outer loop
      vertex 10.3468 -0.90419 4.305
      vertex 9.95392 -1.16669 4.305
      vertex 10.0767 -1.33221 4.305
    endloop
  endfacet
  facet normal -0 0 1
    outer loop
      vertex 9.64035 0.409683 4.305
      vertex 10.1038 0.317505 4.305
      vertex 9.69043 0.609589 4.305
    endloop
  endfacet
  facet normal 0 0 1
    outer loop
      vertex 10.2647 -0.767197 4.305
      vertex 9.84798 -0.989929 4.305
      vertex 9.95392 -1.16669 4.305
    endloop
  endfacet
  facet normal 0 0 1
    outer loop
      vertex 10.1038 0.317505 4.305
      vertex 9.64035 0.409683 4.305
      vertex 10.0803 0.159515 4.305
    endloop
  endfacet
  facet normal 0 0 1
    outer loop
      vertex 10.1964 -0.622803 4.305
      vertex 9.75986 -0.803635 4.305
      vertex 9.84798 -0.989929 4.305
    endloop
  endfacet
  facet normal -0 0 1
    outer loop
      vertex 9.61013 0.205826 4.305
      vertex 10.0803 0.159515 4.305
      vertex 9.64035 0.409683 4.305
    endloop
  endfacet
  facet normal 0 0 1
    outer loop
      vertex 10.1426 -0.472427 4.305
      vertex 9.69043 -0.609589 4.305
      vertex 9.75986 -0.803635 4.305
    endloop
  endfacet
  facet normal 0 0 1
    outer loop
      vertex 10.0803 0.159515 4.305
      vertex 9.61013 0.205826 4.305
      vertex 10.0725 0 4.305
    endloop
  endfacet
  facet normal 0 0 1
    outer loop
      vertex 10.1038 -0.317505 4.305
      vertex 9.64035 -0.409683 4.305
      vertex 9.69043 -0.609589 4.305
    endloop
  endfacet
  facet normal 0 0 1
    outer loop
      vertex 9.60001 0 4.305
      vertex 10.0725 0 4.305
      vertex 9.61013 0.205826 4.305
    endloop
  endfacet
  facet normal 0 0 1
    outer loop
      vertex 10.0803 -0.159515 4.305
      vertex 9.61013 -0.205826 4.305
      vertex 9.64035 -0.409683 4.305
    endloop
  endfacet
  facet normal 0 0 1
    outer loop
      vertex 10.0725 0 4.305
      vertex 9.60001 0 4.305
      vertex 9.61013 -0.205826 4.305
    endloop
  endfacet
  facet normal 0 1 0
    outer loop
      vertex 13.9 4 6.505
      vertex 13.39 4 4.305
      vertex 13.39 4 6.505
    endloop
  endfacet
  facet normal 0 1 0
    outer loop
      vertex 13.9 4 0
      vertex 12.55 4 4.305
      vertex 13.39 4 4.305
    endloop
  endfacet
  facet normal 0 1 0
    outer loop
      vertex 12.55 4 4.305
      vertex 13.9 4 0
      vertex 10.85 4 4.305
    endloop
  endfacet
  facet normal 0 1 0
    outer loop
      vertex 9.5 4 0
      vertex 10.85 4 4.305
      vertex 13.9 4 0
    endloop
  endfacet
  facet normal 0 1 -0
    outer loop
      vertex 13.9 4 0
      vertex 13.39 4 4.305
      vertex 13.9 4 6.505
    endloop
  endfacet
  facet normal 0 1 -0
    outer loop
      vertex 12.55 4 4.305
      vertex 10.85 4 6.505
      vertex 12.55 4 6.505
    endloop
  endfacet
  facet normal 0 1 0
    outer loop
      vertex 10.85 4 6.505
      vertex 12.55 4 4.305
      vertex 10.85 4 4.305
    endloop
  endfacet
  facet normal 0 1 -0
    outer loop
      vertex 10.01 4 4.305
      vertex 9.5 4 6.505
      vertex 10.01 4 6.505
    endloop
  endfacet
  facet normal 0 1 0
    outer loop
      vertex 10.01 4 4.305
      vertex 9.5 4 0
      vertex 9.5 4 6.505
    endloop
  endfacet
  facet normal 0 1 0
    outer loop
      vertex 10.85 4 4.305
      vertex 9.5 4 0
      vertex 10.01 4 4.305
    endloop
  endfacet
  facet normal -1 0 0
    outer loop
      vertex 9.5 -4 0
      vertex 9.5 4 6.505
      vertex 9.5 4 0
    endloop
  endfacet
  facet normal -1 -0 0
    outer loop
      vertex 9.5 4 6.505
      vertex 9.5 -4 0
      vertex 9.5 -4 6.505
    endloop
  endfacet
  facet normal 0 -1 0
    outer loop
      vertex 9.5 -4 0
      vertex 13.9 -4 6.505
      vertex 9.5 -4 6.505
    endloop
  endfacet
  facet normal 0 -1 -0
    outer loop
      vertex 13.9 -4 6.505
      vertex 9.5 -4 0
      vertex 13.9 -4 0
    endloop
  endfacet
  facet normal 1 -0 0
    outer loop
      vertex 13.9 -4 6.505
      vertex 13.9 4 0
      vertex 13.9 4 6.505
    endloop
  endfacet
  facet normal 1 0 0
    outer loop
      vertex 13.9 4 0
      vertex 13.9 -4 6.505
      vertex 13.9 -4 0
    endloop
  endfacet
  facet normal 0.146743 0.989175 -0
    outer loop
      vertex 11.5405 -1.61966 0
      vertex 11.3825 -1.59622 4.305
      vertex 11.5405 -1.61966 4.305
    endloop
  endfacet
  facet normal 0.146743 0.989175 0
    outer loop
      vertex 11.3825 -1.59622 4.305
      vertex 11.5405 -1.61966 0
      vertex 11.3825 -1.59622 0
    endloop
  endfacet
  facet normal 0.242963 0.970036 -0
    outer loop
      vertex 11.3825 -1.59622 0
      vertex 11.2276 -1.55742 4.305
      vertex 11.3825 -1.59622 4.305
    endloop
  endfacet
  facet normal 0.242963 0.970036 0
    outer loop
      vertex 11.2276 -1.55742 4.305
      vertex 11.3825 -1.59622 0
      vertex 11.2276 -1.55742 0
    endloop
  endfacet
  facet normal 0.33696 0.941519 -0
    outer loop
      vertex 11.2276 -1.55742 0
      vertex 11.0772 -1.5036 4.305
      vertex 11.2276 -1.55742 4.305
    endloop
  endfacet
  facet normal 0.33696 0.941519 0
    outer loop
      vertex 11.0772 -1.5036 4.305
      vertex 11.2276 -1.55742 0
      vertex 11.0772 -1.5036 0
    endloop
  endfacet
  facet normal 0.427503 0.904014 -0
    outer loop
      vertex 11.0772 -1.5036 0
      vertex 10.9328 -1.43532 4.305
      vertex 11.0772 -1.5036 4.305
    endloop
  endfacet
  facet normal 0.427503 0.904014 0
    outer loop
      vertex 10.9328 -1.43532 4.305
      vertex 11.0772 -1.5036 0
      vertex 10.9328 -1.43532 0
    endloop
  endfacet
  facet normal 0.514088 0.857737 -0
    outer loop
      vertex 10.9328 -1.43532 0
      vertex 10.7958 -1.35321 4.305
      vertex 10.9328 -1.43532 4.305
    endloop
  endfacet
  facet normal 0.514088 0.857737 0
    outer loop
      vertex 10.7958 -1.35321 4.305
      vertex 10.9328 -1.43532 0
      vertex 10.7958 -1.35321 0
    endloop
  endfacet
  facet normal 0.595696 0.80321 -0
    outer loop
      vertex 10.7958 -1.35321 0
      vertex 10.6675 -1.25807 4.305
      vertex 10.7958 -1.35321 4.305
    endloop
  endfacet
  facet normal 0.595696 0.80321 0
    outer loop
      vertex 10.6675 -1.25807 4.305
      vertex 10.7958 -1.35321 0
      vertex 10.6675 -1.25807 0
    endloop
  endfacet
  facet normal 0.671626 0.74089 -0
    outer loop
      vertex 10.6675 -1.25807 0
      vertex 10.5492 -1.1508 4.305
      vertex 10.6675 -1.25807 4.305
    endloop
  endfacet
  facet normal 0.671626 0.74089 0
    outer loop
      vertex 10.5492 -1.1508 4.305
      vertex 10.6675 -1.25807 0
      vertex 10.5492 -1.1508 0
    endloop
  endfacet
  facet normal 0.74089 0.671626 0
    outer loop
      vertex 10.5492 -1.1508 4.305
      vertex 10.4419 -1.03247 0
      vertex 10.4419 -1.03247 4.305
    endloop
  endfacet
  facet normal 0.74089 0.671626 0
    outer loop
      vertex 10.4419 -1.03247 0
      vertex 10.5492 -1.1508 4.305
      vertex 10.5492 -1.1508 0
    endloop
  endfacet
  facet normal 0.80321 0.595696 0
    outer loop
      vertex 10.4419 -1.03247 4.305
      vertex 10.3468 -0.90419 0
      vertex 10.3468 -0.90419 4.305
    endloop
  endfacet
  facet normal 0.80321 0.595696 0
    outer loop
      vertex 10.3468 -0.90419 0
      vertex 10.4419 -1.03247 4.305
      vertex 10.4419 -1.03247 0
    endloop
  endfacet
  facet normal 0.857737 0.514088 0
    outer loop
      vertex 10.3468 -0.90419 4.305
      vertex 10.2647 -0.767197 0
      vertex 10.2647 -0.767197 4.305
    endloop
  endfacet
  facet normal 0.857737 0.514088 0
    outer loop
      vertex 10.2647 -0.767197 0
      vertex 10.3468 -0.90419 4.305
      vertex 10.3468 -0.90419 0
    endloop
  endfacet
  facet normal 0.904014 0.427503 0
    outer loop
      vertex 10.2647 -0.767197 4.305
      vertex 10.1964 -0.622803 0
      vertex 10.1964 -0.622803 4.305
    endloop
  endfacet
  facet normal 0.904014 0.427503 0
    outer loop
      vertex 10.1964 -0.622803 0
      vertex 10.2647 -0.767197 4.305
      vertex 10.2647 -0.767197 0
    endloop
  endfacet
  facet normal 0.941519 0.33696 0
    outer loop
      vertex 10.1964 -0.622803 4.305
      vertex 10.1426 -0.472427 0
      vertex 10.1426 -0.472427 4.305
    endloop
  endfacet
  facet normal 0.941519 0.33696 0
    outer loop
      vertex 10.1426 -0.472427 0
      vertex 10.1964 -0.622803 4.305
      vertex 10.1964 -0.622803 0
    endloop
  endfacet
  facet normal 0.970036 0.242963 0
    outer loop
      vertex 10.1426 -0.472427 4.305
      vertex 10.1038 -0.317505 0
      vertex 10.1038 -0.317505 4.305
    endloop
  endfacet
  facet normal 0.970036 0.242963 0
    outer loop
      vertex 10.1038 -0.317505 0
      vertex 10.1426 -0.472427 4.305
      vertex 10.1426 -0.472427 0
    endloop
  endfacet
  facet normal 0.989175 0.146743 0
    outer loop
      vertex 10.1038 -0.317505 4.305
      vertex 10.0803 -0.159515 0
      vertex 10.0803 -0.159515 4.305
    endloop
  endfacet
  facet normal 0.989175 0.146743 0
    outer loop
      vertex 10.0803 -0.159515 0
      vertex 10.1038 -0.317505 4.305
      vertex 10.1038 -0.317505 0
    endloop
  endfacet
  facet normal 0.998798 0.0490131 0
    outer loop
      vertex 10.0803 -0.159515 4.305
      vertex 10.0725 0 0
      vertex 10.0725 0 4.305
    endloop
  endfacet
  facet normal 0.998798 0.0490131 0
    outer loop
      vertex 10.0725 0 0
      vertex 10.0803 -0.159515 4.305
      vertex 10.0803 -0.159515 0
    endloop
  endfacet
  facet normal 0.998798 -0.0490131 0
    outer loop
      vertex 10.0725 0 4.305
      vertex 10.0803 0.159515 0
      vertex 10.0803 0.159515 4.305
    endloop
  endfacet
  facet normal 0.998798 -0.0490131 0
    outer loop
      vertex 10.0803 0.159515 0
      vertex 10.0725 0 4.305
      vertex 10.0725 0 0
    endloop
  endfacet
  facet normal 0.989175 -0.146743 0
    outer loop
      vertex 10.0803 0.159515 4.305
      vertex 10.1038 0.317505 0
      vertex 10.1038 0.317505 4.305
    endloop
  endfacet
  facet normal 0.989175 -0.146743 0
    outer loop
      vertex 10.1038 0.317505 0
      vertex 10.0803 0.159515 4.305
      vertex 10.0803 0.159515 0
    endloop
  endfacet
  facet normal 0.970036 -0.242963 0
    outer loop
      vertex 10.1038 0.317505 4.305
      vertex 10.1426 0.472427 0
      vertex 10.1426 0.472427 4.305
    endloop
  endfacet
  facet normal 0.970036 -0.242963 0
    outer loop
      vertex 10.1426 0.472427 0
      vertex 10.1038 0.317505 4.305
      vertex 10.1038 0.317505 0
    endloop
  endfacet
  facet normal 0.941519 -0.33696 0
    outer loop
      vertex 10.1426 0.472427 4.305
      vertex 10.1964 0.622803 0
      vertex 10.1964 0.622803 4.305
    endloop
  endfacet
  facet normal 0.941519 -0.33696 0
    outer loop
      vertex 10.1964 0.622803 0
      vertex 10.1426 0.472427 4.305
      vertex 10.1426 0.472427 0
    endloop
  endfacet
  facet normal 0.904014 -0.427503 0
    outer loop
      vertex 10.1964 0.622803 4.305
      vertex 10.2647 0.767197 0
      vertex 10.2647 0.767197 4.305
    endloop
  endfacet
  facet normal 0.904014 -0.427503 0
    outer loop
      vertex 10.2647 0.767197 0
      vertex 10.1964 0.622803 4.305
      vertex 10.1964 0.622803 0
    endloop
  endfacet
  facet normal 0.857737 -0.514088 0
    outer loop
      vertex 10.2647 0.767197 4.305
      vertex 10.3468 0.90419 0
      vertex 10.3468 0.90419 4.305
    endloop
  endfacet
  facet normal 0.857737 -0.514088 0
    outer loop
      vertex 10.3468 0.90419 0
      vertex 10.2647 0.767197 4.305
      vertex 10.2647 0.767197 0
    endloop
  endfacet
  facet normal 0.80321 -0.595696 0
    outer loop
      vertex 10.3468 0.90419 4.305
      vertex 10.4419 1.03247 0
      vertex 10.4419 1.03247 4.305
    endloop
  endfacet
  facet normal 0.80321 -0.595696 0
    outer loop
      vertex 10.4419 1.03247 0
      vertex 10.3468 0.90419 4.305
      vertex 10.3468 0.90419 0
    endloop
  endfacet
  facet normal 0.74089 -0.671626 0
    outer loop
      vertex 10.4419 1.03247 4.305
      vertex 10.5492 1.1508 0
      vertex 10.5492 1.1508 4.305
    endloop
  endfacet
  facet normal 0.74089 -0.671626 0
    outer loop
      vertex 10.5492 1.1508 0
      vertex 10.4419 1.03247 4.305
      vertex 10.4419 1.03247 0
    endloop
  endfacet
  facet normal 0.671626 -0.74089 0
    outer loop
      vertex 10.5492 1.1508 0
      vertex 10.6675 1.25807 4.305
      vertex 10.5492 1.1508 4.305
    endloop
  endfacet
  facet normal 0.671626 -0.74089 0
    outer loop
      vertex 10.6675 1.25807 4.305
      vertex 10.5492 1.1508 0
      vertex 10.6675 1.25807 0
    endloop
  endfacet
  facet normal 0.595696 -0.80321 0
    outer loop
      vertex 10.6675 1.25807 0
      vertex 10.7958 1.35321 4.305
      vertex 10.6675 1.25807 4.305
    endloop
  endfacet
  facet normal 0.595696 -0.80321 0
    outer loop
      vertex 10.7958 1.35321 4.305
      vertex 10.6675 1.25807 0
      vertex 10.7958 1.35321 0
    endloop
  endfacet
  facet normal 0.514088 -0.857737 0
    outer loop
      vertex 10.7958 1.35321 0
      vertex 10.9328 1.43532 4.305
      vertex 10.7958 1.35321 4.305
    endloop
  endfacet
  facet normal 0.514088 -0.857737 0
    outer loop
      vertex 10.9328 1.43532 4.305
      vertex 10.7958 1.35321 0
      vertex 10.9328 1.43532 0
    endloop
  endfacet
  facet normal 0.427503 -0.904014 0
    outer loop
      vertex 10.9328 1.43532 0
      vertex 11.0772 1.5036 4.305
      vertex 10.9328 1.43532 4.305
    endloop
  endfacet
  facet normal 0.427503 -0.904014 0
    outer loop
      vertex 11.0772 1.5036 4.305
      vertex 10.9328 1.43532 0
      vertex 11.0772 1.5036 0
    endloop
  endfacet
  facet normal 0.33696 -0.941519 0
    outer loop
      vertex 11.0772 1.5036 0
      vertex 11.2276 1.55742 4.305
      vertex 11.0772 1.5036 4.305
    endloop
  endfacet
  facet normal 0.33696 -0.941519 0
    outer loop
      vertex 11.2276 1.55742 4.305
      vertex 11.0772 1.5036 0
      vertex 11.2276 1.55742 0
    endloop
  endfacet
  facet normal 0.242963 -0.970036 0
    outer loop
      vertex 11.2276 1.55742 0
      vertex 11.3825 1.59622 4.305
      vertex 11.2276 1.55742 4.305
    endloop
  endfacet
  facet normal 0.242963 -0.970036 0
    outer loop
      vertex 11.3825 1.59622 4.305
      vertex 11.2276 1.55742 0
      vertex 11.3825 1.59622 0
    endloop
  endfacet
  facet normal 0.146743 -0.989175 0
    outer loop
      vertex 11.3825 1.59622 0
      vertex 11.5405 1.61966 4.305
      vertex 11.3825 1.59622 4.305
    endloop
  endfacet
  facet normal 0.146743 -0.989175 0
    outer loop
      vertex 11.5405 1.61966 4.305
      vertex 11.3825 1.59622 0
      vertex 11.5405 1.61966 0
    endloop
  endfacet
  facet normal 0.0490131 -0.998798 0
    outer loop
      vertex 11.5405 1.61966 0
      vertex 11.7 1.62749 4.305
      vertex 11.5405 1.61966 4.305
    endloop
  endfacet
  facet normal 0.0490131 -0.998798 0
    outer loop
      vertex 11.7 1.62749 4.305
      vertex 11.5405 1.61966 0
      vertex 11.7 1.62749 0
    endloop
  endfacet
  facet normal -0.0490131 -0.998798 0
    outer loop
      vertex 11.7 1.62749 0
      vertex 11.8595 1.61966 4.305
      vertex 11.7 1.62749 4.305
    endloop
  endfacet
  facet normal -0.0490131 -0.998798 -0
    outer loop
      vertex 11.8595 1.61966 4.305
      vertex 11.7 1.62749 0
      vertex 11.8595 1.61966 0
    endloop
  endfacet
  facet normal -0.146743 -0.989175 0
    outer loop
      vertex 11.8595 1.61966 0
      vertex 12.0175 1.59622 4.305
      vertex 11.8595 1.61966 4.305
    endloop
  endfacet
  facet normal -0.146743 -0.989175 -0
    outer loop
      vertex 12.0175 1.59622 4.305
      vertex 11.8595 1.61966 0
      vertex 12.0175 1.59622 0
    endloop
  endfacet
  facet normal -0.242963 -0.970036 0
    outer loop
      vertex 12.0175 1.59622 0
      vertex 12.1724 1.55742 4.305
      vertex 12.0175 1.59622 4.305
    endloop
  endfacet
  facet normal -0.242963 -0.970036 -0
    outer loop
      vertex 12.1724 1.55742 4.305
      vertex 12.0175 1.59622 0
      vertex 12.1724 1.55742 0
    endloop
  endfacet
  facet normal -0.33696 -0.941519 0
    outer loop
      vertex 12.1724 1.55742 0
      vertex 12.3228 1.5036 4.305
      vertex 12.1724 1.55742 4.305
    endloop
  endfacet
  facet normal -0.33696 -0.941519 -0
    outer loop
      vertex 12.3228 1.5036 4.305
      vertex 12.1724 1.55742 0
      vertex 12.3228 1.5036 0
    endloop
  endfacet
  facet normal -0.427503 -0.904014 0
    outer loop
      vertex 12.3228 1.5036 0
      vertex 12.4672 1.43532 4.305
      vertex 12.3228 1.5036 4.305
    endloop
  endfacet
  facet normal -0.427503 -0.904014 -0
    outer loop
      vertex 12.4672 1.43532 4.305
      vertex 12.3228 1.5036 0
      vertex 12.4672 1.43532 0
    endloop
  endfacet
  facet normal -0.514088 -0.857737 0
    outer loop
      vertex 12.4672 1.43532 0
      vertex 12.6042 1.35321 4.305
      vertex 12.4672 1.43532 4.305
    endloop
  endfacet
  facet normal -0.514088 -0.857737 -0
    outer loop
      vertex 12.6042 1.35321 4.305
      vertex 12.4672 1.43532 0
      vertex 12.6042 1.35321 0
    endloop
  endfacet
  facet normal -0.595696 -0.80321 0
    outer loop
      vertex 12.6042 1.35321 0
      vertex 12.7325 1.25807 4.305
      vertex 12.6042 1.35321 4.305
    endloop
  endfacet
  facet normal -0.595696 -0.80321 -0
    outer loop
      vertex 12.7325 1.25807 4.305
      vertex 12.6042 1.35321 0
      vertex 12.7325 1.25807 0
    endloop
  endfacet
  facet normal -0.671626 -0.74089 0
    outer loop
      vertex 12.7325 1.25807 0
      vertex 12.8508 1.1508 4.305
      vertex 12.7325 1.25807 4.305
    endloop
  endfacet
  facet normal -0.671626 -0.74089 -0
    outer loop
      vertex 12.8508 1.1508 4.305
      vertex 12.7325 1.25807 0
      vertex 12.8508 1.1508 0
    endloop
  endfacet
  facet normal -0.74089 -0.671626 0
    outer loop
      vertex 12.9581 1.03247 0
      vertex 12.8508 1.1508 4.305
      vertex 12.8508 1.1508 0
    endloop
  endfacet
  facet normal -0.74089 -0.671626 0
    outer loop
      vertex 12.8508 1.1508 4.305
      vertex 12.9581 1.03247 0
      vertex 12.9581 1.03247 4.305
    endloop
  endfacet
  facet normal -0.80321 -0.595696 0
    outer loop
      vertex 13.0532 0.90419 0
      vertex 12.9581 1.03247 4.305
      vertex 12.9581 1.03247 0
    endloop
  endfacet
  facet normal -0.80321 -0.595696 0
    outer loop
      vertex 12.9581 1.03247 4.305
      vertex 13.0532 0.90419 0
      vertex 13.0532 0.90419 4.305
    endloop
  endfacet
  facet normal -0.857737 -0.514088 0
    outer loop
      vertex 13.1353 0.767197 0
      vertex 13.0532 0.90419 4.305
      vertex 13.0532 0.90419 0
    endloop
  endfacet
  facet normal -0.857737 -0.514088 0
    outer loop
      vertex 13.0532 0.90419 4.305
      vertex 13.1353 0.767197 0
      vertex 13.1353 0.767197 4.305
    endloop
  endfacet
  facet normal -0.904014 -0.427503 0
    outer loop
      vertex 13.2036 0.622803 0
      vertex 13.1353 0.767197 4.305
      vertex 13.1353 0.767197 0
    endloop
  endfacet
  facet normal -0.904014 -0.427503 0
    outer loop
      vertex 13.1353 0.767197 4.305
      vertex 13.2036 0.622803 0
      vertex 13.2036 0.622803 4.305
    endloop
  endfacet
  facet normal -0.941519 -0.33696 0
    outer loop
      vertex 13.2574 0.472427 0
      vertex 13.2036 0.622803 4.305
      vertex 13.2036 0.622803 0
    endloop
  endfacet
  facet normal -0.941519 -0.33696 0
    outer loop
      vertex 13.2036 0.622803 4.305
      vertex 13.2574 0.472427 0
      vertex 13.2574 0.472427 4.305
    endloop
  endfacet
  facet normal -0.970036 -0.242963 0
    outer loop
      vertex 13.2962 0.317505 0
      vertex 13.2574 0.472427 4.305
      vertex 13.2574 0.472427 0
    endloop
  endfacet
  facet normal -0.970036 -0.242963 0
    outer loop
      vertex 13.2574 0.472427 4.305
      vertex 13.2962 0.317505 0
      vertex 13.2962 0.317505 4.305
    endloop
  endfacet
  facet normal -0.989175 -0.146743 0
    outer loop
      vertex 13.3197 0.159515 0
      vertex 13.2962 0.317505 4.305
      vertex 13.2962 0.317505 0
    endloop
  endfacet
  facet normal -0.989175 -0.146743 0
    outer loop
      vertex 13.2962 0.317505 4.305
      vertex 13.3197 0.159515 0
      vertex 13.3197 0.159515 4.305
    endloop
  endfacet
  facet normal -0.998798 -0.0490131 0
    outer loop
      vertex 13.3275 0 0
      vertex 13.3197 0.159515 4.305
      vertex 13.3197 0.159515 0
    endloop
  endfacet
  facet normal -0.998798 -0.0490131 0
    outer loop
      vertex 13.3197 0.159515 4.305
      vertex 13.3275 0 0
      vertex 13.3275 0 4.305
    endloop
  endfacet
  facet normal -0.998798 0.0490131 0
    outer loop
      vertex 13.3197 -0.159515 0
      vertex 13.3275 0 4.305
      vertex 13.3275 0 0
    endloop
  endfacet
  facet normal -0.998798 0.0490131 0
    outer loop
      vertex 13.3275 0 4.305
      vertex 13.3197 -0.159515 0
      vertex 13.3197 -0.159515 4.305
    endloop
  endfacet
  facet normal -0.989175 0.146743 0
    outer loop
      vertex 13.2962 -0.317505 0
      vertex 13.3197 -0.159515 4.305
      vertex 13.3197 -0.159515 0
    endloop
  endfacet
  facet normal -0.989175 0.146743 0
    outer loop
      vertex 13.3197 -0.159515 4.305
      vertex 13.2962 -0.317505 0
      vertex 13.2962 -0.317505 4.305
    endloop
  endfacet
  facet normal -0.970036 0.242963 0
    outer loop
      vertex 13.2574 -0.472427 0
      vertex 13.2962 -0.317505 4.305
      vertex 13.2962 -0.317505 0
    endloop
  endfacet
  facet normal -0.970036 0.242963 0
    outer loop
      vertex 13.2962 -0.317505 4.305
      vertex 13.2574 -0.472427 0
      vertex 13.2574 -0.472427 4.305
    endloop
  endfacet
  facet normal -0.941519 0.33696 0
    outer loop
      vertex 13.2036 -0.622803 0
      vertex 13.2574 -0.472427 4.305
      vertex 13.2574 -0.472427 0
    endloop
  endfacet
  facet normal -0.941519 0.33696 0
    outer loop
      vertex 13.2574 -0.472427 4.305
      vertex 13.2036 -0.622803 0
      vertex 13.2036 -0.622803 4.305
    endloop
  endfacet
  facet normal -0.904014 0.427503 0
    outer loop
      vertex 13.1353 -0.767197 0
      vertex 13.2036 -0.622803 4.305
      vertex 13.2036 -0.622803 0
    endloop
  endfacet
  facet normal -0.904014 0.427503 0
    outer loop
      vertex 13.2036 -0.622803 4.305
      vertex 13.1353 -0.767197 0
      vertex 13.1353 -0.767197 4.305
    endloop
  endfacet
  facet normal -0.857737 0.514088 0
    outer loop
      vertex 13.0532 -0.90419 0
      vertex 13.1353 -0.767197 4.305
      vertex 13.1353 -0.767197 0
    endloop
  endfacet
  facet normal -0.857737 0.514088 0
    outer loop
      vertex 13.1353 -0.767197 4.305
      vertex 13.0532 -0.90419 0
      vertex 13.0532 -0.90419 4.305
    endloop
  endfacet
  facet normal -0.80321 0.595696 0
    outer loop
      vertex 12.9581 -1.03247 0
      vertex 13.0532 -0.90419 4.305
      vertex 13.0532 -0.90419 0
    endloop
  endfacet
  facet normal -0.80321 0.595696 0
    outer loop
      vertex 13.0532 -0.90419 4.305
      vertex 12.9581 -1.03247 0
      vertex 12.9581 -1.03247 4.305
    endloop
  endfacet
  facet normal -0.74089 0.671626 0
    outer loop
      vertex 12.8508 -1.1508 0
      vertex 12.9581 -1.03247 4.305
      vertex 12.9581 -1.03247 0
    endloop
  endfacet
  facet normal -0.74089 0.671626 0
    outer loop
      vertex 12.9581 -1.03247 4.305
      vertex 12.8508 -1.1508 0
      vertex 12.8508 -1.1508 4.305
    endloop
  endfacet
  facet normal -0.671626 0.74089 0
    outer loop
      vertex 12.8508 -1.1508 0
      vertex 12.7325 -1.25807 4.305
      vertex 12.8508 -1.1508 4.305
    endloop
  endfacet
  facet normal -0.671626 0.74089 0
    outer loop
      vertex 12.7325 -1.25807 4.305
      vertex 12.8508 -1.1508 0
      vertex 12.7325 -1.25807 0
    endloop
  endfacet
  facet normal -0.595696 0.80321 0
    outer loop
      vertex 12.7325 -1.25807 0
      vertex 12.6042 -1.35321 4.305
      vertex 12.7325 -1.25807 4.305
    endloop
  endfacet
  facet normal -0.595696 0.80321 0
    outer loop
      vertex 12.6042 -1.35321 4.305
      vertex 12.7325 -1.25807 0
      vertex 12.6042 -1.35321 0
    endloop
  endfacet
  facet normal -0.514088 0.857737 0
    outer loop
      vertex 12.6042 -1.35321 0
      vertex 12.4672 -1.43532 4.305
      vertex 12.6042 -1.35321 4.305
    endloop
  endfacet
  facet normal -0.514088 0.857737 0
    outer loop
      vertex 12.4672 -1.43532 4.305
      vertex 12.6042 -1.35321 0
      vertex 12.4672 -1.43532 0
    endloop
  endfacet
  facet normal -0.427503 0.904014 0
    outer loop
      vertex 12.4672 -1.43532 0
      vertex 12.3228 -1.5036 4.305
      vertex 12.4672 -1.43532 4.305
    endloop
  endfacet
  facet normal -0.427503 0.904014 0
    outer loop
      vertex 12.3228 -1.5036 4.305
      vertex 12.4672 -1.43532 0
      vertex 12.3228 -1.5036 0
    endloop
  endfacet
  facet normal -0.33696 0.941519 0
    outer loop
      vertex 12.3228 -1.5036 0
      vertex 12.1724 -1.55742 4.305
      vertex 12.3228 -1.5036 4.305
    endloop
  endfacet
  facet normal -0.33696 0.941519 0
    outer loop
      vertex 12.1724 -1.55742 4.305
      vertex 12.3228 -1.5036 0
      vertex 12.1724 -1.55742 0
    endloop
  endfacet
  facet normal -0.242963 0.970036 0
    outer loop
      vertex 12.1724 -1.55742 0
      vertex 12.0175 -1.59622 4.305
      vertex 12.1724 -1.55742 4.305
    endloop
  endfacet
  facet normal -0.242963 0.970036 0
    outer loop
      vertex 12.0175 -1.59622 4.305
      vertex 12.1724 -1.55742 0
      vertex 12.0175 -1.59622 0
    endloop
  endfacet
  facet normal -0.146743 0.989175 0
    outer loop
      vertex 12.0175 -1.59622 0
      vertex 11.8595 -1.61966 4.305
      vertex 12.0175 -1.59622 4.305
    endloop
  endfacet
  facet normal -0.146743 0.989175 0
    outer loop
      vertex 11.8595 -1.61966 4.305
      vertex 12.0175 -1.59622 0
      vertex 11.8595 -1.61966 0
    endloop
  endfacet
  facet normal -0.0490131 0.998798 0
    outer loop
      vertex 11.8595 -1.61966 0
      vertex 11.7 -1.62749 4.305
      vertex 11.8595 -1.61966 4.305
    endloop
  endfacet
  facet normal -0.0490131 0.998798 0
    outer loop
      vertex 11.7 -1.62749 4.305
      vertex 11.8595 -1.61966 0
      vertex 11.7 -1.62749 0
    endloop
  endfacet
  facet normal 0.0490131 0.998798 -0
    outer loop
      vertex 11.7 -1.62749 0
      vertex 11.5405 -1.61966 4.305
      vertex 11.7 -1.62749 4.305
    endloop
  endfacet
  facet normal 0.0490131 0.998798 0
    outer loop
      vertex 11.5405 -1.61966 4.305
      vertex 11.7 -1.62749 0
      vertex 11.5405 -1.61966 0
    endloop
  endfacet
  facet normal -0 0 1
    outer loop
      vertex 9.5 4 6.505
      vertex 10.01 1.24232 6.505
      vertex 10.01 4 6.505
    endloop
  endfacet
  facet normal 0 0 1
    outer loop
      vertex 10.01 1.24232 6.505
      vertex 9.5 4 6.505
      vertex 9.95392 1.16669 6.505
    endloop
  endfacet
  facet normal 0 0 1
    outer loop
      vertex 9.95392 1.16669 6.505
      vertex 9.5 4 6.505
      vertex 9.84798 0.989929 6.505
    endloop
  endfacet
  facet normal 0 0 1
    outer loop
      vertex 9.84798 0.989929 6.505
      vertex 9.5 4 6.505
      vertex 9.75986 0.803635 6.505
    endloop
  endfacet
  facet normal 0 0 1
    outer loop
      vertex 9.75986 0.803635 6.505
      vertex 9.5 4 6.505
      vertex 9.69043 0.609589 6.505
    endloop
  endfacet
  facet normal 0 0 1
    outer loop
      vertex 9.69043 0.609589 6.505
      vertex 9.5 4 6.505
      vertex 9.64035 0.409683 6.505
    endloop
  endfacet
  facet normal 0 0 1
    outer loop
      vertex 9.61013 0.205826 6.505
      vertex 9.5 4 6.505
      vertex 9.60001 0 6.505
    endloop
  endfacet
  facet normal 0 0 1
    outer loop
      vertex 9.64035 0.409683 6.505
      vertex 9.5 4 6.505
      vertex 9.61013 0.205826 6.505
    endloop
  endfacet
  facet normal 0 0 1
    outer loop
      vertex 13.39 0 6.505
      vertex 13.9 4 6.505
      vertex 13.39 4 6.505
    endloop
  endfacet
  facet normal 0 0 1
    outer loop
      vertex 13.9 4 6.505
      vertex 13.39 0 6.505
      vertex 13.9 -4 6.505
    endloop
  endfacet
  facet normal 0 0 1
    outer loop
      vertex 13.3275 -1.3266 6.505
      vertex 13.39 0 6.505
      vertex 13.3275 0 6.505
    endloop
  endfacet
  facet normal 0 0 1
    outer loop
      vertex 13.39 0 6.505
      vertex 13.3275 -1.3266 6.505
      vertex 13.9 -4 6.505
    endloop
  endfacet
  facet normal -0 0 1
    outer loop
      vertex 13.1849 -1.48491 6.505
      vertex 13.9 -4 6.505
      vertex 13.3275 -1.3266 6.505
    endloop
  endfacet
  facet normal -0 0 1
    outer loop
      vertex 13.0322 -1.62332 6.505
      vertex 13.9 -4 6.505
      vertex 13.1849 -1.48491 6.505
    endloop
  endfacet
  facet normal -0 0 1
    outer loop
      vertex 12.8667 -1.74608 6.505
      vertex 13.9 -4 6.505
      vertex 13.0322 -1.62332 6.505
    endloop
  endfacet
  facet normal -0 0 1
    outer loop
      vertex 12.6899 -1.85202 6.505
      vertex 13.9 -4 6.505
      vertex 12.8667 -1.74608 6.505
    endloop
  endfacet
  facet normal -0 0 1
    outer loop
      vertex 12.5036 -1.94014 6.505
      vertex 13.9 -4 6.505
      vertex 12.6899 -1.85202 6.505
    endloop
  endfacet
  facet normal -0 0 1
    outer loop
      vertex 12.3096 -2.00957 6.505
      vertex 13.9 -4 6.505
      vertex 12.5036 -1.94014 6.505
    endloop
  endfacet
  facet normal -0 0 1
    outer loop
      vertex 12.1097 -2.05965 6.505
      vertex 13.9 -4 6.505
      vertex 12.3096 -2.00957 6.505
    endloop
  endfacet
  facet normal -0 0 1
    outer loop
      vertex 11.9058 -2.08987 6.505
      vertex 13.9 -4 6.505
      vertex 12.1097 -2.05965 6.505
    endloop
  endfacet
  facet normal -0 0 1
    outer loop
      vertex 11.7 -2.09999 6.505
      vertex 13.9 -4 6.505
      vertex 11.9058 -2.08987 6.505
    endloop
  endfacet
  facet normal 0 0 1
    outer loop
      vertex 9.5 -4 6.505
      vertex 11.7 -2.09999 6.505
      vertex 11.4942 -2.08987 6.505
    endloop
  endfacet
  facet normal 0 0 1
    outer loop
      vertex 9.5 -4 6.505
      vertex 11.4942 -2.08987 6.505
      vertex 11.2903 -2.05965 6.505
    endloop
  endfacet
  facet normal 0 0 1
    outer loop
      vertex 9.5 -4 6.505
      vertex 11.2903 -2.05965 6.505
      vertex 11.0904 -2.00957 6.505
    endloop
  endfacet
  facet normal 0 0 1
    outer loop
      vertex 9.5 -4 6.505
      vertex 11.0904 -2.00957 6.505
      vertex 10.8964 -1.94014 6.505
    endloop
  endfacet
  facet normal 0 0 1
    outer loop
      vertex 9.5 -4 6.505
      vertex 10.8964 -1.94014 6.505
      vertex 10.7101 -1.85202 6.505
    endloop
  endfacet
  facet normal 0 0 1
    outer loop
      vertex 9.5 -4 6.505
      vertex 10.7101 -1.85202 6.505
      vertex 10.5333 -1.74608 6.505
    endloop
  endfacet
  facet normal 0 0 1
    outer loop
      vertex 11.7 -2.09999 6.505
      vertex 9.5 -4 6.505
      vertex 13.9 -4 6.505
    endloop
  endfacet
  facet normal 0 0 1
    outer loop
      vertex 10.3678 -1.62332 6.505
      vertex 9.5 -4 6.505
      vertex 10.5333 -1.74608 6.505
    endloop
  endfacet
  facet normal 0 0 1
    outer loop
      vertex 10.2151 -1.48491 6.505
      vertex 9.5 -4 6.505
      vertex 10.3678 -1.62332 6.505
    endloop
  endfacet
  facet normal 0 0 1
    outer loop
      vertex 10.0767 -1.33221 6.505
      vertex 9.5 -4 6.505
      vertex 10.2151 -1.48491 6.505
    endloop
  endfacet
  facet normal 0 0 1
    outer loop
      vertex 9.95392 -1.16669 6.505
      vertex 9.5 -4 6.505
      vertex 10.0767 -1.33221 6.505
    endloop
  endfacet
  facet normal 0 0 1
    outer loop
      vertex 9.84798 -0.989929 6.505
      vertex 9.5 -4 6.505
      vertex 9.95392 -1.16669 6.505
    endloop
  endfacet
  facet normal 0 0 1
    outer loop
      vertex 9.75986 -0.803635 6.505
      vertex 9.5 -4 6.505
      vertex 9.84798 -0.989929 6.505
    endloop
  endfacet
  facet normal 0 0 1
    outer loop
      vertex 9.69043 -0.609589 6.505
      vertex 9.5 -4 6.505
      vertex 9.75986 -0.803635 6.505
    endloop
  endfacet
  facet normal 0 0 1
    outer loop
      vertex 9.64035 -0.409683 6.505
      vertex 9.5 -4 6.505
      vertex 9.69043 -0.609589 6.505
    endloop
  endfacet
  facet normal 0 0 1
    outer loop
      vertex 9.61013 -0.205826 6.505
      vertex 9.5 -4 6.505
      vertex 9.64035 -0.409683 6.505
    endloop
  endfacet
  facet normal 0 0 1
    outer loop
      vertex 9.60001 0 6.505
      vertex 9.5 -4 6.505
      vertex 9.61013 -0.205826 6.505
    endloop
  endfacet
  facet normal 0 0 1
    outer loop
      vertex 9.5 -4 6.505
      vertex 9.60001 0 6.505
      vertex 9.5 4 6.505
    endloop
  endfacet
  facet normal 0 0 1
    outer loop
      vertex 12.55 4 6.505
      vertex 12.5036 1.94014 6.505
      vertex 12.55 1.91821 6.505
    endloop
  endfacet
  facet normal 0 0 1
    outer loop
      vertex 12.55 4 6.505
      vertex 12.3096 2.00957 6.505
      vertex 12.5036 1.94014 6.505
    endloop
  endfacet
  facet normal 0 0 1
    outer loop
      vertex 12.55 4 6.505
      vertex 12.1097 2.05965 6.505
      vertex 12.3096 2.00957 6.505
    endloop
  endfacet
  facet normal 0 0 1
    outer loop
      vertex 12.55 4 6.505
      vertex 11.9058 2.08987 6.505
      vertex 12.1097 2.05965 6.505
    endloop
  endfacet
  facet normal 0 0 1
    outer loop
      vertex 12.55 4 6.505
      vertex 11.7 2.09999 6.505
      vertex 11.9058 2.08987 6.505
    endloop
  endfacet
  facet normal -0 0 1
    outer loop
      vertex 10.85 4 6.505
      vertex 11.7 2.09999 6.505
      vertex 12.55 4 6.505
    endloop
  endfacet
  facet normal 0 0 1
    outer loop
      vertex 11.7 2.09999 6.505
      vertex 10.85 4 6.505
      vertex 11.4942 2.08987 6.505
    endloop
  endfacet
  facet normal 0 0 1
    outer loop
      vertex 11.4942 2.08987 6.505
      vertex 10.85 4 6.505
      vertex 11.2903 2.05965 6.505
    endloop
  endfacet
  facet normal 0 0 1
    outer loop
      vertex 11.2903 2.05965 6.505
      vertex 10.85 4 6.505
      vertex 11.0904 2.00957 6.505
    endloop
  endfacet
  facet normal 0 0 1
    outer loop
      vertex 11.0904 2.00957 6.505
      vertex 10.85 4 6.505
      vertex 10.8964 1.94014 6.505
    endloop
  endfacet
  facet normal 0 0 1
    outer loop
      vertex 10.8964 1.94014 6.505
      vertex 10.85 4 6.505
      vertex 10.85 1.91821 6.505
    endloop
  endfacet
  facet normal -1 0 0
    outer loop
      vertex 13.39 0 4.305
      vertex 13.39 4 6.505
      vertex 13.39 4 4.305
    endloop
  endfacet
  facet normal -1 -0 0
    outer loop
      vertex 13.39 4 6.505
      vertex 13.39 0 4.305
      vertex 13.39 0 6.505
    endloop
  endfacet
  facet normal 0 1 -0
    outer loop
      vertex 13.39 0 4.305
      vertex 13.3275 0 6.505
      vertex 13.39 0 6.505
    endloop
  endfacet
  facet normal 0 1 0
    outer loop
      vertex 13.3275 0 6.505
      vertex 13.39 0 4.305
      vertex 13.3275 0 4.305
    endloop
  endfacet
  facet normal -1 0 0
    outer loop
      vertex 13.3275 -1.3266 4.305
      vertex 13.3275 0 6.505
      vertex 13.3275 0 4.305
    endloop
  endfacet
  facet normal -1 -0 0
    outer loop
      vertex 13.3275 0 6.505
      vertex 13.3275 -1.3266 4.305
      vertex 13.3275 -1.3266 6.505
    endloop
  endfacet
  facet normal -0.743063 0.669222 0
    outer loop
      vertex 13.1849 -1.48491 4.305
      vertex 13.3275 -1.3266 6.505
      vertex 13.3275 -1.3266 4.305
    endloop
  endfacet
  facet normal -0.743063 0.669222 0
    outer loop
      vertex 13.3275 -1.3266 6.505
      vertex 13.1849 -1.48491 4.305
      vertex 13.1849 -1.48491 6.505
    endloop
  endfacet
  facet normal -0.671607 0.740908 0
    outer loop
      vertex 13.1849 -1.48491 4.305
      vertex 13.0322 -1.62332 6.505
      vertex 13.1849 -1.48491 6.505
    endloop
  endfacet
  facet normal -0.671607 0.740908 0
    outer loop
      vertex 13.0322 -1.62332 6.505
      vertex 13.1849 -1.48491 4.305
      vertex 13.0322 -1.62332 4.305
    endloop
  endfacet
  facet normal -0.595679 0.803223 0
    outer loop
      vertex 13.0322 -1.62332 4.305
      vertex 12.8667 -1.74608 6.505
      vertex 13.0322 -1.62332 6.505
    endloop
  endfacet
  facet normal -0.595679 0.803223 0
    outer loop
      vertex 12.8667 -1.74608 6.505
      vertex 13.0322 -1.62332 4.305
      vertex 12.8667 -1.74608 4.305
    endloop
  endfacet
  facet normal -0.514093 0.857735 0
    outer loop
      vertex 12.8667 -1.74608 4.305
      vertex 12.6899 -1.85202 6.505
      vertex 12.8667 -1.74608 6.505
    endloop
  endfacet
  facet normal -0.514093 0.857735 0
    outer loop
      vertex 12.6899 -1.85202 6.505
      vertex 12.8667 -1.74608 4.305
      vertex 12.6899 -1.85202 4.305
    endloop
  endfacet
  facet normal -0.42759 0.903973 0
    outer loop
      vertex 12.6899 -1.85202 4.305
      vertex 12.5036 -1.94014 6.505
      vertex 12.6899 -1.85202 6.505
    endloop
  endfacet
  facet normal -0.42759 0.903973 0
    outer loop
      vertex 12.5036 -1.94014 6.505
      vertex 12.6899 -1.85202 4.305
      vertex 12.5036 -1.94014 4.305
    endloop
  endfacet
  facet normal -0.336876 0.941549 0
    outer loop
      vertex 12.5036 -1.94014 4.305
      vertex 12.3096 -2.00957 6.505
      vertex 12.5036 -1.94014 6.505
    endloop
  endfacet
  facet normal -0.336876 0.941549 0
    outer loop
      vertex 12.3096 -2.00957 6.505
      vertex 12.5036 -1.94014 4.305
      vertex 12.3096 -2.00957 4.305
    endloop
  endfacet
  facet normal -0.243006 0.970025 0
    outer loop
      vertex 12.3096 -2.00957 4.305
      vertex 12.1097 -2.05965 6.505
      vertex 12.3096 -2.00957 6.505
    endloop
  endfacet
  facet normal -0.243006 0.970025 0
    outer loop
      vertex 12.1097 -2.05965 6.505
      vertex 12.3096 -2.00957 4.305
      vertex 12.1097 -2.05965 4.305
    endloop
  endfacet
  facet normal -0.146675 0.989185 0
    outer loop
      vertex 12.1097 -2.05965 4.305
      vertex 11.9058 -2.08987 6.505
      vertex 12.1097 -2.05965 6.505
    endloop
  endfacet
  facet normal -0.146675 0.989185 0
    outer loop
      vertex 11.9058 -2.08987 6.505
      vertex 12.1097 -2.05965 4.305
      vertex 11.9058 -2.08987 4.305
    endloop
  endfacet
  facet normal -0.0490919 0.998794 0
    outer loop
      vertex 11.9058 -2.08987 4.305
      vertex 11.7 -2.09999 6.505
      vertex 11.9058 -2.08987 6.505
    endloop
  endfacet
  facet normal -0.0490919 0.998794 0
    outer loop
      vertex 11.7 -2.09999 6.505
      vertex 11.9058 -2.08987 4.305
      vertex 11.7 -2.09999 4.305
    endloop
  endfacet
  facet normal 0.0490919 0.998794 -0
    outer loop
      vertex 11.7 -2.09999 4.305
      vertex 11.4942 -2.08987 6.505
      vertex 11.7 -2.09999 6.505
    endloop
  endfacet
  facet normal 0.0490919 0.998794 0
    outer loop
      vertex 11.4942 -2.08987 6.505
      vertex 11.7 -2.09999 4.305
      vertex 11.4942 -2.08987 4.305
    endloop
  endfacet
  facet normal 0.146675 0.989185 -0
    outer loop
      vertex 11.4942 -2.08987 4.305
      vertex 11.2903 -2.05965 6.505
      vertex 11.4942 -2.08987 6.505
    endloop
  endfacet
  facet normal 0.146675 0.989185 0
    outer loop
      vertex 11.2903 -2.05965 6.505
      vertex 11.4942 -2.08987 4.305
      vertex 11.2903 -2.05965 4.305
    endloop
  endfacet
  facet normal 0.243006 0.970025 -0
    outer loop
      vertex 11.2903 -2.05965 4.305
      vertex 11.0904 -2.00957 6.505
      vertex 11.2903 -2.05965 6.505
    endloop
  endfacet
  facet normal 0.243006 0.970025 0
    outer loop
      vertex 11.0904 -2.00957 6.505
      vertex 11.2903 -2.05965 4.305
      vertex 11.0904 -2.00957 4.305
    endloop
  endfacet
  facet normal 0.336876 0.941549 -0
    outer loop
      vertex 11.0904 -2.00957 4.305
      vertex 10.8964 -1.94014 6.505
      vertex 11.0904 -2.00957 6.505
    endloop
  endfacet
  facet normal 0.336876 0.941549 0
    outer loop
      vertex 10.8964 -1.94014 6.505
      vertex 11.0904 -2.00957 4.305
      vertex 10.8964 -1.94014 4.305
    endloop
  endfacet
  facet normal 0.42759 0.903973 -0
    outer loop
      vertex 10.8964 -1.94014 4.305
      vertex 10.7101 -1.85202 6.505
      vertex 10.8964 -1.94014 6.505
    endloop
  endfacet
  facet normal 0.42759 0.903973 0
    outer loop
      vertex 10.7101 -1.85202 6.505
      vertex 10.8964 -1.94014 4.305
      vertex 10.7101 -1.85202 4.305
    endloop
  endfacet
  facet normal 0.514093 0.857735 -0
    outer loop
      vertex 10.7101 -1.85202 4.305
      vertex 10.5333 -1.74608 6.505
      vertex 10.7101 -1.85202 6.505
    endloop
  endfacet
  facet normal 0.514093 0.857735 0
    outer loop
      vertex 10.5333 -1.74608 6.505
      vertex 10.7101 -1.85202 4.305
      vertex 10.5333 -1.74608 4.305
    endloop
  endfacet
  facet normal 0.595679 0.803223 -0
    outer loop
      vertex 10.5333 -1.74608 4.305
      vertex 10.3678 -1.62332 6.505
      vertex 10.5333 -1.74608 6.505
    endloop
  endfacet
  facet normal 0.595679 0.803223 0
    outer loop
      vertex 10.3678 -1.62332 6.505
      vertex 10.5333 -1.74608 4.305
      vertex 10.3678 -1.62332 4.305
    endloop
  endfacet
  facet normal 0.671607 0.740908 -0
    outer loop
      vertex 10.3678 -1.62332 4.305
      vertex 10.2151 -1.48491 6.505
      vertex 10.3678 -1.62332 6.505
    endloop
  endfacet
  facet normal 0.671607 0.740908 0
    outer loop
      vertex 10.2151 -1.48491 6.505
      vertex 10.3678 -1.62332 4.305
      vertex 10.2151 -1.48491 4.305
    endloop
  endfacet
  facet normal 0.740908 0.671607 0
    outer loop
      vertex 10.2151 -1.48491 6.505
      vertex 10.0767 -1.33221 4.305
      vertex 10.0767 -1.33221 6.505
    endloop
  endfacet
  facet normal 0.740908 0.671607 0
    outer loop
      vertex 10.0767 -1.33221 4.305
      vertex 10.2151 -1.48491 6.505
      vertex 10.2151 -1.48491 4.305
    endloop
  endfacet
  facet normal 0.803223 0.595679 0
    outer loop
      vertex 10.0767 -1.33221 6.505
      vertex 9.95392 -1.16669 4.305
      vertex 9.95392 -1.16669 6.505
    endloop
  endfacet
  facet normal 0.803223 0.595679 0
    outer loop
      vertex 9.95392 -1.16669 4.305
      vertex 10.0767 -1.33221 6.505
      vertex 10.0767 -1.33221 4.305
    endloop
  endfacet
  facet normal 0.857735 0.514093 0
    outer loop
      vertex 9.95392 -1.16669 6.505
      vertex 9.84798 -0.989929 4.305
      vertex 9.84798 -0.989929 6.505
    endloop
  endfacet
  facet normal 0.857735 0.514093 0
    outer loop
      vertex 9.84798 -0.989929 4.305
      vertex 9.95392 -1.16669 6.505
      vertex 9.95392 -1.16669 4.305
    endloop
  endfacet
  facet normal 0.903973 0.42759 0
    outer loop
      vertex 9.84798 -0.989929 6.505
      vertex 9.75986 -0.803635 4.305
      vertex 9.75986 -0.803635 6.505
    endloop
  endfacet
  facet normal 0.903973 0.42759 0
    outer loop
      vertex 9.75986 -0.803635 4.305
      vertex 9.84798 -0.989929 6.505
      vertex 9.84798 -0.989929 4.305
    endloop
  endfacet
  facet normal 0.941549 0.336876 0
    outer loop
      vertex 9.75986 -0.803635 6.505
      vertex 9.69043 -0.609589 4.305
      vertex 9.69043 -0.609589 6.505
    endloop
  endfacet
  facet normal 0.941549 0.336876 0
    outer loop
      vertex 9.69043 -0.609589 4.305
      vertex 9.75986 -0.803635 6.505
      vertex 9.75986 -0.803635 4.305
    endloop
  endfacet
  facet normal 0.970025 0.243006 0
    outer loop
      vertex 9.69043 -0.609589 6.505
      vertex 9.64035 -0.409683 4.305
      vertex 9.64035 -0.409683 6.505
    endloop
  endfacet
  facet normal 0.970025 0.243006 0
    outer loop
      vertex 9.64035 -0.409683 4.305
      vertex 9.69043 -0.609589 6.505
      vertex 9.69043 -0.609589 4.305
    endloop
  endfacet
  facet normal 0.989185 0.146675 0
    outer loop
      vertex 9.64035 -0.409683 6.505
      vertex 9.61013 -0.205826 4.305
      vertex 9.61013 -0.205826 6.505
    endloop
  endfacet
  facet normal 0.989185 0.146675 0
    outer loop
      vertex 9.61013 -0.205826 4.305
      vertex 9.64035 -0.409683 6.505
      vertex 9.64035 -0.409683 4.305
    endloop
  endfacet
  facet normal 0.998794 0.0490919 0
    outer loop
      vertex 9.61013 -0.205826 6.505
      vertex 9.60001 0 4.305
      vertex 9.60001 0 6.505
    endloop
  endfacet
  facet normal 0.998794 0.0490919 0
    outer loop
      vertex 9.60001 0 4.305
      vertex 9.61013 -0.205826 6.505
      vertex 9.61013 -0.205826 4.305
    endloop
  endfacet
  facet normal 0.998794 -0.0490919 0
    outer loop
      vertex 9.60001 0 6.505
      vertex 9.61013 0.205826 4.305
      vertex 9.61013 0.205826 6.505
    endloop
  endfacet
  facet normal 0.998794 -0.0490919 0
    outer loop
      vertex 9.61013 0.205826 4.305
      vertex 9.60001 0 6.505
      vertex 9.60001 0 4.305
    endloop
  endfacet
  facet normal 0.989185 -0.146675 0
    outer loop
      vertex 9.61013 0.205826 6.505
      vertex 9.64035 0.409683 4.305
      vertex 9.64035 0.409683 6.505
    endloop
  endfacet
  facet normal 0.989185 -0.146675 0
    outer loop
      vertex 9.64035 0.409683 4.305
      vertex 9.61013 0.205826 6.505
      vertex 9.61013 0.205826 4.305
    endloop
  endfacet
  facet normal 0.970025 -0.243006 0
    outer loop
      vertex 9.64035 0.409683 6.505
      vertex 9.69043 0.609589 4.305
      vertex 9.69043 0.609589 6.505
    endloop
  endfacet
  facet normal 0.970025 -0.243006 0
    outer loop
      vertex 9.69043 0.609589 4.305
      vertex 9.64035 0.409683 6.505
      vertex 9.64035 0.409683 4.305
    endloop
  endfacet
  facet normal 0.941549 -0.336876 0
    outer loop
      vertex 9.69043 0.609589 6.505
      vertex 9.75986 0.803635 4.305
      vertex 9.75986 0.803635 6.505
    endloop
  endfacet
  facet normal 0.941549 -0.336876 0
    outer loop
      vertex 9.75986 0.803635 4.305
      vertex 9.69043 0.609589 6.505
      vertex 9.69043 0.609589 4.305
    endloop
  endfacet
  facet normal 0.903973 -0.42759 0
    outer loop
      vertex 9.75986 0.803635 6.505
      vertex 9.84798 0.989929 4.305
      vertex 9.84798 0.989929 6.505
    endloop
  endfacet
  facet normal 0.903973 -0.42759 0
    outer loop
      vertex 9.84798 0.989929 4.305
      vertex 9.75986 0.803635 6.505
      vertex 9.75986 0.803635 4.305
    endloop
  endfacet
  facet normal 0.857735 -0.514093 0
    outer loop
      vertex 9.84798 0.989929 6.505
      vertex 9.95392 1.16669 4.305
      vertex 9.95392 1.16669 6.505
    endloop
  endfacet
  facet normal 0.857735 -0.514093 0
    outer loop
      vertex 9.95392 1.16669 4.305
      vertex 9.84798 0.989929 6.505
      vertex 9.84798 0.989929 4.305
    endloop
  endfacet
  facet normal 0.803236 -0.595661 0
    outer loop
      vertex 9.95392 1.16669 6.505
      vertex 10.01 1.24232 4.305
      vertex 10.01 1.24232 6.505
    endloop
  endfacet
  facet normal 0.803236 -0.595661 0
    outer loop
      vertex 10.01 1.24232 4.305
      vertex 9.95392 1.16669 6.505
      vertex 9.95392 1.16669 4.305
    endloop
  endfacet
  facet normal 1 -0 0
    outer loop
      vertex 10.01 1.24232 6.505
      vertex 10.01 4 4.305
      vertex 10.01 4 6.505
    endloop
  endfacet
  facet normal 1 0 0
    outer loop
      vertex 10.01 4 4.305
      vertex 10.01 1.24232 6.505
      vertex 10.01 1.24232 4.305
    endloop
  endfacet
  facet normal -1 0 0
    outer loop
      vertex 10.85 1.91821 4.305
      vertex 10.85 4 6.505
      vertex 10.85 4 4.305
    endloop
  endfacet
  facet normal -1 -0 0
    outer loop
      vertex 10.85 4 6.505
      vertex 10.85 1.91821 4.305
      vertex 10.85 1.91821 6.505
    endloop
  endfacet
  facet normal 0.427587 -0.903974 0
    outer loop
      vertex 10.85 1.91821 4.305
      vertex 10.8964 1.94014 6.505
      vertex 10.85 1.91821 6.505
    endloop
  endfacet
  facet normal 0.427587 -0.903974 0
    outer loop
      vertex 10.8964 1.94014 6.505
      vertex 10.85 1.91821 4.305
      vertex 10.8964 1.94014 4.305
    endloop
  endfacet
  facet normal 0.336876 -0.941549 0
    outer loop
      vertex 10.8964 1.94014 4.305
      vertex 11.0904 2.00957 6.505
      vertex 10.8964 1.94014 6.505
    endloop
  endfacet
  facet normal 0.336876 -0.941549 0
    outer loop
      vertex 11.0904 2.00957 6.505
      vertex 10.8964 1.94014 4.305
      vertex 11.0904 2.00957 4.305
    endloop
  endfacet
  facet normal 0.243006 -0.970025 0
    outer loop
      vertex 11.0904 2.00957 4.305
      vertex 11.2903 2.05965 6.505
      vertex 11.0904 2.00957 6.505
    endloop
  endfacet
  facet normal 0.243006 -0.970025 0
    outer loop
      vertex 11.2903 2.05965 6.505
      vertex 11.0904 2.00957 4.305
      vertex 11.2903 2.05965 4.305
    endloop
  endfacet
  facet normal 0.146675 -0.989185 0
    outer loop
      vertex 11.2903 2.05965 4.305
      vertex 11.4942 2.08987 6.505
      vertex 11.2903 2.05965 6.505
    endloop
  endfacet
  facet normal 0.146675 -0.989185 0
    outer loop
      vertex 11.4942 2.08987 6.505
      vertex 11.2903 2.05965 4.305
      vertex 11.4942 2.08987 4.305
    endloop
  endfacet
  facet normal 0.0490919 -0.998794 0
    outer loop
      vertex 11.4942 2.08987 4.305
      vertex 11.7 2.09999 6.505
      vertex 11.4942 2.08987 6.505
    endloop
  endfacet
  facet normal 0.0490919 -0.998794 0
    outer loop
      vertex 11.7 2.09999 6.505
      vertex 11.4942 2.08987 4.305
      vertex 11.7 2.09999 4.305
    endloop
  endfacet
  facet normal -0.0490919 -0.998794 0
    outer loop
      vertex 11.7 2.09999 4.305
      vertex 11.9058 2.08987 6.505
      vertex 11.7 2.09999 6.505
    endloop
  endfacet
  facet normal -0.0490919 -0.998794 -0
    outer loop
      vertex 11.9058 2.08987 6.505
      vertex 11.7 2.09999 4.305
      vertex 11.9058 2.08987 4.305
    endloop
  endfacet
  facet normal -0.146675 -0.989185 0
    outer loop
      vertex 11.9058 2.08987 4.305
      vertex 12.1097 2.05965 6.505
      vertex 11.9058 2.08987 6.505
    endloop
  endfacet
  facet normal -0.146675 -0.989185 -0
    outer loop
      vertex 12.1097 2.05965 6.505
      vertex 11.9058 2.08987 4.305
      vertex 12.1097 2.05965 4.305
    endloop
  endfacet
  facet normal -0.243006 -0.970025 0
    outer loop
      vertex 12.1097 2.05965 4.305
      vertex 12.3096 2.00957 6.505
      vertex 12.1097 2.05965 6.505
    endloop
  endfacet
  facet normal -0.243006 -0.970025 -0
    outer loop
      vertex 12.3096 2.00957 6.505
      vertex 12.1097 2.05965 4.305
      vertex 12.3096 2.00957 4.305
    endloop
  endfacet
  facet normal -0.336876 -0.941549 0
    outer loop
      vertex 12.3096 2.00957 4.305
      vertex 12.5036 1.94014 6.505
      vertex 12.3096 2.00957 6.505
    endloop
  endfacet
  facet normal -0.336876 -0.941549 -0
    outer loop
      vertex 12.5036 1.94014 6.505
      vertex 12.3096 2.00957 4.305
      vertex 12.5036 1.94014 4.305
    endloop
  endfacet
  facet normal -0.427587 -0.903974 0
    outer loop
      vertex 12.5036 1.94014 4.305
      vertex 12.55 1.91821 6.505
      vertex 12.5036 1.94014 6.505
    endloop
  endfacet
  facet normal -0.427587 -0.903974 -0
    outer loop
      vertex 12.55 1.91821 6.505
      vertex 12.5036 1.94014 4.305
      vertex 12.55 1.91821 4.305
    endloop
  endfacet
  facet normal 1 -0 0
    outer loop
      vertex 12.55 1.91821 6.505
      vertex 12.55 4 4.305
      vertex 12.55 4 6.505
    endloop
  endfacet
  facet normal 1 0 0
    outer loop
      vertex 12.55 4 4.305
      vertex 12.55 1.91821 6.505
      vertex 12.55 1.91821 4.305
    endloop
  endfacet
  facet normal 0 0 -1
    outer loop
      vertex 18.3 -4 0
      vertex 17.7275 0 0
      vertex 18.3 4 0
    endloop
  endfacet
  facet normal 0 0 -1
    outer loop
      vertex 18.3 -4 0
      vertex 17.7197 -0.159515 0
      vertex 17.7275 0 0
    endloop
  endfacet
  facet normal 0 0 -1
    outer loop
      vertex 18.3 -4 0
      vertex 17.6962 -0.317505 0
      vertex 17.7197 -0.159515 0
    endloop
  endfacet
  facet normal 0 0 -1
    outer loop
      vertex 18.3 -4 0
      vertex 17.6574 -0.472427 0
      vertex 17.6962 -0.317505 0
    endloop
  endfacet
  facet normal 0 0 -1
    outer loop
      vertex 18.3 -4 0
      vertex 17.6036 -0.622803 0
      vertex 17.6574 -0.472427 0
    endloop
  endfacet
  facet normal 0 0 -1
    outer loop
      vertex 18.3 -4 0
      vertex 17.5353 -0.767197 0
      vertex 17.6036 -0.622803 0
    endloop
  endfacet
  facet normal 0 0 -1
    outer loop
      vertex 18.3 -4 0
      vertex 17.4532 -0.90419 0
      vertex 17.5353 -0.767197 0
    endloop
  endfacet
  facet normal 0 0 -1
    outer loop
      vertex 18.3 -4 0
      vertex 17.3581 -1.03247 0
      vertex 17.4532 -0.90419 0
    endloop
  endfacet
  facet normal 0 0 -1
    outer loop
      vertex 18.3 -4 0
      vertex 17.2508 -1.1508 0
      vertex 17.3581 -1.03247 0
    endloop
  endfacet
  facet normal 0 0 -1
    outer loop
      vertex 18.3 -4 0
      vertex 17.1325 -1.25807 0
      vertex 17.2508 -1.1508 0
    endloop
  endfacet
  facet normal 0 0 -1
    outer loop
      vertex 18.3 -4 0
      vertex 17.0042 -1.35321 0
      vertex 17.1325 -1.25807 0
    endloop
  endfacet
  facet normal 0 0 -1
    outer loop
      vertex 18.3 -4 0
      vertex 16.8672 -1.43532 0
      vertex 17.0042 -1.35321 0
    endloop
  endfacet
  facet normal 0 0 -1
    outer loop
      vertex 18.3 -4 0
      vertex 16.7228 -1.5036 0
      vertex 16.8672 -1.43532 0
    endloop
  endfacet
  facet normal 0 0 -1
    outer loop
      vertex 18.3 -4 0
      vertex 16.5724 -1.55742 0
      vertex 16.7228 -1.5036 0
    endloop
  endfacet
  facet normal 0 0 -1
    outer loop
      vertex 18.3 -4 0
      vertex 16.4175 -1.59622 0
      vertex 16.5724 -1.55742 0
    endloop
  endfacet
  facet normal 0 0 -1
    outer loop
      vertex 18.3 -4 0
      vertex 16.2595 -1.61966 0
      vertex 16.4175 -1.59622 0
    endloop
  endfacet
  facet normal 0 0 -1
    outer loop
      vertex 18.3 -4 0
      vertex 16.1 -1.62749 0
      vertex 16.2595 -1.61966 0
    endloop
  endfacet
  facet normal 0 0 -1
    outer loop
      vertex 13.9 -4 0
      vertex 16.1 -1.62749 0
      vertex 18.3 -4 0
    endloop
  endfacet
  facet normal -0 0 -1
    outer loop
      vertex 16.1 -1.62749 0
      vertex 13.9 -4 0
      vertex 15.9405 -1.61966 0
    endloop
  endfacet
  facet normal -0 0 -1
    outer loop
      vertex 15.9405 -1.61966 0
      vertex 13.9 -4 0
      vertex 15.7825 -1.59622 0
    endloop
  endfacet
  facet normal -0 0 -1
    outer loop
      vertex 15.7825 -1.59622 0
      vertex 13.9 -4 0
      vertex 15.6276 -1.55742 0
    endloop
  endfacet
  facet normal -0 0 -1
    outer loop
      vertex 15.6276 -1.55742 0
      vertex 13.9 -4 0
      vertex 15.4772 -1.5036 0
    endloop
  endfacet
  facet normal -0 0 -1
    outer loop
      vertex 15.4772 -1.5036 0
      vertex 13.9 -4 0
      vertex 15.3328 -1.43532 0
    endloop
  endfacet
  facet normal -0 0 -1
    outer loop
      vertex 15.3328 -1.43532 0
      vertex 13.9 -4 0
      vertex 15.1958 -1.35321 0
    endloop
  endfacet
  facet normal -0 0 -1
    outer loop
      vertex 14.4803 -0.159515 0
      vertex 13.9 -4 0
      vertex 14.4725 0 0
    endloop
  endfacet
  facet normal -0 0 -1
    outer loop
      vertex 14.5038 -0.317505 0
      vertex 13.9 -4 0
      vertex 14.4803 -0.159515 0
    endloop
  endfacet
  facet normal -0 0 -1
    outer loop
      vertex 14.5426 -0.472427 0
      vertex 13.9 -4 0
      vertex 14.5038 -0.317505 0
    endloop
  endfacet
  facet normal -0 0 -1
    outer loop
      vertex 14.5964 -0.622803 0
      vertex 13.9 -4 0
      vertex 14.5426 -0.472427 0
    endloop
  endfacet
  facet normal -0 0 -1
    outer loop
      vertex 14.6647 -0.767197 0
      vertex 13.9 -4 0
      vertex 14.5964 -0.622803 0
    endloop
  endfacet
  facet normal -0 0 -1
    outer loop
      vertex 14.7468 -0.90419 0
      vertex 13.9 -4 0
      vertex 14.6647 -0.767197 0
    endloop
  endfacet
  facet normal -0 0 -1
    outer loop
      vertex 14.8419 -1.03247 0
      vertex 13.9 -4 0
      vertex 14.7468 -0.90419 0
    endloop
  endfacet
  facet normal -0 0 -1
    outer loop
      vertex 14.9492 -1.1508 0
      vertex 13.9 -4 0
      vertex 14.8419 -1.03247 0
    endloop
  endfacet
  facet normal -0 0 -1
    outer loop
      vertex 15.0675 -1.25807 0
      vertex 13.9 -4 0
      vertex 14.9492 -1.1508 0
    endloop
  endfacet
  facet normal -0 0 -1
    outer loop
      vertex 15.1958 -1.35321 0
      vertex 13.9 -4 0
      vertex 15.0675 -1.25807 0
    endloop
  endfacet
  facet normal 0 0 -1
    outer loop
      vertex 17.7197 0.159515 0
      vertex 18.3 4 0
      vertex 17.7275 0 0
    endloop
  endfacet
  facet normal 0 0 -1
    outer loop
      vertex 17.6962 0.317505 0
      vertex 18.3 4 0
      vertex 17.7197 0.159515 0
    endloop
  endfacet
  facet normal 0 0 -1
    outer loop
      vertex 17.6574 0.472427 0
      vertex 18.3 4 0
      vertex 17.6962 0.317505 0
    endloop
  endfacet
  facet normal 0 0 -1
    outer loop
      vertex 17.6036 0.622803 0
      vertex 18.3 4 0
      vertex 17.6574 0.472427 0
    endloop
  endfacet
  facet normal 0 0 -1
    outer loop
      vertex 17.5353 0.767197 0
      vertex 18.3 4 0
      vertex 17.6036 0.622803 0
    endloop
  endfacet
  facet normal 0 0 -1
    outer loop
      vertex 17.4532 0.90419 0
      vertex 18.3 4 0
      vertex 17.5353 0.767197 0
    endloop
  endfacet
  facet normal 0 0 -1
    outer loop
      vertex 17.3581 1.03247 0
      vertex 18.3 4 0
      vertex 17.4532 0.90419 0
    endloop
  endfacet
  facet normal 0 0 -1
    outer loop
      vertex 17.2508 1.1508 0
      vertex 18.3 4 0
      vertex 17.3581 1.03247 0
    endloop
  endfacet
  facet normal 0 0 -1
    outer loop
      vertex 17.1325 1.25807 0
      vertex 18.3 4 0
      vertex 17.2508 1.1508 0
    endloop
  endfacet
  facet normal 0 0 -1
    outer loop
      vertex 17.0042 1.35321 0
      vertex 18.3 4 0
      vertex 17.1325 1.25807 0
    endloop
  endfacet
  facet normal 0 0 -1
    outer loop
      vertex 16.8672 1.43532 0
      vertex 18.3 4 0
      vertex 17.0042 1.35321 0
    endloop
  endfacet
  facet normal 0 0 -1
    outer loop
      vertex 16.7228 1.5036 0
      vertex 18.3 4 0
      vertex 16.8672 1.43532 0
    endloop
  endfacet
  facet normal 0 0 -1
    outer loop
      vertex 16.5724 1.55742 0
      vertex 18.3 4 0
      vertex 16.7228 1.5036 0
    endloop
  endfacet
  facet normal 0 0 -1
    outer loop
      vertex 16.4175 1.59622 0
      vertex 18.3 4 0
      vertex 16.5724 1.55742 0
    endloop
  endfacet
  facet normal 0 0 -1
    outer loop
      vertex 16.2595 1.61966 0
      vertex 18.3 4 0
      vertex 16.4175 1.59622 0
    endloop
  endfacet
  facet normal 0 0 -1
    outer loop
      vertex 16.1 1.62749 0
      vertex 18.3 4 0
      vertex 16.2595 1.61966 0
    endloop
  endfacet
  facet normal 0 0 -1
    outer loop
      vertex 13.9 4 0
      vertex 16.1 1.62749 0
      vertex 15.9405 1.61966 0
    endloop
  endfacet
  facet normal 0 0 -1
    outer loop
      vertex 13.9 4 0
      vertex 15.9405 1.61966 0
      vertex 15.7825 1.59622 0
    endloop
  endfacet
  facet normal 0 0 -1
    outer loop
      vertex 13.9 4 0
      vertex 15.7825 1.59622 0
      vertex 15.6276 1.55742 0
    endloop
  endfacet
  facet normal 0 0 -1
    outer loop
      vertex 13.9 4 0
      vertex 15.6276 1.55742 0
      vertex 15.4772 1.5036 0
    endloop
  endfacet
  facet normal 0 0 -1
    outer loop
      vertex 13.9 4 0
      vertex 15.4772 1.5036 0
      vertex 15.3328 1.43532 0
    endloop
  endfacet
  facet normal 0 0 -1
    outer loop
      vertex 13.9 4 0
      vertex 15.3328 1.43532 0
      vertex 15.1958 1.35321 0
    endloop
  endfacet
  facet normal 0 0 -1
    outer loop
      vertex 13.9 4 0
      vertex 15.1958 1.35321 0
      vertex 15.0675 1.25807 0
    endloop
  endfacet
  facet normal 0 0 -1
    outer loop
      vertex 13.9 4 0
      vertex 14.4725 0 0
      vertex 13.9 -4 0
    endloop
  endfacet
  facet normal 0 0 -1
    outer loop
      vertex 16.1 1.62749 0
      vertex 13.9 4 0
      vertex 18.3 4 0
    endloop
  endfacet
  facet normal 0 0 -1
    outer loop
      vertex 14.9492 1.1508 0
      vertex 13.9 4 0
      vertex 15.0675 1.25807 0
    endloop
  endfacet
  facet normal 0 0 -1
    outer loop
      vertex 14.8419 1.03247 0
      vertex 13.9 4 0
      vertex 14.9492 1.1508 0
    endloop
  endfacet
  facet normal 0 0 -1
    outer loop
      vertex 14.7468 0.90419 0
      vertex 13.9 4 0
      vertex 14.8419 1.03247 0
    endloop
  endfacet
  facet normal 0 0 -1
    outer loop
      vertex 14.6647 0.767197 0
      vertex 13.9 4 0
      vertex 14.7468 0.90419 0
    endloop
  endfacet
  facet normal 0 0 -1
    outer loop
      vertex 14.5964 0.622803 0
      vertex 13.9 4 0
      vertex 14.6647 0.767197 0
    endloop
  endfacet
  facet normal 0 0 -1
    outer loop
      vertex 14.5426 0.472427 0
      vertex 13.9 4 0
      vertex 14.5964 0.622803 0
    endloop
  endfacet
  facet normal 0 0 -1
    outer loop
      vertex 14.5038 0.317505 0
      vertex 13.9 4 0
      vertex 14.5426 0.472427 0
    endloop
  endfacet
  facet normal 0 0 -1
    outer loop
      vertex 14.4803 0.159515 0
      vertex 13.9 4 0
      vertex 14.5038 0.317505 0
    endloop
  endfacet
  facet normal 0 0 -1
    outer loop
      vertex 14.4725 0 0
      vertex 13.9 4 0
      vertex 14.4803 0.159515 0
    endloop
  endfacet
  facet normal -0 0 1
    outer loop
      vertex 14.41 4 4.305
      vertex 15.25 1.91821 4.305
      vertex 15.25 4 4.305
    endloop
  endfacet
  facet normal 0 0 1
    outer loop
      vertex 14.41 1.24232 4.305
      vertex 15.25 1.91821 4.305
      vertex 14.41 4 4.305
    endloop
  endfacet
  facet normal 0 -0 1
    outer loop
      vertex 15.0675 1.25807 4.305
      vertex 15.25 1.91821 4.305
      vertex 14.41 1.24232 4.305
    endloop
  endfacet
  facet normal 0 0 1
    outer loop
      vertex 15.0675 1.25807 4.305
      vertex 14.41 1.24232 4.305
      vertex 14.9492 1.1508 4.305
    endloop
  endfacet
  facet normal 0 0 1
    outer loop
      vertex 14.9492 1.1508 4.305
      vertex 14.41 1.24232 4.305
      vertex 14.8419 1.03247 4.305
    endloop
  endfacet
  facet normal 0 0 1
    outer loop
      vertex 14.8419 1.03247 4.305
      vertex 14.41 1.24232 4.305
      vertex 14.7468 0.90419 4.305
    endloop
  endfacet
  facet normal -0 0 1
    outer loop
      vertex 14.3539 1.16669 4.305
      vertex 14.7468 0.90419 4.305
      vertex 14.41 1.24232 4.305
    endloop
  endfacet
  facet normal 0 0 1
    outer loop
      vertex 14.7468 0.90419 4.305
      vertex 14.3539 1.16669 4.305
      vertex 14.6647 0.767197 4.305
    endloop
  endfacet
  facet normal -0 0 1
    outer loop
      vertex 14.248 0.989929 4.305
      vertex 14.6647 0.767197 4.305
      vertex 14.3539 1.16669 4.305
    endloop
  endfacet
  facet normal -0 0 1
    outer loop
      vertex 14.1599 0.803635 4.305
      vertex 14.5964 0.622803 4.305
      vertex 14.248 0.989929 4.305
    endloop
  endfacet
  facet normal 0 0 1
    outer loop
      vertex 14.6647 0.767197 4.305
      vertex 14.248 0.989929 4.305
      vertex 14.5964 0.622803 4.305
    endloop
  endfacet
  facet normal 0 0 1
    outer loop
      vertex 15.25 1.91821 4.305
      vertex 15.0675 1.25807 4.305
      vertex 15.1958 1.35321 4.305
    endloop
  endfacet
  facet normal -0 0 1
    outer loop
      vertex 17.6962 0.317505 4.305
      vertex 17.79 0 4.305
      vertex 17.79 4 4.305
    endloop
  endfacet
  facet normal 0 0 1
    outer loop
      vertex 17.79 0 4.305
      vertex 17.7197 0.159515 4.305
      vertex 17.7275 0 4.305
    endloop
  endfacet
  facet normal 0 0 1
    outer loop
      vertex 17.79 0 4.305
      vertex 17.6962 0.317505 4.305
      vertex 17.7197 0.159515 4.305
    endloop
  endfacet
  facet normal 0 0 1
    outer loop
      vertex 17.79 4 4.305
      vertex 17.6574 0.472427 4.305
      vertex 17.6962 0.317505 4.305
    endloop
  endfacet
  facet normal 0 0 1
    outer loop
      vertex 17.79 4 4.305
      vertex 17.6036 0.622803 4.305
      vertex 17.6574 0.472427 4.305
    endloop
  endfacet
  facet normal 0 0 1
    outer loop
      vertex 17.79 4 4.305
      vertex 17.5353 0.767197 4.305
      vertex 17.6036 0.622803 4.305
    endloop
  endfacet
  facet normal 0 0 1
    outer loop
      vertex 17.79 4 4.305
      vertex 17.4532 0.90419 4.305
      vertex 17.5353 0.767197 4.305
    endloop
  endfacet
  facet normal 0 0 1
    outer loop
      vertex 17.79 4 4.305
      vertex 17.3581 1.03247 4.305
      vertex 17.4532 0.90419 4.305
    endloop
  endfacet
  facet normal -0 0 1
    outer loop
      vertex 16.95 1.91821 4.305
      vertex 17.3581 1.03247 4.305
      vertex 17.79 4 4.305
    endloop
  endfacet
  facet normal 0 0 1
    outer loop
      vertex 17.3581 1.03247 4.305
      vertex 16.95 1.91821 4.305
      vertex 17.2508 1.1508 4.305
    endloop
  endfacet
  facet normal 0 0 1
    outer loop
      vertex 17.2508 1.1508 4.305
      vertex 16.95 1.91821 4.305
      vertex 17.1325 1.25807 4.305
    endloop
  endfacet
  facet normal 0 0 1
    outer loop
      vertex 16.95 1.91821 4.305
      vertex 17.79 4 4.305
      vertex 16.95 4 4.305
    endloop
  endfacet
  facet normal 0 0 1
    outer loop
      vertex 17.1325 1.25807 4.305
      vertex 16.95 1.91821 4.305
      vertex 17.0042 1.35321 4.305
    endloop
  endfacet
  facet normal 0 0 1
    outer loop
      vertex 16.7228 1.5036 4.305
      vertex 16.95 1.91821 4.305
      vertex 16.9036 1.94014 4.305
    endloop
  endfacet
  facet normal 0 0 1
    outer loop
      vertex 16.95 1.91821 4.305
      vertex 16.8672 1.43532 4.305
      vertex 17.0042 1.35321 4.305
    endloop
  endfacet
  facet normal 0 0 1
    outer loop
      vertex 16.95 1.91821 4.305
      vertex 16.7228 1.5036 4.305
      vertex 16.8672 1.43532 4.305
    endloop
  endfacet
  facet normal 0 0 1
    outer loop
      vertex 16.7096 2.00957 4.305
      vertex 16.7228 1.5036 4.305
      vertex 16.9036 1.94014 4.305
    endloop
  endfacet
  facet normal 0 0 1
    outer loop
      vertex 16.7096 2.00957 4.305
      vertex 16.5724 1.55742 4.305
      vertex 16.7228 1.5036 4.305
    endloop
  endfacet
  facet normal 0 0 1
    outer loop
      vertex 16.5097 2.05965 4.305
      vertex 16.5724 1.55742 4.305
      vertex 16.7096 2.00957 4.305
    endloop
  endfacet
  facet normal 0 0 1
    outer loop
      vertex 16.5097 2.05965 4.305
      vertex 16.4175 1.59622 4.305
      vertex 16.5724 1.55742 4.305
    endloop
  endfacet
  facet normal 0 0 1
    outer loop
      vertex 16.3058 2.08987 4.305
      vertex 16.4175 1.59622 4.305
      vertex 16.5097 2.05965 4.305
    endloop
  endfacet
  facet normal 0 0 1
    outer loop
      vertex 16.3058 2.08987 4.305
      vertex 16.2595 1.61966 4.305
      vertex 16.4175 1.59622 4.305
    endloop
  endfacet
  facet normal 0 0 1
    outer loop
      vertex 16.1 2.09999 4.305
      vertex 16.2595 1.61966 4.305
      vertex 16.3058 2.08987 4.305
    endloop
  endfacet
  facet normal 0 0 1
    outer loop
      vertex 16.1 2.09999 4.305
      vertex 16.1 1.62749 4.305
      vertex 16.2595 1.61966 4.305
    endloop
  endfacet
  facet normal 0 0 1
    outer loop
      vertex 16.1 2.09999 4.305
      vertex 15.9405 1.61966 4.305
      vertex 16.1 1.62749 4.305
    endloop
  endfacet
  facet normal -0 0 1
    outer loop
      vertex 15.8942 2.08987 4.305
      vertex 15.9405 1.61966 4.305
      vertex 16.1 2.09999 4.305
    endloop
  endfacet
  facet normal 0 0 1
    outer loop
      vertex 15.8942 2.08987 4.305
      vertex 15.7825 1.59622 4.305
      vertex 15.9405 1.61966 4.305
    endloop
  endfacet
  facet normal -0 0 1
    outer loop
      vertex 15.6903 2.05965 4.305
      vertex 15.7825 1.59622 4.305
      vertex 15.8942 2.08987 4.305
    endloop
  endfacet
  facet normal 0 0 1
    outer loop
      vertex 15.6903 2.05965 4.305
      vertex 15.6276 1.55742 4.305
      vertex 15.7825 1.59622 4.305
    endloop
  endfacet
  facet normal -0 0 1
    outer loop
      vertex 15.4904 2.00957 4.305
      vertex 15.6276 1.55742 4.305
      vertex 15.6903 2.05965 4.305
    endloop
  endfacet
  facet normal 0 0 1
    outer loop
      vertex 15.4904 2.00957 4.305
      vertex 15.4772 1.5036 4.305
      vertex 15.6276 1.55742 4.305
    endloop
  endfacet
  facet normal -0 0 1
    outer loop
      vertex 15.2964 1.94014 4.305
      vertex 15.4772 1.5036 4.305
      vertex 15.4904 2.00957 4.305
    endloop
  endfacet
  facet normal -0 0 1
    outer loop
      vertex 15.25 1.91821 4.305
      vertex 15.4772 1.5036 4.305
      vertex 15.2964 1.94014 4.305
    endloop
  endfacet
  facet normal 0 0 1
    outer loop
      vertex 15.4772 1.5036 4.305
      vertex 15.25 1.91821 4.305
      vertex 15.3328 1.43532 4.305
    endloop
  endfacet
  facet normal 0 0 1
    outer loop
      vertex 15.3328 1.43532 4.305
      vertex 15.25 1.91821 4.305
      vertex 15.1958 1.35321 4.305
    endloop
  endfacet
  facet normal -0 0 1
    outer loop
      vertex 17.7197 -0.159515 4.305
      vertex 17.7275 -1.3266 4.305
      vertex 17.7275 0 4.305
    endloop
  endfacet
  facet normal -0 0 1
    outer loop
      vertex 17.6962 -0.317505 4.305
      vertex 17.7275 -1.3266 4.305
      vertex 17.7197 -0.159515 4.305
    endloop
  endfacet
  facet normal -0 0 1
    outer loop
      vertex 17.6574 -0.472427 4.305
      vertex 17.7275 -1.3266 4.305
      vertex 17.6962 -0.317505 4.305
    endloop
  endfacet
  facet normal -0 0 1
    outer loop
      vertex 17.6036 -0.622803 4.305
      vertex 17.7275 -1.3266 4.305
      vertex 17.6574 -0.472427 4.305
    endloop
  endfacet
  facet normal -0 0 1
    outer loop
      vertex 17.5353 -0.767197 4.305
      vertex 17.7275 -1.3266 4.305
      vertex 17.6036 -0.622803 4.305
    endloop
  endfacet
  facet normal -0 0 1
    outer loop
      vertex 17.4532 -0.90419 4.305
      vertex 17.7275 -1.3266 4.305
      vertex 17.5353 -0.767197 4.305
    endloop
  endfacet
  facet normal -0 0 1
    outer loop
      vertex 17.3581 -1.03247 4.305
      vertex 17.7275 -1.3266 4.305
      vertex 17.4532 -0.90419 4.305
    endloop
  endfacet
  facet normal 0 0 1
    outer loop
      vertex 17.7275 -1.3266 4.305
      vertex 17.3581 -1.03247 4.305
      vertex 17.5849 -1.48491 4.305
    endloop
  endfacet
  facet normal -0 0 1
    outer loop
      vertex 17.2508 -1.1508 4.305
      vertex 17.5849 -1.48491 4.305
      vertex 17.3581 -1.03247 4.305
    endloop
  endfacet
  facet normal 0 0 1
    outer loop
      vertex 17.5849 -1.48491 4.305
      vertex 17.2508 -1.1508 4.305
      vertex 17.4322 -1.62332 4.305
    endloop
  endfacet
  facet normal -0 0 1
    outer loop
      vertex 17.1325 -1.25807 4.305
      vertex 17.4322 -1.62332 4.305
      vertex 17.2508 -1.1508 4.305
    endloop
  endfacet
  facet normal 0 0 1
    outer loop
      vertex 17.4322 -1.62332 4.305
      vertex 17.1325 -1.25807 4.305
      vertex 17.2667 -1.74608 4.305
    endloop
  endfacet
  facet normal -0 0 1
    outer loop
      vertex 17.0042 -1.35321 4.305
      vertex 17.2667 -1.74608 4.305
      vertex 17.1325 -1.25807 4.305
    endloop
  endfacet
  facet normal 0 0 1
    outer loop
      vertex 17.2667 -1.74608 4.305
      vertex 17.0042 -1.35321 4.305
      vertex 17.0899 -1.85202 4.305
    endloop
  endfacet
  facet normal -0 0 1
    outer loop
      vertex 16.8672 -1.43532 4.305
      vertex 17.0899 -1.85202 4.305
      vertex 17.0042 -1.35321 4.305
    endloop
  endfacet
  facet normal 0 0 1
    outer loop
      vertex 17.0899 -1.85202 4.305
      vertex 16.8672 -1.43532 4.305
      vertex 16.9036 -1.94014 4.305
    endloop
  endfacet
  facet normal -0 0 1
    outer loop
      vertex 16.7228 -1.5036 4.305
      vertex 16.9036 -1.94014 4.305
      vertex 16.8672 -1.43532 4.305
    endloop
  endfacet
  facet normal 0 0 1
    outer loop
      vertex 16.7228 -1.5036 4.305
      vertex 16.7096 -2.00957 4.305
      vertex 16.9036 -1.94014 4.305
    endloop
  endfacet
  facet normal -0 0 1
    outer loop
      vertex 16.5724 -1.55742 4.305
      vertex 16.7096 -2.00957 4.305
      vertex 16.7228 -1.5036 4.305
    endloop
  endfacet
  facet normal 0 0 1
    outer loop
      vertex 16.5724 -1.55742 4.305
      vertex 16.5097 -2.05965 4.305
      vertex 16.7096 -2.00957 4.305
    endloop
  endfacet
  facet normal -0 0 1
    outer loop
      vertex 16.4175 -1.59622 4.305
      vertex 16.5097 -2.05965 4.305
      vertex 16.5724 -1.55742 4.305
    endloop
  endfacet
  facet normal 0 0 1
    outer loop
      vertex 16.4175 -1.59622 4.305
      vertex 16.3058 -2.08987 4.305
      vertex 16.5097 -2.05965 4.305
    endloop
  endfacet
  facet normal -0 0 1
    outer loop
      vertex 16.2595 -1.61966 4.305
      vertex 16.3058 -2.08987 4.305
      vertex 16.4175 -1.59622 4.305
    endloop
  endfacet
  facet normal -0 0 1
    outer loop
      vertex 16.1 -1.62749 4.305
      vertex 16.3058 -2.08987 4.305
      vertex 16.2595 -1.61966 4.305
    endloop
  endfacet
  facet normal 0 0 1
    outer loop
      vertex 16.1 -1.62749 4.305
      vertex 16.1 -2.09999 4.305
      vertex 16.3058 -2.08987 4.305
    endloop
  endfacet
  facet normal 0 0 1
    outer loop
      vertex 15.9405 -1.61966 4.305
      vertex 16.1 -2.09999 4.305
      vertex 16.1 -1.62749 4.305
    endloop
  endfacet
  facet normal 0 0 1
    outer loop
      vertex 15.9405 -1.61966 4.305
      vertex 15.8942 -2.08987 4.305
      vertex 16.1 -2.09999 4.305
    endloop
  endfacet
  facet normal 0 0 1
    outer loop
      vertex 15.7825 -1.59622 4.305
      vertex 15.8942 -2.08987 4.305
      vertex 15.9405 -1.61966 4.305
    endloop
  endfacet
  facet normal 0 0 1
    outer loop
      vertex 15.7825 -1.59622 4.305
      vertex 15.6903 -2.05965 4.305
      vertex 15.8942 -2.08987 4.305
    endloop
  endfacet
  facet normal 0 0 1
    outer loop
      vertex 15.6276 -1.55742 4.305
      vertex 15.6903 -2.05965 4.305
      vertex 15.7825 -1.59622 4.305
    endloop
  endfacet
  facet normal 0 0 1
    outer loop
      vertex 15.6276 -1.55742 4.305
      vertex 15.4904 -2.00957 4.305
      vertex 15.6903 -2.05965 4.305
    endloop
  endfacet
  facet normal 0 0 1
    outer loop
      vertex 15.4772 -1.5036 4.305
      vertex 15.4904 -2.00957 4.305
      vertex 15.6276 -1.55742 4.305
    endloop
  endfacet
  facet normal 0 0 1
    outer loop
      vertex 15.2964 -1.94014 4.305
      vertex 15.4772 -1.5036 4.305
      vertex 15.3328 -1.43532 4.305
    endloop
  endfacet
  facet normal 0 0 1
    outer loop
      vertex 15.4772 -1.5036 4.305
      vertex 15.2964 -1.94014 4.305
      vertex 15.4904 -2.00957 4.305
    endloop
  endfacet
  facet normal 0 0 1
    outer loop
      vertex 15.1101 -1.85202 4.305
      vertex 15.3328 -1.43532 4.305
      vertex 15.1958 -1.35321 4.305
    endloop
  endfacet
  facet normal 0 0 1
    outer loop
      vertex 15.3328 -1.43532 4.305
      vertex 15.1101 -1.85202 4.305
      vertex 15.2964 -1.94014 4.305
    endloop
  endfacet
  facet normal 0 0 1
    outer loop
      vertex 14.9333 -1.74608 4.305
      vertex 15.1958 -1.35321 4.305
      vertex 15.0675 -1.25807 4.305
    endloop
  endfacet
  facet normal 0 0 1
    outer loop
      vertex 14.7678 -1.62332 4.305
      vertex 15.0675 -1.25807 4.305
      vertex 14.9492 -1.1508 4.305
    endloop
  endfacet
  facet normal 0 0 1
    outer loop
      vertex 15.1958 -1.35321 4.305
      vertex 14.9333 -1.74608 4.305
      vertex 15.1101 -1.85202 4.305
    endloop
  endfacet
  facet normal 0 0 1
    outer loop
      vertex 14.6151 -1.48491 4.305
      vertex 14.9492 -1.1508 4.305
      vertex 14.8419 -1.03247 4.305
    endloop
  endfacet
  facet normal 0 0 1
    outer loop
      vertex 15.0675 -1.25807 4.305
      vertex 14.7678 -1.62332 4.305
      vertex 14.9333 -1.74608 4.305
    endloop
  endfacet
  facet normal 0 0 1
    outer loop
      vertex 14.4767 -1.33221 4.305
      vertex 14.8419 -1.03247 4.305
      vertex 14.7468 -0.90419 4.305
    endloop
  endfacet
  facet normal 0 0 1
    outer loop
      vertex 14.3539 -1.16669 4.305
      vertex 14.7468 -0.90419 4.305
      vertex 14.6647 -0.767197 4.305
    endloop
  endfacet
  facet normal 0 0 1
    outer loop
      vertex 14.9492 -1.1508 4.305
      vertex 14.6151 -1.48491 4.305
      vertex 14.7678 -1.62332 4.305
    endloop
  endfacet
  facet normal 0 0 1
    outer loop
      vertex 14.248 -0.989929 4.305
      vertex 14.6647 -0.767197 4.305
      vertex 14.5964 -0.622803 4.305
    endloop
  endfacet
  facet normal 0 0 1
    outer loop
      vertex 14.1599 -0.803635 4.305
      vertex 14.5964 -0.622803 4.305
      vertex 14.5426 -0.472427 4.305
    endloop
  endfacet
  facet normal 0 0 1
    outer loop
      vertex 14.0904 -0.609589 4.305
      vertex 14.5426 -0.472427 4.305
      vertex 14.5038 -0.317505 4.305
    endloop
  endfacet
  facet normal 0 0 1
    outer loop
      vertex 14.0404 -0.409683 4.305
      vertex 14.5038 -0.317505 4.305
      vertex 14.4803 -0.159515 4.305
    endloop
  endfacet
  facet normal 0 0 1
    outer loop
      vertex 14.8419 -1.03247 4.305
      vertex 14.4767 -1.33221 4.305
      vertex 14.6151 -1.48491 4.305
    endloop
  endfacet
  facet normal 0 0 1
    outer loop
      vertex 14.0101 -0.205826 4.305
      vertex 14.4803 -0.159515 4.305
      vertex 14.4725 0 4.305
    endloop
  endfacet
  facet normal 0 0 1
    outer loop
      vertex 14.5964 0.622803 4.305
      vertex 14.1599 0.803635 4.305
      vertex 14.5426 0.472427 4.305
    endloop
  endfacet
  facet normal -0 0 1
    outer loop
      vertex 14.0904 0.609589 4.305
      vertex 14.5426 0.472427 4.305
      vertex 14.1599 0.803635 4.305
    endloop
  endfacet
  facet normal 0 0 1
    outer loop
      vertex 14.5426 0.472427 4.305
      vertex 14.0904 0.609589 4.305
      vertex 14.5038 0.317505 4.305
    endloop
  endfacet
  facet normal 0 0 1
    outer loop
      vertex 14.7468 -0.90419 4.305
      vertex 14.3539 -1.16669 4.305
      vertex 14.4767 -1.33221 4.305
    endloop
  endfacet
  facet normal -0 0 1
    outer loop
      vertex 14.0404 0.409683 4.305
      vertex 14.5038 0.317505 4.305
      vertex 14.0904 0.609589 4.305
    endloop
  endfacet
  facet normal 0 0 1
    outer loop
      vertex 14.6647 -0.767197 4.305
      vertex 14.248 -0.989929 4.305
      vertex 14.3539 -1.16669 4.305
    endloop
  endfacet
  facet normal 0 0 1
    outer loop
      vertex 14.5038 0.317505 4.305
      vertex 14.0404 0.409683 4.305
      vertex 14.4803 0.159515 4.305
    endloop
  endfacet
  facet normal 0 0 1
    outer loop
      vertex 14.5964 -0.622803 4.305
      vertex 14.1599 -0.803635 4.305
      vertex 14.248 -0.989929 4.305
    endloop
  endfacet
  facet normal -0 0 1
    outer loop
      vertex 14.0101 0.205826 4.305
      vertex 14.4803 0.159515 4.305
      vertex 14.0404 0.409683 4.305
    endloop
  endfacet
  facet normal 0 0 1
    outer loop
      vertex 14.5426 -0.472427 4.305
      vertex 14.0904 -0.609589 4.305
      vertex 14.1599 -0.803635 4.305
    endloop
  endfacet
  facet normal 0 0 1
    outer loop
      vertex 14.4803 0.159515 4.305
      vertex 14.0101 0.205826 4.305
      vertex 14.4725 0 4.305
    endloop
  endfacet
  facet normal 0 0 1
    outer loop
      vertex 14.5038 -0.317505 4.305
      vertex 14.0404 -0.409683 4.305
      vertex 14.0904 -0.609589 4.305
    endloop
  endfacet
  facet normal 0 0 1
    outer loop
      vertex 14 0 4.305
      vertex 14.4725 0 4.305
      vertex 14.0101 0.205826 4.305
    endloop
  endfacet
  facet normal 0 0 1
    outer loop
      vertex 14.4803 -0.159515 4.305
      vertex 14.0101 -0.205826 4.305
      vertex 14.0404 -0.409683 4.305
    endloop
  endfacet
  facet normal 0 0 1
    outer loop
      vertex 14.4725 0 4.305
      vertex 14 0 4.305
      vertex 14.0101 -0.205826 4.305
    endloop
  endfacet
  facet normal 0 1 0
    outer loop
      vertex 18.3 4 6.505
      vertex 17.79 4 4.305
      vertex 17.79 4 6.505
    endloop
  endfacet
  facet normal 0 1 0
    outer loop
      vertex 18.3 4 0
      vertex 16.95 4 4.305
      vertex 17.79 4 4.305
    endloop
  endfacet
  facet normal 0 1 0
    outer loop
      vertex 16.95 4 4.305
      vertex 18.3 4 0
      vertex 15.25 4 4.305
    endloop
  endfacet
  facet normal 0 1 0
    outer loop
      vertex 13.9 4 0
      vertex 15.25 4 4.305
      vertex 18.3 4 0
    endloop
  endfacet
  facet normal 0 1 -0
    outer loop
      vertex 18.3 4 0
      vertex 17.79 4 4.305
      vertex 18.3 4 6.505
    endloop
  endfacet
  facet normal 0 1 -0
    outer loop
      vertex 16.95 4 4.305
      vertex 15.25 4 6.505
      vertex 16.95 4 6.505
    endloop
  endfacet
  facet normal 0 1 0
    outer loop
      vertex 15.25 4 6.505
      vertex 16.95 4 4.305
      vertex 15.25 4 4.305
    endloop
  endfacet
  facet normal 0 1 -0
    outer loop
      vertex 14.41 4 4.305
      vertex 13.9 4 6.505
      vertex 14.41 4 6.505
    endloop
  endfacet
  facet normal 0 1 0
    outer loop
      vertex 14.41 4 4.305
      vertex 13.9 4 0
      vertex 13.9 4 6.505
    endloop
  endfacet
  facet normal 0 1 0
    outer loop
      vertex 15.25 4 4.305
      vertex 13.9 4 0
      vertex 14.41 4 4.305
    endloop
  endfacet
  facet normal -1 0 0
    outer loop
      vertex 13.9 -4 0
      vertex 13.9 4 6.505
      vertex 13.9 4 0
    endloop
  endfacet
  facet normal -1 -0 0
    outer loop
      vertex 13.9 4 6.505
      vertex 13.9 -4 0
      vertex 13.9 -4 6.505
    endloop
  endfacet
  facet normal 0 -1 0
    outer loop
      vertex 13.9 -4 0
      vertex 18.3 -4 6.505
      vertex 13.9 -4 6.505
    endloop
  endfacet
  facet normal 0 -1 -0
    outer loop
      vertex 18.3 -4 6.505
      vertex 13.9 -4 0
      vertex 18.3 -4 0
    endloop
  endfacet
  facet normal 1 -0 0
    outer loop
      vertex 18.3 -4 6.505
      vertex 18.3 4 0
      vertex 18.3 4 6.505
    endloop
  endfacet
  facet normal 1 0 0
    outer loop
      vertex 18.3 4 0
      vertex 18.3 -4 6.505
      vertex 18.3 -4 0
    endloop
  endfacet
  facet normal 0.146743 0.989175 -0
    outer loop
      vertex 15.9405 -1.61966 0
      vertex 15.7825 -1.59622 4.305
      vertex 15.9405 -1.61966 4.305
    endloop
  endfacet
  facet normal 0.146743 0.989175 0
    outer loop
      vertex 15.7825 -1.59622 4.305
      vertex 15.9405 -1.61966 0
      vertex 15.7825 -1.59622 0
    endloop
  endfacet
  facet normal 0.242963 0.970036 -0
    outer loop
      vertex 15.7825 -1.59622 0
      vertex 15.6276 -1.55742 4.305
      vertex 15.7825 -1.59622 4.305
    endloop
  endfacet
  facet normal 0.242963 0.970036 0
    outer loop
      vertex 15.6276 -1.55742 4.305
      vertex 15.7825 -1.59622 0
      vertex 15.6276 -1.55742 0
    endloop
  endfacet
  facet normal 0.33696 0.941519 -0
    outer loop
      vertex 15.6276 -1.55742 0
      vertex 15.4772 -1.5036 4.305
      vertex 15.6276 -1.55742 4.305
    endloop
  endfacet
  facet normal 0.33696 0.941519 0
    outer loop
      vertex 15.4772 -1.5036 4.305
      vertex 15.6276 -1.55742 0
      vertex 15.4772 -1.5036 0
    endloop
  endfacet
  facet normal 0.427503 0.904014 -0
    outer loop
      vertex 15.4772 -1.5036 0
      vertex 15.3328 -1.43532 4.305
      vertex 15.4772 -1.5036 4.305
    endloop
  endfacet
  facet normal 0.427503 0.904014 0
    outer loop
      vertex 15.3328 -1.43532 4.305
      vertex 15.4772 -1.5036 0
      vertex 15.3328 -1.43532 0
    endloop
  endfacet
  facet normal 0.514088 0.857737 -0
    outer loop
      vertex 15.3328 -1.43532 0
      vertex 15.1958 -1.35321 4.305
      vertex 15.3328 -1.43532 4.305
    endloop
  endfacet
  facet normal 0.514088 0.857737 0
    outer loop
      vertex 15.1958 -1.35321 4.305
      vertex 15.3328 -1.43532 0
      vertex 15.1958 -1.35321 0
    endloop
  endfacet
  facet normal 0.595696 0.80321 -0
    outer loop
      vertex 15.1958 -1.35321 0
      vertex 15.0675 -1.25807 4.305
      vertex 15.1958 -1.35321 4.305
    endloop
  endfacet
  facet normal 0.595696 0.80321 0
    outer loop
      vertex 15.0675 -1.25807 4.305
      vertex 15.1958 -1.35321 0
      vertex 15.0675 -1.25807 0
    endloop
  endfacet
  facet normal 0.671626 0.74089 -0
    outer loop
      vertex 15.0675 -1.25807 0
      vertex 14.9492 -1.1508 4.305
      vertex 15.0675 -1.25807 4.305
    endloop
  endfacet
  facet normal 0.671626 0.74089 0
    outer loop
      vertex 14.9492 -1.1508 4.305
      vertex 15.0675 -1.25807 0
      vertex 14.9492 -1.1508 0
    endloop
  endfacet
  facet normal 0.74089 0.671626 0
    outer loop
      vertex 14.9492 -1.1508 4.305
      vertex 14.8419 -1.03247 0
      vertex 14.8419 -1.03247 4.305
    endloop
  endfacet
  facet normal 0.74089 0.671626 0
    outer loop
      vertex 14.8419 -1.03247 0
      vertex 14.9492 -1.1508 4.305
      vertex 14.9492 -1.1508 0
    endloop
  endfacet
  facet normal 0.80321 0.595696 0
    outer loop
      vertex 14.8419 -1.03247 4.305
      vertex 14.7468 -0.90419 0
      vertex 14.7468 -0.90419 4.305
    endloop
  endfacet
  facet normal 0.80321 0.595696 0
    outer loop
      vertex 14.7468 -0.90419 0
      vertex 14.8419 -1.03247 4.305
      vertex 14.8419 -1.03247 0
    endloop
  endfacet
  facet normal 0.857737 0.514088 0
    outer loop
      vertex 14.7468 -0.90419 4.305
      vertex 14.6647 -0.767197 0
      vertex 14.6647 -0.767197 4.305
    endloop
  endfacet
  facet normal 0.857737 0.514088 0
    outer loop
      vertex 14.6647 -0.767197 0
      vertex 14.7468 -0.90419 4.305
      vertex 14.7468 -0.90419 0
    endloop
  endfacet
  facet normal 0.904014 0.427503 0
    outer loop
      vertex 14.6647 -0.767197 4.305
      vertex 14.5964 -0.622803 0
      vertex 14.5964 -0.622803 4.305
    endloop
  endfacet
  facet normal 0.904014 0.427503 0
    outer loop
      vertex 14.5964 -0.622803 0
      vertex 14.6647 -0.767197 4.305
      vertex 14.6647 -0.767197 0
    endloop
  endfacet
  facet normal 0.941519 0.33696 0
    outer loop
      vertex 14.5964 -0.622803 4.305
      vertex 14.5426 -0.472427 0
      vertex 14.5426 -0.472427 4.305
    endloop
  endfacet
  facet normal 0.941519 0.33696 0
    outer loop
      vertex 14.5426 -0.472427 0
      vertex 14.5964 -0.622803 4.305
      vertex 14.5964 -0.622803 0
    endloop
  endfacet
  facet normal 0.970036 0.242963 0
    outer loop
      vertex 14.5426 -0.472427 4.305
      vertex 14.5038 -0.317505 0
      vertex 14.5038 -0.317505 4.305
    endloop
  endfacet
  facet normal 0.970036 0.242963 0
    outer loop
      vertex 14.5038 -0.317505 0
      vertex 14.5426 -0.472427 4.305
      vertex 14.5426 -0.472427 0
    endloop
  endfacet
  facet normal 0.989175 0.146743 0
    outer loop
      vertex 14.5038 -0.317505 4.305
      vertex 14.4803 -0.159515 0
      vertex 14.4803 -0.159515 4.305
    endloop
  endfacet
  facet normal 0.989175 0.146743 0
    outer loop
      vertex 14.4803 -0.159515 0
      vertex 14.5038 -0.317505 4.305
      vertex 14.5038 -0.317505 0
    endloop
  endfacet
  facet normal 0.998798 0.0490131 0
    outer loop
      vertex 14.4803 -0.159515 4.305
      vertex 14.4725 0 0
      vertex 14.4725 0 4.305
    endloop
  endfacet
  facet normal 0.998798 0.0490131 0
    outer loop
      vertex 14.4725 0 0
      vertex 14.4803 -0.159515 4.305
      vertex 14.4803 -0.159515 0
    endloop
  endfacet
  facet normal 0.998798 -0.0490131 0
    outer loop
      vertex 14.4725 0 4.305
      vertex 14.4803 0.159515 0
      vertex 14.4803 0.159515 4.305
    endloop
  endfacet
  facet normal 0.998798 -0.0490131 0
    outer loop
      vertex 14.4803 0.159515 0
      vertex 14.4725 0 4.305
      vertex 14.4725 0 0
    endloop
  endfacet
  facet normal 0.989175 -0.146743 0
    outer loop
      vertex 14.4803 0.159515 4.305
      vertex 14.5038 0.317505 0
      vertex 14.5038 0.317505 4.305
    endloop
  endfacet
  facet normal 0.989175 -0.146743 0
    outer loop
      vertex 14.5038 0.317505 0
      vertex 14.4803 0.159515 4.305
      vertex 14.4803 0.159515 0
    endloop
  endfacet
  facet normal 0.970036 -0.242963 0
    outer loop
      vertex 14.5038 0.317505 4.305
      vertex 14.5426 0.472427 0
      vertex 14.5426 0.472427 4.305
    endloop
  endfacet
  facet normal 0.970036 -0.242963 0
    outer loop
      vertex 14.5426 0.472427 0
      vertex 14.5038 0.317505 4.305
      vertex 14.5038 0.317505 0
    endloop
  endfacet
  facet normal 0.941519 -0.33696 0
    outer loop
      vertex 14.5426 0.472427 4.305
      vertex 14.5964 0.622803 0
      vertex 14.5964 0.622803 4.305
    endloop
  endfacet
  facet normal 0.941519 -0.33696 0
    outer loop
      vertex 14.5964 0.622803 0
      vertex 14.5426 0.472427 4.305
      vertex 14.5426 0.472427 0
    endloop
  endfacet
  facet normal 0.904014 -0.427503 0
    outer loop
      vertex 14.5964 0.622803 4.305
      vertex 14.6647 0.767197 0
      vertex 14.6647 0.767197 4.305
    endloop
  endfacet
  facet normal 0.904014 -0.427503 0
    outer loop
      vertex 14.6647 0.767197 0
      vertex 14.5964 0.622803 4.305
      vertex 14.5964 0.622803 0
    endloop
  endfacet
  facet normal 0.857737 -0.514088 0
    outer loop
      vertex 14.6647 0.767197 4.305
      vertex 14.7468 0.90419 0
      vertex 14.7468 0.90419 4.305
    endloop
  endfacet
  facet normal 0.857737 -0.514088 0
    outer loop
      vertex 14.7468 0.90419 0
      vertex 14.6647 0.767197 4.305
      vertex 14.6647 0.767197 0
    endloop
  endfacet
  facet normal 0.80321 -0.595696 0
    outer loop
      vertex 14.7468 0.90419 4.305
      vertex 14.8419 1.03247 0
      vertex 14.8419 1.03247 4.305
    endloop
  endfacet
  facet normal 0.80321 -0.595696 0
    outer loop
      vertex 14.8419 1.03247 0
      vertex 14.7468 0.90419 4.305
      vertex 14.7468 0.90419 0
    endloop
  endfacet
  facet normal 0.74089 -0.671626 0
    outer loop
      vertex 14.8419 1.03247 4.305
      vertex 14.9492 1.1508 0
      vertex 14.9492 1.1508 4.305
    endloop
  endfacet
  facet normal 0.74089 -0.671626 0
    outer loop
      vertex 14.9492 1.1508 0
      vertex 14.8419 1.03247 4.305
      vertex 14.8419 1.03247 0
    endloop
  endfacet
  facet normal 0.671626 -0.74089 0
    outer loop
      vertex 14.9492 1.1508 0
      vertex 15.0675 1.25807 4.305
      vertex 14.9492 1.1508 4.305
    endloop
  endfacet
  facet normal 0.671626 -0.74089 0
    outer loop
      vertex 15.0675 1.25807 4.305
      vertex 14.9492 1.1508 0
      vertex 15.0675 1.25807 0
    endloop
  endfacet
  facet normal 0.595696 -0.80321 0
    outer loop
      vertex 15.0675 1.25807 0
      vertex 15.1958 1.35321 4.305
      vertex 15.0675 1.25807 4.305
    endloop
  endfacet
  facet normal 0.595696 -0.80321 0
    outer loop
      vertex 15.1958 1.35321 4.305
      vertex 15.0675 1.25807 0
      vertex 15.1958 1.35321 0
    endloop
  endfacet
  facet normal 0.514088 -0.857737 0
    outer loop
      vertex 15.1958 1.35321 0
      vertex 15.3328 1.43532 4.305
      vertex 15.1958 1.35321 4.305
    endloop
  endfacet
  facet normal 0.514088 -0.857737 0
    outer loop
      vertex 15.3328 1.43532 4.305
      vertex 15.1958 1.35321 0
      vertex 15.3328 1.43532 0
    endloop
  endfacet
  facet normal 0.427503 -0.904014 0
    outer loop
      vertex 15.3328 1.43532 0
      vertex 15.4772 1.5036 4.305
      vertex 15.3328 1.43532 4.305
    endloop
  endfacet
  facet normal 0.427503 -0.904014 0
    outer loop
      vertex 15.4772 1.5036 4.305
      vertex 15.3328 1.43532 0
      vertex 15.4772 1.5036 0
    endloop
  endfacet
  facet normal 0.33696 -0.941519 0
    outer loop
      vertex 15.4772 1.5036 0
      vertex 15.6276 1.55742 4.305
      vertex 15.4772 1.5036 4.305
    endloop
  endfacet
  facet normal 0.33696 -0.941519 0
    outer loop
      vertex 15.6276 1.55742 4.305
      vertex 15.4772 1.5036 0
      vertex 15.6276 1.55742 0
    endloop
  endfacet
  facet normal 0.242963 -0.970036 0
    outer loop
      vertex 15.6276 1.55742 0
      vertex 15.7825 1.59622 4.305
      vertex 15.6276 1.55742 4.305
    endloop
  endfacet
  facet normal 0.242963 -0.970036 0
    outer loop
      vertex 15.7825 1.59622 4.305
      vertex 15.6276 1.55742 0
      vertex 15.7825 1.59622 0
    endloop
  endfacet
  facet normal 0.146743 -0.989175 0
    outer loop
      vertex 15.7825 1.59622 0
      vertex 15.9405 1.61966 4.305
      vertex 15.7825 1.59622 4.305
    endloop
  endfacet
  facet normal 0.146743 -0.989175 0
    outer loop
      vertex 15.9405 1.61966 4.305
      vertex 15.7825 1.59622 0
      vertex 15.9405 1.61966 0
    endloop
  endfacet
  facet normal 0.0490131 -0.998798 0
    outer loop
      vertex 15.9405 1.61966 0
      vertex 16.1 1.62749 4.305
      vertex 15.9405 1.61966 4.305
    endloop
  endfacet
  facet normal 0.0490131 -0.998798 0
    outer loop
      vertex 16.1 1.62749 4.305
      vertex 15.9405 1.61966 0
      vertex 16.1 1.62749 0
    endloop
  endfacet
  facet normal -0.0490131 -0.998798 0
    outer loop
      vertex 16.1 1.62749 0
      vertex 16.2595 1.61966 4.305
      vertex 16.1 1.62749 4.305
    endloop
  endfacet
  facet normal -0.0490131 -0.998798 -0
    outer loop
      vertex 16.2595 1.61966 4.305
      vertex 16.1 1.62749 0
      vertex 16.2595 1.61966 0
    endloop
  endfacet
  facet normal -0.146743 -0.989175 0
    outer loop
      vertex 16.2595 1.61966 0
      vertex 16.4175 1.59622 4.305
      vertex 16.2595 1.61966 4.305
    endloop
  endfacet
  facet normal -0.146743 -0.989175 -0
    outer loop
      vertex 16.4175 1.59622 4.305
      vertex 16.2595 1.61966 0
      vertex 16.4175 1.59622 0
    endloop
  endfacet
  facet normal -0.242963 -0.970036 0
    outer loop
      vertex 16.4175 1.59622 0
      vertex 16.5724 1.55742 4.305
      vertex 16.4175 1.59622 4.305
    endloop
  endfacet
  facet normal -0.242963 -0.970036 -0
    outer loop
      vertex 16.5724 1.55742 4.305
      vertex 16.4175 1.59622 0
      vertex 16.5724 1.55742 0
    endloop
  endfacet
  facet normal -0.33696 -0.941519 0
    outer loop
      vertex 16.5724 1.55742 0
      vertex 16.7228 1.5036 4.305
      vertex 16.5724 1.55742 4.305
    endloop
  endfacet
  facet normal -0.33696 -0.941519 -0
    outer loop
      vertex 16.7228 1.5036 4.305
      vertex 16.5724 1.55742 0
      vertex 16.7228 1.5036 0
    endloop
  endfacet
  facet normal -0.427503 -0.904014 0
    outer loop
      vertex 16.7228 1.5036 0
      vertex 16.8672 1.43532 4.305
      vertex 16.7228 1.5036 4.305
    endloop
  endfacet
  facet normal -0.427503 -0.904014 -0
    outer loop
      vertex 16.8672 1.43532 4.305
      vertex 16.7228 1.5036 0
      vertex 16.8672 1.43532 0
    endloop
  endfacet
  facet normal -0.514088 -0.857737 0
    outer loop
      vertex 16.8672 1.43532 0
      vertex 17.0042 1.35321 4.305
      vertex 16.8672 1.43532 4.305
    endloop
  endfacet
  facet normal -0.514088 -0.857737 -0
    outer loop
      vertex 17.0042 1.35321 4.305
      vertex 16.8672 1.43532 0
      vertex 17.0042 1.35321 0
    endloop
  endfacet
  facet normal -0.595696 -0.80321 0
    outer loop
      vertex 17.0042 1.35321 0
      vertex 17.1325 1.25807 4.305
      vertex 17.0042 1.35321 4.305
    endloop
  endfacet
  facet normal -0.595696 -0.80321 -0
    outer loop
      vertex 17.1325 1.25807 4.305
      vertex 17.0042 1.35321 0
      vertex 17.1325 1.25807 0
    endloop
  endfacet
  facet normal -0.671626 -0.74089 0
    outer loop
      vertex 17.1325 1.25807 0
      vertex 17.2508 1.1508 4.305
      vertex 17.1325 1.25807 4.305
    endloop
  endfacet
  facet normal -0.671626 -0.74089 -0
    outer loop
      vertex 17.2508 1.1508 4.305
      vertex 17.1325 1.25807 0
      vertex 17.2508 1.1508 0
    endloop
  endfacet
  facet normal -0.74089 -0.671626 0
    outer loop
      vertex 17.3581 1.03247 0
      vertex 17.2508 1.1508 4.305
      vertex 17.2508 1.1508 0
    endloop
  endfacet
  facet normal -0.74089 -0.671626 0
    outer loop
      vertex 17.2508 1.1508 4.305
      vertex 17.3581 1.03247 0
      vertex 17.3581 1.03247 4.305
    endloop
  endfacet
  facet normal -0.80321 -0.595696 0
    outer loop
      vertex 17.4532 0.90419 0
      vertex 17.3581 1.03247 4.305
      vertex 17.3581 1.03247 0
    endloop
  endfacet
  facet normal -0.80321 -0.595696 0
    outer loop
      vertex 17.3581 1.03247 4.305
      vertex 17.4532 0.90419 0
      vertex 17.4532 0.90419 4.305
    endloop
  endfacet
  facet normal -0.857737 -0.514088 0
    outer loop
      vertex 17.5353 0.767197 0
      vertex 17.4532 0.90419 4.305
      vertex 17.4532 0.90419 0
    endloop
  endfacet
  facet normal -0.857737 -0.514088 0
    outer loop
      vertex 17.4532 0.90419 4.305
      vertex 17.5353 0.767197 0
      vertex 17.5353 0.767197 4.305
    endloop
  endfacet
  facet normal -0.904014 -0.427503 0
    outer loop
      vertex 17.6036 0.622803 0
      vertex 17.5353 0.767197 4.305
      vertex 17.5353 0.767197 0
    endloop
  endfacet
  facet normal -0.904014 -0.427503 0
    outer loop
      vertex 17.5353 0.767197 4.305
      vertex 17.6036 0.622803 0
      vertex 17.6036 0.622803 4.305
    endloop
  endfacet
  facet normal -0.941519 -0.33696 0
    outer loop
      vertex 17.6574 0.472427 0
      vertex 17.6036 0.622803 4.305
      vertex 17.6036 0.622803 0
    endloop
  endfacet
  facet normal -0.941519 -0.33696 0
    outer loop
      vertex 17.6036 0.622803 4.305
      vertex 17.6574 0.472427 0
      vertex 17.6574 0.472427 4.305
    endloop
  endfacet
  facet normal -0.970036 -0.242963 0
    outer loop
      vertex 17.6962 0.317505 0
      vertex 17.6574 0.472427 4.305
      vertex 17.6574 0.472427 0
    endloop
  endfacet
  facet normal -0.970036 -0.242963 0
    outer loop
      vertex 17.6574 0.472427 4.305
      vertex 17.6962 0.317505 0
      vertex 17.6962 0.317505 4.305
    endloop
  endfacet
  facet normal -0.989175 -0.146743 0
    outer loop
      vertex 17.7197 0.159515 0
      vertex 17.6962 0.317505 4.305
      vertex 17.6962 0.317505 0
    endloop
  endfacet
  facet normal -0.989175 -0.146743 0
    outer loop
      vertex 17.6962 0.317505 4.305
      vertex 17.7197 0.159515 0
      vertex 17.7197 0.159515 4.305
    endloop
  endfacet
  facet normal -0.998798 -0.0490131 0
    outer loop
      vertex 17.7275 0 0
      vertex 17.7197 0.159515 4.305
      vertex 17.7197 0.159515 0
    endloop
  endfacet
  facet normal -0.998798 -0.0490131 0
    outer loop
      vertex 17.7197 0.159515 4.305
      vertex 17.7275 0 0
      vertex 17.7275 0 4.305
    endloop
  endfacet
  facet normal -0.998798 0.0490131 0
    outer loop
      vertex 17.7197 -0.159515 0
      vertex 17.7275 0 4.305
      vertex 17.7275 0 0
    endloop
  endfacet
  facet normal -0.998798 0.0490131 0
    outer loop
      vertex 17.7275 0 4.305
      vertex 17.7197 -0.159515 0
      vertex 17.7197 -0.159515 4.305
    endloop
  endfacet
  facet normal -0.989175 0.146743 0
    outer loop
      vertex 17.6962 -0.317505 0
      vertex 17.7197 -0.159515 4.305
      vertex 17.7197 -0.159515 0
    endloop
  endfacet
  facet normal -0.989175 0.146743 0
    outer loop
      vertex 17.7197 -0.159515 4.305
      vertex 17.6962 -0.317505 0
      vertex 17.6962 -0.317505 4.305
    endloop
  endfacet
  facet normal -0.970036 0.242963 0
    outer loop
      vertex 17.6574 -0.472427 0
      vertex 17.6962 -0.317505 4.305
      vertex 17.6962 -0.317505 0
    endloop
  endfacet
  facet normal -0.970036 0.242963 0
    outer loop
      vertex 17.6962 -0.317505 4.305
      vertex 17.6574 -0.472427 0
      vertex 17.6574 -0.472427 4.305
    endloop
  endfacet
  facet normal -0.941519 0.33696 0
    outer loop
      vertex 17.6036 -0.622803 0
      vertex 17.6574 -0.472427 4.305
      vertex 17.6574 -0.472427 0
    endloop
  endfacet
  facet normal -0.941519 0.33696 0
    outer loop
      vertex 17.6574 -0.472427 4.305
      vertex 17.6036 -0.622803 0
      vertex 17.6036 -0.622803 4.305
    endloop
  endfacet
  facet normal -0.904014 0.427503 0
    outer loop
      vertex 17.5353 -0.767197 0
      vertex 17.6036 -0.622803 4.305
      vertex 17.6036 -0.622803 0
    endloop
  endfacet
  facet normal -0.904014 0.427503 0
    outer loop
      vertex 17.6036 -0.622803 4.305
      vertex 17.5353 -0.767197 0
      vertex 17.5353 -0.767197 4.305
    endloop
  endfacet
  facet normal -0.857737 0.514088 0
    outer loop
      vertex 17.4532 -0.90419 0
      vertex 17.5353 -0.767197 4.305
      vertex 17.5353 -0.767197 0
    endloop
  endfacet
  facet normal -0.857737 0.514088 0
    outer loop
      vertex 17.5353 -0.767197 4.305
      vertex 17.4532 -0.90419 0
      vertex 17.4532 -0.90419 4.305
    endloop
  endfacet
  facet normal -0.80321 0.595696 0
    outer loop
      vertex 17.3581 -1.03247 0
      vertex 17.4532 -0.90419 4.305
      vertex 17.4532 -0.90419 0
    endloop
  endfacet
  facet normal -0.80321 0.595696 0
    outer loop
      vertex 17.4532 -0.90419 4.305
      vertex 17.3581 -1.03247 0
      vertex 17.3581 -1.03247 4.305
    endloop
  endfacet
  facet normal -0.74089 0.671626 0
    outer loop
      vertex 17.2508 -1.1508 0
      vertex 17.3581 -1.03247 4.305
      vertex 17.3581 -1.03247 0
    endloop
  endfacet
  facet normal -0.74089 0.671626 0
    outer loop
      vertex 17.3581 -1.03247 4.305
      vertex 17.2508 -1.1508 0
      vertex 17.2508 -1.1508 4.305
    endloop
  endfacet
  facet normal -0.671626 0.74089 0
    outer loop
      vertex 17.2508 -1.1508 0
      vertex 17.1325 -1.25807 4.305
      vertex 17.2508 -1.1508 4.305
    endloop
  endfacet
  facet normal -0.671626 0.74089 0
    outer loop
      vertex 17.1325 -1.25807 4.305
      vertex 17.2508 -1.1508 0
      vertex 17.1325 -1.25807 0
    endloop
  endfacet
  facet normal -0.595696 0.80321 0
    outer loop
      vertex 17.1325 -1.25807 0
      vertex 17.0042 -1.35321 4.305
      vertex 17.1325 -1.25807 4.305
    endloop
  endfacet
  facet normal -0.595696 0.80321 0
    outer loop
      vertex 17.0042 -1.35321 4.305
      vertex 17.1325 -1.25807 0
      vertex 17.0042 -1.35321 0
    endloop
  endfacet
  facet normal -0.514088 0.857737 0
    outer loop
      vertex 17.0042 -1.35321 0
      vertex 16.8672 -1.43532 4.305
      vertex 17.0042 -1.35321 4.305
    endloop
  endfacet
  facet normal -0.514088 0.857737 0
    outer loop
      vertex 16.8672 -1.43532 4.305
      vertex 17.0042 -1.35321 0
      vertex 16.8672 -1.43532 0
    endloop
  endfacet
  facet normal -0.427503 0.904014 0
    outer loop
      vertex 16.8672 -1.43532 0
      vertex 16.7228 -1.5036 4.305
      vertex 16.8672 -1.43532 4.305
    endloop
  endfacet
  facet normal -0.427503 0.904014 0
    outer loop
      vertex 16.7228 -1.5036 4.305
      vertex 16.8672 -1.43532 0
      vertex 16.7228 -1.5036 0
    endloop
  endfacet
  facet normal -0.33696 0.941519 0
    outer loop
      vertex 16.7228 -1.5036 0
      vertex 16.5724 -1.55742 4.305
      vertex 16.7228 -1.5036 4.305
    endloop
  endfacet
  facet normal -0.33696 0.941519 0
    outer loop
      vertex 16.5724 -1.55742 4.305
      vertex 16.7228 -1.5036 0
      vertex 16.5724 -1.55742 0
    endloop
  endfacet
  facet normal -0.242963 0.970036 0
    outer loop
      vertex 16.5724 -1.55742 0
      vertex 16.4175 -1.59622 4.305
      vertex 16.5724 -1.55742 4.305
    endloop
  endfacet
  facet normal -0.242963 0.970036 0
    outer loop
      vertex 16.4175 -1.59622 4.305
      vertex 16.5724 -1.55742 0
      vertex 16.4175 -1.59622 0
    endloop
  endfacet
  facet normal -0.146743 0.989175 0
    outer loop
      vertex 16.4175 -1.59622 0
      vertex 16.2595 -1.61966 4.305
      vertex 16.4175 -1.59622 4.305
    endloop
  endfacet
  facet normal -0.146743 0.989175 0
    outer loop
      vertex 16.2595 -1.61966 4.305
      vertex 16.4175 -1.59622 0
      vertex 16.2595 -1.61966 0
    endloop
  endfacet
  facet normal -0.0490131 0.998798 0
    outer loop
      vertex 16.2595 -1.61966 0
      vertex 16.1 -1.62749 4.305
      vertex 16.2595 -1.61966 4.305
    endloop
  endfacet
  facet normal -0.0490131 0.998798 0
    outer loop
      vertex 16.1 -1.62749 4.305
      vertex 16.2595 -1.61966 0
      vertex 16.1 -1.62749 0
    endloop
  endfacet
  facet normal 0.0490131 0.998798 -0
    outer loop
      vertex 16.1 -1.62749 0
      vertex 15.9405 -1.61966 4.305
      vertex 16.1 -1.62749 4.305
    endloop
  endfacet
  facet normal 0.0490131 0.998798 0
    outer loop
      vertex 15.9405 -1.61966 4.305
      vertex 16.1 -1.62749 0
      vertex 15.9405 -1.61966 0
    endloop
  endfacet
  facet normal -0 0 1
    outer loop
      vertex 13.9 4 6.505
      vertex 14.41 1.24232 6.505
      vertex 14.41 4 6.505
    endloop
  endfacet
  facet normal 0 0 1
    outer loop
      vertex 14.41 1.24232 6.505
      vertex 13.9 4 6.505
      vertex 14.3539 1.16669 6.505
    endloop
  endfacet
  facet normal 0 0 1
    outer loop
      vertex 14.3539 1.16669 6.505
      vertex 13.9 4 6.505
      vertex 14.248 0.989929 6.505
    endloop
  endfacet
  facet normal 0 0 1
    outer loop
      vertex 14.248 0.989929 6.505
      vertex 13.9 4 6.505
      vertex 14.1599 0.803635 6.505
    endloop
  endfacet
  facet normal 0 0 1
    outer loop
      vertex 14.1599 0.803635 6.505
      vertex 13.9 4 6.505
      vertex 14.0904 0.609589 6.505
    endloop
  endfacet
  facet normal 0 0 1
    outer loop
      vertex 14.0904 0.609589 6.505
      vertex 13.9 4 6.505
      vertex 14.0404 0.409683 6.505
    endloop
  endfacet
  facet normal 0 0 1
    outer loop
      vertex 14.0101 0.205826 6.505
      vertex 13.9 4 6.505
      vertex 14 0 6.505
    endloop
  endfacet
  facet normal 0 0 1
    outer loop
      vertex 14.0404 0.409683 6.505
      vertex 13.9 4 6.505
      vertex 14.0101 0.205826 6.505
    endloop
  endfacet
  facet normal 0 0 1
    outer loop
      vertex 17.79 0 6.505
      vertex 18.3 4 6.505
      vertex 17.79 4 6.505
    endloop
  endfacet
  facet normal 0 0 1
    outer loop
      vertex 18.3 4 6.505
      vertex 17.79 0 6.505
      vertex 18.3 -4 6.505
    endloop
  endfacet
  facet normal 0 0 1
    outer loop
      vertex 17.7275 -1.3266 6.505
      vertex 17.79 0 6.505
      vertex 17.7275 0 6.505
    endloop
  endfacet
  facet normal 0 0 1
    outer loop
      vertex 17.79 0 6.505
      vertex 17.7275 -1.3266 6.505
      vertex 18.3 -4 6.505
    endloop
  endfacet
  facet normal -0 0 1
    outer loop
      vertex 17.5849 -1.48491 6.505
      vertex 18.3 -4 6.505
      vertex 17.7275 -1.3266 6.505
    endloop
  endfacet
  facet normal -0 0 1
    outer loop
      vertex 17.4322 -1.62332 6.505
      vertex 18.3 -4 6.505
      vertex 17.5849 -1.48491 6.505
    endloop
  endfacet
  facet normal -0 0 1
    outer loop
      vertex 17.2667 -1.74608 6.505
      vertex 18.3 -4 6.505
      vertex 17.4322 -1.62332 6.505
    endloop
  endfacet
  facet normal -0 0 1
    outer loop
      vertex 17.0899 -1.85202 6.505
      vertex 18.3 -4 6.505
      vertex 17.2667 -1.74608 6.505
    endloop
  endfacet
  facet normal -0 0 1
    outer loop
      vertex 16.9036 -1.94014 6.505
      vertex 18.3 -4 6.505
      vertex 17.0899 -1.85202 6.505
    endloop
  endfacet
  facet normal -0 0 1
    outer loop
      vertex 16.7096 -2.00957 6.505
      vertex 18.3 -4 6.505
      vertex 16.9036 -1.94014 6.505
    endloop
  endfacet
  facet normal -0 0 1
    outer loop
      vertex 16.5097 -2.05965 6.505
      vertex 18.3 -4 6.505
      vertex 16.7096 -2.00957 6.505
    endloop
  endfacet
  facet normal -0 0 1
    outer loop
      vertex 16.3058 -2.08987 6.505
      vertex 18.3 -4 6.505
      vertex 16.5097 -2.05965 6.505
    endloop
  endfacet
  facet normal -0 0 1
    outer loop
      vertex 16.1 -2.09999 6.505
      vertex 18.3 -4 6.505
      vertex 16.3058 -2.08987 6.505
    endloop
  endfacet
  facet normal 0 0 1
    outer loop
      vertex 13.9 -4 6.505
      vertex 16.1 -2.09999 6.505
      vertex 15.8942 -2.08987 6.505
    endloop
  endfacet
  facet normal 0 0 1
    outer loop
      vertex 13.9 -4 6.505
      vertex 15.8942 -2.08987 6.505
      vertex 15.6903 -2.05965 6.505
    endloop
  endfacet
  facet normal 0 0 1
    outer loop
      vertex 13.9 -4 6.505
      vertex 15.6903 -2.05965 6.505
      vertex 15.4904 -2.00957 6.505
    endloop
  endfacet
  facet normal 0 0 1
    outer loop
      vertex 13.9 -4 6.505
      vertex 15.4904 -2.00957 6.505
      vertex 15.2964 -1.94014 6.505
    endloop
  endfacet
  facet normal 0 0 1
    outer loop
      vertex 13.9 -4 6.505
      vertex 15.2964 -1.94014 6.505
      vertex 15.1101 -1.85202 6.505
    endloop
  endfacet
  facet normal 0 0 1
    outer loop
      vertex 13.9 -4 6.505
      vertex 15.1101 -1.85202 6.505
      vertex 14.9333 -1.74608 6.505
    endloop
  endfacet
  facet normal 0 0 1
    outer loop
      vertex 16.1 -2.09999 6.505
      vertex 13.9 -4 6.505
      vertex 18.3 -4 6.505
    endloop
  endfacet
  facet normal 0 0 1
    outer loop
      vertex 14.7678 -1.62332 6.505
      vertex 13.9 -4 6.505
      vertex 14.9333 -1.74608 6.505
    endloop
  endfacet
  facet normal 0 0 1
    outer loop
      vertex 14.6151 -1.48491 6.505
      vertex 13.9 -4 6.505
      vertex 14.7678 -1.62332 6.505
    endloop
  endfacet
  facet normal 0 0 1
    outer loop
      vertex 14.4767 -1.33221 6.505
      vertex 13.9 -4 6.505
      vertex 14.6151 -1.48491 6.505
    endloop
  endfacet
  facet normal 0 0 1
    outer loop
      vertex 14.3539 -1.16669 6.505
      vertex 13.9 -4 6.505
      vertex 14.4767 -1.33221 6.505
    endloop
  endfacet
  facet normal 0 0 1
    outer loop
      vertex 14.248 -0.989929 6.505
      vertex 13.9 -4 6.505
      vertex 14.3539 -1.16669 6.505
    endloop
  endfacet
  facet normal 0 0 1
    outer loop
      vertex 14.1599 -0.803635 6.505
      vertex 13.9 -4 6.505
      vertex 14.248 -0.989929 6.505
    endloop
  endfacet
  facet normal 0 0 1
    outer loop
      vertex 14.0904 -0.609589 6.505
      vertex 13.9 -4 6.505
      vertex 14.1599 -0.803635 6.505
    endloop
  endfacet
  facet normal 0 0 1
    outer loop
      vertex 14.0404 -0.409683 6.505
      vertex 13.9 -4 6.505
      vertex 14.0904 -0.609589 6.505
    endloop
  endfacet
  facet normal 0 0 1
    outer loop
      vertex 14.0101 -0.205826 6.505
      vertex 13.9 -4 6.505
      vertex 14.0404 -0.409683 6.505
    endloop
  endfacet
  facet normal 0 0 1
    outer loop
      vertex 14 0 6.505
      vertex 13.9 -4 6.505
      vertex 14.0101 -0.205826 6.505
    endloop
  endfacet
  facet normal 0 0 1
    outer loop
      vertex 13.9 -4 6.505
      vertex 14 0 6.505
      vertex 13.9 4 6.505
    endloop
  endfacet
  facet normal 0 0 1
    outer loop
      vertex 16.95 4 6.505
      vertex 16.9036 1.94014 6.505
      vertex 16.95 1.91821 6.505
    endloop
  endfacet
  facet normal 0 0 1
    outer loop
      vertex 16.95 4 6.505
      vertex 16.7096 2.00957 6.505
      vertex 16.9036 1.94014 6.505
    endloop
  endfacet
  facet normal 0 0 1
    outer loop
      vertex 16.95 4 6.505
      vertex 16.5097 2.05965 6.505
      vertex 16.7096 2.00957 6.505
    endloop
  endfacet
  facet normal 0 0 1
    outer loop
      vertex 16.95 4 6.505
      vertex 16.3058 2.08987 6.505
      vertex 16.5097 2.05965 6.505
    endloop
  endfacet
  facet normal 0 0 1
    outer loop
      vertex 16.95 4 6.505
      vertex 16.1 2.09999 6.505
      vertex 16.3058 2.08987 6.505
    endloop
  endfacet
  facet normal -0 0 1
    outer loop
      vertex 15.25 4 6.505
      vertex 16.1 2.09999 6.505
      vertex 16.95 4 6.505
    endloop
  endfacet
  facet normal 0 0 1
    outer loop
      vertex 16.1 2.09999 6.505
      vertex 15.25 4 6.505
      vertex 15.8942 2.08987 6.505
    endloop
  endfacet
  facet normal 0 0 1
    outer loop
      vertex 15.8942 2.08987 6.505
      vertex 15.25 4 6.505
      vertex 15.6903 2.05965 6.505
    endloop
  endfacet
  facet normal 0 0 1
    outer loop
      vertex 15.6903 2.05965 6.505
      vertex 15.25 4 6.505
      vertex 15.4904 2.00957 6.505
    endloop
  endfacet
  facet normal 0 0 1
    outer loop
      vertex 15.4904 2.00957 6.505
      vertex 15.25 4 6.505
      vertex 15.2964 1.94014 6.505
    endloop
  endfacet
  facet normal 0 0 1
    outer loop
      vertex 15.2964 1.94014 6.505
      vertex 15.25 4 6.505
      vertex 15.25 1.91821 6.505
    endloop
  endfacet
  facet normal -1 0 0
    outer loop
      vertex 17.79 0 4.305
      vertex 17.79 4 6.505
      vertex 17.79 4 4.305
    endloop
  endfacet
  facet normal -1 -0 0
    outer loop
      vertex 17.79 4 6.505
      vertex 17.79 0 4.305
      vertex 17.79 0 6.505
    endloop
  endfacet
  facet normal 0 1 -0
    outer loop
      vertex 17.79 0 4.305
      vertex 17.7275 0 6.505
      vertex 17.79 0 6.505
    endloop
  endfacet
  facet normal 0 1 0
    outer loop
      vertex 17.7275 0 6.505
      vertex 17.79 0 4.305
      vertex 17.7275 0 4.305
    endloop
  endfacet
  facet normal -1 0 0
    outer loop
      vertex 17.7275 -1.3266 4.305
      vertex 17.7275 0 6.505
      vertex 17.7275 0 4.305
    endloop
  endfacet
  facet normal -1 -0 0
    outer loop
      vertex 17.7275 0 6.505
      vertex 17.7275 -1.3266 4.305
      vertex 17.7275 -1.3266 6.505
    endloop
  endfacet
  facet normal -0.743063 0.669222 0
    outer loop
      vertex 17.5849 -1.48491 4.305
      vertex 17.7275 -1.3266 6.505
      vertex 17.7275 -1.3266 4.305
    endloop
  endfacet
  facet normal -0.743063 0.669222 0
    outer loop
      vertex 17.7275 -1.3266 6.505
      vertex 17.5849 -1.48491 4.305
      vertex 17.5849 -1.48491 6.505
    endloop
  endfacet
  facet normal -0.671607 0.740908 0
    outer loop
      vertex 17.5849 -1.48491 4.305
      vertex 17.4322 -1.62332 6.505
      vertex 17.5849 -1.48491 6.505
    endloop
  endfacet
  facet normal -0.671607 0.740908 0
    outer loop
      vertex 17.4322 -1.62332 6.505
      vertex 17.5849 -1.48491 4.305
      vertex 17.4322 -1.62332 4.305
    endloop
  endfacet
  facet normal -0.595679 0.803223 0
    outer loop
      vertex 17.4322 -1.62332 4.305
      vertex 17.2667 -1.74608 6.505
      vertex 17.4322 -1.62332 6.505
    endloop
  endfacet
  facet normal -0.595679 0.803223 0
    outer loop
      vertex 17.2667 -1.74608 6.505
      vertex 17.4322 -1.62332 4.305
      vertex 17.2667 -1.74608 4.305
    endloop
  endfacet
  facet normal -0.514093 0.857735 0
    outer loop
      vertex 17.2667 -1.74608 4.305
      vertex 17.0899 -1.85202 6.505
      vertex 17.2667 -1.74608 6.505
    endloop
  endfacet
  facet normal -0.514093 0.857735 0
    outer loop
      vertex 17.0899 -1.85202 6.505
      vertex 17.2667 -1.74608 4.305
      vertex 17.0899 -1.85202 4.305
    endloop
  endfacet
  facet normal -0.42759 0.903973 0
    outer loop
      vertex 17.0899 -1.85202 4.305
      vertex 16.9036 -1.94014 6.505
      vertex 17.0899 -1.85202 6.505
    endloop
  endfacet
  facet normal -0.42759 0.903973 0
    outer loop
      vertex 16.9036 -1.94014 6.505
      vertex 17.0899 -1.85202 4.305
      vertex 16.9036 -1.94014 4.305
    endloop
  endfacet
  facet normal -0.336876 0.941549 0
    outer loop
      vertex 16.9036 -1.94014 4.305
      vertex 16.7096 -2.00957 6.505
      vertex 16.9036 -1.94014 6.505
    endloop
  endfacet
  facet normal -0.336876 0.941549 0
    outer loop
      vertex 16.7096 -2.00957 6.505
      vertex 16.9036 -1.94014 4.305
      vertex 16.7096 -2.00957 4.305
    endloop
  endfacet
  facet normal -0.243006 0.970025 0
    outer loop
      vertex 16.7096 -2.00957 4.305
      vertex 16.5097 -2.05965 6.505
      vertex 16.7096 -2.00957 6.505
    endloop
  endfacet
  facet normal -0.243006 0.970025 0
    outer loop
      vertex 16.5097 -2.05965 6.505
      vertex 16.7096 -2.00957 4.305
      vertex 16.5097 -2.05965 4.305
    endloop
  endfacet
  facet normal -0.146675 0.989185 0
    outer loop
      vertex 16.5097 -2.05965 4.305
      vertex 16.3058 -2.08987 6.505
      vertex 16.5097 -2.05965 6.505
    endloop
  endfacet
  facet normal -0.146675 0.989185 0
    outer loop
      vertex 16.3058 -2.08987 6.505
      vertex 16.5097 -2.05965 4.305
      vertex 16.3058 -2.08987 4.305
    endloop
  endfacet
  facet normal -0.0490919 0.998794 0
    outer loop
      vertex 16.3058 -2.08987 4.305
      vertex 16.1 -2.09999 6.505
      vertex 16.3058 -2.08987 6.505
    endloop
  endfacet
  facet normal -0.0490919 0.998794 0
    outer loop
      vertex 16.1 -2.09999 6.505
      vertex 16.3058 -2.08987 4.305
      vertex 16.1 -2.09999 4.305
    endloop
  endfacet
  facet normal 0.0490919 0.998794 -0
    outer loop
      vertex 16.1 -2.09999 4.305
      vertex 15.8942 -2.08987 6.505
      vertex 16.1 -2.09999 6.505
    endloop
  endfacet
  facet normal 0.0490919 0.998794 0
    outer loop
      vertex 15.8942 -2.08987 6.505
      vertex 16.1 -2.09999 4.305
      vertex 15.8942 -2.08987 4.305
    endloop
  endfacet
  facet normal 0.146675 0.989185 -0
    outer loop
      vertex 15.8942 -2.08987 4.305
      vertex 15.6903 -2.05965 6.505
      vertex 15.8942 -2.08987 6.505
    endloop
  endfacet
  facet normal 0.146675 0.989185 0
    outer loop
      vertex 15.6903 -2.05965 6.505
      vertex 15.8942 -2.08987 4.305
      vertex 15.6903 -2.05965 4.305
    endloop
  endfacet
  facet normal 0.243006 0.970025 -0
    outer loop
      vertex 15.6903 -2.05965 4.305
      vertex 15.4904 -2.00957 6.505
      vertex 15.6903 -2.05965 6.505
    endloop
  endfacet
  facet normal 0.243006 0.970025 0
    outer loop
      vertex 15.4904 -2.00957 6.505
      vertex 15.6903 -2.05965 4.305
      vertex 15.4904 -2.00957 4.305
    endloop
  endfacet
  facet normal 0.336876 0.941549 -0
    outer loop
      vertex 15.4904 -2.00957 4.305
      vertex 15.2964 -1.94014 6.505
      vertex 15.4904 -2.00957 6.505
    endloop
  endfacet
  facet normal 0.336876 0.941549 0
    outer loop
      vertex 15.2964 -1.94014 6.505
      vertex 15.4904 -2.00957 4.305
      vertex 15.2964 -1.94014 4.305
    endloop
  endfacet
  facet normal 0.42759 0.903973 -0
    outer loop
      vertex 15.2964 -1.94014 4.305
      vertex 15.1101 -1.85202 6.505
      vertex 15.2964 -1.94014 6.505
    endloop
  endfacet
  facet normal 0.42759 0.903973 0
    outer loop
      vertex 15.1101 -1.85202 6.505
      vertex 15.2964 -1.94014 4.305
      vertex 15.1101 -1.85202 4.305
    endloop
  endfacet
  facet normal 0.514093 0.857735 -0
    outer loop
      vertex 15.1101 -1.85202 4.305
      vertex 14.9333 -1.74608 6.505
      vertex 15.1101 -1.85202 6.505
    endloop
  endfacet
  facet normal 0.514093 0.857735 0
    outer loop
      vertex 14.9333 -1.74608 6.505
      vertex 15.1101 -1.85202 4.305
      vertex 14.9333 -1.74608 4.305
    endloop
  endfacet
  facet normal 0.595679 0.803223 -0
    outer loop
      vertex 14.9333 -1.74608 4.305
      vertex 14.7678 -1.62332 6.505
      vertex 14.9333 -1.74608 6.505
    endloop
  endfacet
  facet normal 0.595679 0.803223 0
    outer loop
      vertex 14.7678 -1.62332 6.505
      vertex 14.9333 -1.74608 4.305
      vertex 14.7678 -1.62332 4.305
    endloop
  endfacet
  facet normal 0.671607 0.740908 -0
    outer loop
      vertex 14.7678 -1.62332 4.305
      vertex 14.6151 -1.48491 6.505
      vertex 14.7678 -1.62332 6.505
    endloop
  endfacet
  facet normal 0.671607 0.740908 0
    outer loop
      vertex 14.6151 -1.48491 6.505
      vertex 14.7678 -1.62332 4.305
      vertex 14.6151 -1.48491 4.305
    endloop
  endfacet
  facet normal 0.740908 0.671607 0
    outer loop
      vertex 14.6151 -1.48491 6.505
      vertex 14.4767 -1.33221 4.305
      vertex 14.4767 -1.33221 6.505
    endloop
  endfacet
  facet normal 0.740908 0.671607 0
    outer loop
      vertex 14.4767 -1.33221 4.305
      vertex 14.6151 -1.48491 6.505
      vertex 14.6151 -1.48491 4.305
    endloop
  endfacet
  facet normal 0.803223 0.595679 0
    outer loop
      vertex 14.4767 -1.33221 6.505
      vertex 14.3539 -1.16669 4.305
      vertex 14.3539 -1.16669 6.505
    endloop
  endfacet
  facet normal 0.803223 0.595679 0
    outer loop
      vertex 14.3539 -1.16669 4.305
      vertex 14.4767 -1.33221 6.505
      vertex 14.4767 -1.33221 4.305
    endloop
  endfacet
  facet normal 0.857735 0.514093 0
    outer loop
      vertex 14.3539 -1.16669 6.505
      vertex 14.248 -0.989929 4.305
      vertex 14.248 -0.989929 6.505
    endloop
  endfacet
  facet normal 0.857735 0.514093 0
    outer loop
      vertex 14.248 -0.989929 4.305
      vertex 14.3539 -1.16669 6.505
      vertex 14.3539 -1.16669 4.305
    endloop
  endfacet
  facet normal 0.903973 0.42759 0
    outer loop
      vertex 14.248 -0.989929 6.505
      vertex 14.1599 -0.803635 4.305
      vertex 14.1599 -0.803635 6.505
    endloop
  endfacet
  facet normal 0.903973 0.42759 0
    outer loop
      vertex 14.1599 -0.803635 4.305
      vertex 14.248 -0.989929 6.505
      vertex 14.248 -0.989929 4.305
    endloop
  endfacet
  facet normal 0.941549 0.336876 0
    outer loop
      vertex 14.1599 -0.803635 6.505
      vertex 14.0904 -0.609589 4.305
      vertex 14.0904 -0.609589 6.505
    endloop
  endfacet
  facet normal 0.941549 0.336876 0
    outer loop
      vertex 14.0904 -0.609589 4.305
      vertex 14.1599 -0.803635 6.505
      vertex 14.1599 -0.803635 4.305
    endloop
  endfacet
  facet normal 0.970025 0.243006 0
    outer loop
      vertex 14.0904 -0.609589 6.505
      vertex 14.0404 -0.409683 4.305
      vertex 14.0404 -0.409683 6.505
    endloop
  endfacet
  facet normal 0.970025 0.243006 0
    outer loop
      vertex 14.0404 -0.409683 4.305
      vertex 14.0904 -0.609589 6.505
      vertex 14.0904 -0.609589 4.305
    endloop
  endfacet
  facet normal 0.989185 0.146675 0
    outer loop
      vertex 14.0404 -0.409683 6.505
      vertex 14.0101 -0.205826 4.305
      vertex 14.0101 -0.205826 6.505
    endloop
  endfacet
  facet normal 0.989185 0.146675 0
    outer loop
      vertex 14.0101 -0.205826 4.305
      vertex 14.0404 -0.409683 6.505
      vertex 14.0404 -0.409683 4.305
    endloop
  endfacet
  facet normal 0.998794 0.0490919 0
    outer loop
      vertex 14.0101 -0.205826 6.505
      vertex 14 0 4.305
      vertex 14 0 6.505
    endloop
  endfacet
  facet normal 0.998794 0.0490919 0
    outer loop
      vertex 14 0 4.305
      vertex 14.0101 -0.205826 6.505
      vertex 14.0101 -0.205826 4.305
    endloop
  endfacet
  facet normal 0.998794 -0.0490919 0
    outer loop
      vertex 14 0 6.505
      vertex 14.0101 0.205826 4.305
      vertex 14.0101 0.205826 6.505
    endloop
  endfacet
  facet normal 0.998794 -0.0490919 0
    outer loop
      vertex 14.0101 0.205826 4.305
      vertex 14 0 6.505
      vertex 14 0 4.305
    endloop
  endfacet
  facet normal 0.989185 -0.146675 0
    outer loop
      vertex 14.0101 0.205826 6.505
      vertex 14.0404 0.409683 4.305
      vertex 14.0404 0.409683 6.505
    endloop
  endfacet
  facet normal 0.989185 -0.146675 0
    outer loop
      vertex 14.0404 0.409683 4.305
      vertex 14.0101 0.205826 6.505
      vertex 14.0101 0.205826 4.305
    endloop
  endfacet
  facet normal 0.970025 -0.243006 0
    outer loop
      vertex 14.0404 0.409683 6.505
      vertex 14.0904 0.609589 4.305
      vertex 14.0904 0.609589 6.505
    endloop
  endfacet
  facet normal 0.970025 -0.243006 0
    outer loop
      vertex 14.0904 0.609589 4.305
      vertex 14.0404 0.409683 6.505
      vertex 14.0404 0.409683 4.305
    endloop
  endfacet
  facet normal 0.941549 -0.336876 0
    outer loop
      vertex 14.0904 0.609589 6.505
      vertex 14.1599 0.803635 4.305
      vertex 14.1599 0.803635 6.505
    endloop
  endfacet
  facet normal 0.941549 -0.336876 0
    outer loop
      vertex 14.1599 0.803635 4.305
      vertex 14.0904 0.609589 6.505
      vertex 14.0904 0.609589 4.305
    endloop
  endfacet
  facet normal 0.903973 -0.42759 0
    outer loop
      vertex 14.1599 0.803635 6.505
      vertex 14.248 0.989929 4.305
      vertex 14.248 0.989929 6.505
    endloop
  endfacet
  facet normal 0.903973 -0.42759 0
    outer loop
      vertex 14.248 0.989929 4.305
      vertex 14.1599 0.803635 6.505
      vertex 14.1599 0.803635 4.305
    endloop
  endfacet
  facet normal 0.857735 -0.514093 0
    outer loop
      vertex 14.248 0.989929 6.505
      vertex 14.3539 1.16669 4.305
      vertex 14.3539 1.16669 6.505
    endloop
  endfacet
  facet normal 0.857735 -0.514093 0
    outer loop
      vertex 14.3539 1.16669 4.305
      vertex 14.248 0.989929 6.505
      vertex 14.248 0.989929 4.305
    endloop
  endfacet
  facet normal 0.803236 -0.595661 0
    outer loop
      vertex 14.3539 1.16669 6.505
      vertex 14.41 1.24232 4.305
      vertex 14.41 1.24232 6.505
    endloop
  endfacet
  facet normal 0.803236 -0.595661 0
    outer loop
      vertex 14.41 1.24232 4.305
      vertex 14.3539 1.16669 6.505
      vertex 14.3539 1.16669 4.305
    endloop
  endfacet
  facet normal 1 -0 0
    outer loop
      vertex 14.41 1.24232 6.505
      vertex 14.41 4 4.305
      vertex 14.41 4 6.505
    endloop
  endfacet
  facet normal 1 0 0
    outer loop
      vertex 14.41 4 4.305
      vertex 14.41 1.24232 6.505
      vertex 14.41 1.24232 4.305
    endloop
  endfacet
  facet normal -1 0 0
    outer loop
      vertex 15.25 1.91821 4.305
      vertex 15.25 4 6.505
      vertex 15.25 4 4.305
    endloop
  endfacet
  facet normal -1 -0 0
    outer loop
      vertex 15.25 4 6.505
      vertex 15.25 1.91821 4.305
      vertex 15.25 1.91821 6.505
    endloop
  endfacet
  facet normal 0.427587 -0.903974 0
    outer loop
      vertex 15.25 1.91821 4.305
      vertex 15.2964 1.94014 6.505
      vertex 15.25 1.91821 6.505
    endloop
  endfacet
  facet normal 0.427587 -0.903974 0
    outer loop
      vertex 15.2964 1.94014 6.505
      vertex 15.25 1.91821 4.305
      vertex 15.2964 1.94014 4.305
    endloop
  endfacet
  facet normal 0.336876 -0.941549 0
    outer loop
      vertex 15.2964 1.94014 4.305
      vertex 15.4904 2.00957 6.505
      vertex 15.2964 1.94014 6.505
    endloop
  endfacet
  facet normal 0.336876 -0.941549 0
    outer loop
      vertex 15.4904 2.00957 6.505
      vertex 15.2964 1.94014 4.305
      vertex 15.4904 2.00957 4.305
    endloop
  endfacet
  facet normal 0.243006 -0.970025 0
    outer loop
      vertex 15.4904 2.00957 4.305
      vertex 15.6903 2.05965 6.505
      vertex 15.4904 2.00957 6.505
    endloop
  endfacet
  facet normal 0.243006 -0.970025 0
    outer loop
      vertex 15.6903 2.05965 6.505
      vertex 15.4904 2.00957 4.305
      vertex 15.6903 2.05965 4.305
    endloop
  endfacet
  facet normal 0.146675 -0.989185 0
    outer loop
      vertex 15.6903 2.05965 4.305
      vertex 15.8942 2.08987 6.505
      vertex 15.6903 2.05965 6.505
    endloop
  endfacet
  facet normal 0.146675 -0.989185 0
    outer loop
      vertex 15.8942 2.08987 6.505
      vertex 15.6903 2.05965 4.305
      vertex 15.8942 2.08987 4.305
    endloop
  endfacet
  facet normal 0.0490919 -0.998794 0
    outer loop
      vertex 15.8942 2.08987 4.305
      vertex 16.1 2.09999 6.505
      vertex 15.8942 2.08987 6.505
    endloop
  endfacet
  facet normal 0.0490919 -0.998794 0
    outer loop
      vertex 16.1 2.09999 6.505
      vertex 15.8942 2.08987 4.305
      vertex 16.1 2.09999 4.305
    endloop
  endfacet
  facet normal -0.0490919 -0.998794 0
    outer loop
      vertex 16.1 2.09999 4.305
      vertex 16.3058 2.08987 6.505
      vertex 16.1 2.09999 6.505
    endloop
  endfacet
  facet normal -0.0490919 -0.998794 -0
    outer loop
      vertex 16.3058 2.08987 6.505
      vertex 16.1 2.09999 4.305
      vertex 16.3058 2.08987 4.305
    endloop
  endfacet
  facet normal -0.146675 -0.989185 0
    outer loop
      vertex 16.3058 2.08987 4.305
      vertex 16.5097 2.05965 6.505
      vertex 16.3058 2.08987 6.505
    endloop
  endfacet
  facet normal -0.146675 -0.989185 -0
    outer loop
      vertex 16.5097 2.05965 6.505
      vertex 16.3058 2.08987 4.305
      vertex 16.5097 2.05965 4.305
    endloop
  endfacet
  facet normal -0.243006 -0.970025 0
    outer loop
      vertex 16.5097 2.05965 4.305
      vertex 16.7096 2.00957 6.505
      vertex 16.5097 2.05965 6.505
    endloop
  endfacet
  facet normal -0.243006 -0.970025 -0
    outer loop
      vertex 16.7096 2.00957 6.505
      vertex 16.5097 2.05965 4.305
      vertex 16.7096 2.00957 4.305
    endloop
  endfacet
  facet normal -0.336876 -0.941549 0
    outer loop
      vertex 16.7096 2.00957 4.305
      vertex 16.9036 1.94014 6.505
      vertex 16.7096 2.00957 6.505
    endloop
  endfacet
  facet normal -0.336876 -0.941549 -0
    outer loop
      vertex 16.9036 1.94014 6.505
      vertex 16.7096 2.00957 4.305
      vertex 16.9036 1.94014 4.305
    endloop
  endfacet
  facet normal -0.427587 -0.903974 0
    outer loop
      vertex 16.9036 1.94014 4.305
      vertex 16.95 1.91821 6.505
      vertex 16.9036 1.94014 6.505
    endloop
  endfacet
  facet normal -0.427587 -0.903974 -0
    outer loop
      vertex 16.95 1.91821 6.505
      vertex 16.9036 1.94014 4.305
      vertex 16.95 1.91821 4.305
    endloop
  endfacet
  facet normal 1 -0 0
    outer loop
      vertex 16.95 1.91821 6.505
      vertex 16.95 4 4.305
      vertex 16.95 4 6.505
    endloop
  endfacet
  facet normal 1 0 0
    outer loop
      vertex 16.95 4 4.305
      vertex 16.95 1.91821 6.505
      vertex 16.95 1.91821 4.305
    endloop
  endfacet
  facet normal 0 0 -1
    outer loop
      vertex 22.7 -4 0
      vertex 22.1275 0 0
      vertex 22.7 4 0
    endloop
  endfacet
  facet normal 0 0 -1
    outer loop
      vertex 22.7 -4 0
      vertex 22.1197 -0.159515 0
      vertex 22.1275 0 0
    endloop
  endfacet
  facet normal 0 0 -1
    outer loop
      vertex 22.7 -4 0
      vertex 22.0962 -0.317505 0
      vertex 22.1197 -0.159515 0
    endloop
  endfacet
  facet normal 0 0 -1
    outer loop
      vertex 22.7 -4 0
      vertex 22.0574 -0.472427 0
      vertex 22.0962 -0.317505 0
    endloop
  endfacet
  facet normal 0 0 -1
    outer loop
      vertex 22.7 -4 0
      vertex 22.0036 -0.622803 0
      vertex 22.0574 -0.472427 0
    endloop
  endfacet
  facet normal 0 0 -1
    outer loop
      vertex 22.7 -4 0
      vertex 21.9353 -0.767197 0
      vertex 22.0036 -0.622803 0
    endloop
  endfacet
  facet normal 0 0 -1
    outer loop
      vertex 22.7 -4 0
      vertex 21.8532 -0.90419 0
      vertex 21.9353 -0.767197 0
    endloop
  endfacet
  facet normal 0 0 -1
    outer loop
      vertex 22.7 -4 0
      vertex 21.7581 -1.03247 0
      vertex 21.8532 -0.90419 0
    endloop
  endfacet
  facet normal 0 0 -1
    outer loop
      vertex 22.7 -4 0
      vertex 21.6508 -1.1508 0
      vertex 21.7581 -1.03247 0
    endloop
  endfacet
  facet normal 0 0 -1
    outer loop
      vertex 22.7 -4 0
      vertex 21.5325 -1.25807 0
      vertex 21.6508 -1.1508 0
    endloop
  endfacet
  facet normal 0 0 -1
    outer loop
      vertex 22.7 -4 0
      vertex 21.4042 -1.35321 0
      vertex 21.5325 -1.25807 0
    endloop
  endfacet
  facet normal 0 0 -1
    outer loop
      vertex 22.7 -4 0
      vertex 21.2672 -1.43532 0
      vertex 21.4042 -1.35321 0
    endloop
  endfacet
  facet normal 0 0 -1
    outer loop
      vertex 22.7 -4 0
      vertex 21.1228 -1.5036 0
      vertex 21.2672 -1.43532 0
    endloop
  endfacet
  facet normal 0 0 -1
    outer loop
      vertex 22.7 -4 0
      vertex 20.9724 -1.55742 0
      vertex 21.1228 -1.5036 0
    endloop
  endfacet
  facet normal 0 0 -1
    outer loop
      vertex 22.7 -4 0
      vertex 20.8175 -1.59622 0
      vertex 20.9724 -1.55742 0
    endloop
  endfacet
  facet normal 0 0 -1
    outer loop
      vertex 22.7 -4 0
      vertex 20.6595 -1.61966 0
      vertex 20.8175 -1.59622 0
    endloop
  endfacet
  facet normal 0 0 -1
    outer loop
      vertex 22.7 -4 0
      vertex 20.5 -1.62749 0
      vertex 20.6595 -1.61966 0
    endloop
  endfacet
  facet normal 0 0 -1
    outer loop
      vertex 18.3 -4 0
      vertex 20.5 -1.62749 0
      vertex 22.7 -4 0
    endloop
  endfacet
  facet normal -0 0 -1
    outer loop
      vertex 20.5 -1.62749 0
      vertex 18.3 -4 0
      vertex 20.3405 -1.61966 0
    endloop
  endfacet
  facet normal -0 0 -1
    outer loop
      vertex 20.3405 -1.61966 0
      vertex 18.3 -4 0
      vertex 20.1825 -1.59622 0
    endloop
  endfacet
  facet normal -0 0 -1
    outer loop
      vertex 20.1825 -1.59622 0
      vertex 18.3 -4 0
      vertex 20.0276 -1.55742 0
    endloop
  endfacet
  facet normal -0 0 -1
    outer loop
      vertex 20.0276 -1.55742 0
      vertex 18.3 -4 0
      vertex 19.8772 -1.5036 0
    endloop
  endfacet
  facet normal -0 0 -1
    outer loop
      vertex 19.8772 -1.5036 0
      vertex 18.3 -4 0
      vertex 19.7328 -1.43532 0
    endloop
  endfacet
  facet normal -0 0 -1
    outer loop
      vertex 19.7328 -1.43532 0
      vertex 18.3 -4 0
      vertex 19.5958 -1.35321 0
    endloop
  endfacet
  facet normal -0 0 -1
    outer loop
      vertex 18.8803 -0.159515 0
      vertex 18.3 -4 0
      vertex 18.8725 0 0
    endloop
  endfacet
  facet normal -0 0 -1
    outer loop
      vertex 18.9038 -0.317505 0
      vertex 18.3 -4 0
      vertex 18.8803 -0.159515 0
    endloop
  endfacet
  facet normal -0 0 -1
    outer loop
      vertex 18.9426 -0.472427 0
      vertex 18.3 -4 0
      vertex 18.9038 -0.317505 0
    endloop
  endfacet
  facet normal -0 0 -1
    outer loop
      vertex 18.9964 -0.622803 0
      vertex 18.3 -4 0
      vertex 18.9426 -0.472427 0
    endloop
  endfacet
  facet normal -0 0 -1
    outer loop
      vertex 19.0647 -0.767197 0
      vertex 18.3 -4 0
      vertex 18.9964 -0.622803 0
    endloop
  endfacet
  facet normal -0 0 -1
    outer loop
      vertex 19.1468 -0.90419 0
      vertex 18.3 -4 0
      vertex 19.0647 -0.767197 0
    endloop
  endfacet
  facet normal -0 0 -1
    outer loop
      vertex 19.2419 -1.03247 0
      vertex 18.3 -4 0
      vertex 19.1468 -0.90419 0
    endloop
  endfacet
  facet normal -0 0 -1
    outer loop
      vertex 19.3492 -1.1508 0
      vertex 18.3 -4 0
      vertex 19.2419 -1.03247 0
    endloop
  endfacet
  facet normal -0 0 -1
    outer loop
      vertex 19.4675 -1.25807 0
      vertex 18.3 -4 0
      vertex 19.3492 -1.1508 0
    endloop
  endfacet
  facet normal -0 0 -1
    outer loop
      vertex 19.5958 -1.35321 0
      vertex 18.3 -4 0
      vertex 19.4675 -1.25807 0
    endloop
  endfacet
  facet normal 0 0 -1
    outer loop
      vertex 22.1197 0.159515 0
      vertex 22.7 4 0
      vertex 22.1275 0 0
    endloop
  endfacet
  facet normal 0 0 -1
    outer loop
      vertex 22.0962 0.317505 0
      vertex 22.7 4 0
      vertex 22.1197 0.159515 0
    endloop
  endfacet
  facet normal 0 0 -1
    outer loop
      vertex 22.0574 0.472427 0
      vertex 22.7 4 0
      vertex 22.0962 0.317505 0
    endloop
  endfacet
  facet normal 0 0 -1
    outer loop
      vertex 22.0036 0.622803 0
      vertex 22.7 4 0
      vertex 22.0574 0.472427 0
    endloop
  endfacet
  facet normal 0 0 -1
    outer loop
      vertex 21.9353 0.767197 0
      vertex 22.7 4 0
      vertex 22.0036 0.622803 0
    endloop
  endfacet
  facet normal 0 0 -1
    outer loop
      vertex 21.8532 0.90419 0
      vertex 22.7 4 0
      vertex 21.9353 0.767197 0
    endloop
  endfacet
  facet normal 0 0 -1
    outer loop
      vertex 21.7581 1.03247 0
      vertex 22.7 4 0
      vertex 21.8532 0.90419 0
    endloop
  endfacet
  facet normal 0 0 -1
    outer loop
      vertex 21.6508 1.1508 0
      vertex 22.7 4 0
      vertex 21.7581 1.03247 0
    endloop
  endfacet
  facet normal 0 0 -1
    outer loop
      vertex 21.5325 1.25807 0
      vertex 22.7 4 0
      vertex 21.6508 1.1508 0
    endloop
  endfacet
  facet normal 0 0 -1
    outer loop
      vertex 21.4042 1.35321 0
      vertex 22.7 4 0
      vertex 21.5325 1.25807 0
    endloop
  endfacet
  facet normal 0 0 -1
    outer loop
      vertex 21.2672 1.43532 0
      vertex 22.7 4 0
      vertex 21.4042 1.35321 0
    endloop
  endfacet
  facet normal 0 0 -1
    outer loop
      vertex 21.1228 1.5036 0
      vertex 22.7 4 0
      vertex 21.2672 1.43532 0
    endloop
  endfacet
  facet normal 0 0 -1
    outer loop
      vertex 20.9724 1.55742 0
      vertex 22.7 4 0
      vertex 21.1228 1.5036 0
    endloop
  endfacet
  facet normal 0 0 -1
    outer loop
      vertex 20.8175 1.59622 0
      vertex 22.7 4 0
      vertex 20.9724 1.55742 0
    endloop
  endfacet
  facet normal 0 0 -1
    outer loop
      vertex 20.6595 1.61966 0
      vertex 22.7 4 0
      vertex 20.8175 1.59622 0
    endloop
  endfacet
  facet normal 0 0 -1
    outer loop
      vertex 20.5 1.62749 0
      vertex 22.7 4 0
      vertex 20.6595 1.61966 0
    endloop
  endfacet
  facet normal 0 0 -1
    outer loop
      vertex 18.3 4 0
      vertex 20.5 1.62749 0
      vertex 20.3405 1.61966 0
    endloop
  endfacet
  facet normal 0 0 -1
    outer loop
      vertex 18.3 4 0
      vertex 20.3405 1.61966 0
      vertex 20.1825 1.59622 0
    endloop
  endfacet
  facet normal 0 0 -1
    outer loop
      vertex 18.3 4 0
      vertex 20.1825 1.59622 0
      vertex 20.0276 1.55742 0
    endloop
  endfacet
  facet normal 0 0 -1
    outer loop
      vertex 18.3 4 0
      vertex 20.0276 1.55742 0
      vertex 19.8772 1.5036 0
    endloop
  endfacet
  facet normal 0 0 -1
    outer loop
      vertex 18.3 4 0
      vertex 19.8772 1.5036 0
      vertex 19.7328 1.43532 0
    endloop
  endfacet
  facet normal 0 0 -1
    outer loop
      vertex 18.3 4 0
      vertex 19.7328 1.43532 0
      vertex 19.5958 1.35321 0
    endloop
  endfacet
  facet normal 0 0 -1
    outer loop
      vertex 18.3 4 0
      vertex 19.5958 1.35321 0
      vertex 19.4675 1.25807 0
    endloop
  endfacet
  facet normal 0 0 -1
    outer loop
      vertex 18.3 4 0
      vertex 18.8725 0 0
      vertex 18.3 -4 0
    endloop
  endfacet
  facet normal 0 0 -1
    outer loop
      vertex 20.5 1.62749 0
      vertex 18.3 4 0
      vertex 22.7 4 0
    endloop
  endfacet
  facet normal 0 0 -1
    outer loop
      vertex 19.3492 1.1508 0
      vertex 18.3 4 0
      vertex 19.4675 1.25807 0
    endloop
  endfacet
  facet normal 0 0 -1
    outer loop
      vertex 19.2419 1.03247 0
      vertex 18.3 4 0
      vertex 19.3492 1.1508 0
    endloop
  endfacet
  facet normal 0 0 -1
    outer loop
      vertex 19.1468 0.90419 0
      vertex 18.3 4 0
      vertex 19.2419 1.03247 0
    endloop
  endfacet
  facet normal 0 0 -1
    outer loop
      vertex 19.0647 0.767197 0
      vertex 18.3 4 0
      vertex 19.1468 0.90419 0
    endloop
  endfacet
  facet normal 0 0 -1
    outer loop
      vertex 18.9964 0.622803 0
      vertex 18.3 4 0
      vertex 19.0647 0.767197 0
    endloop
  endfacet
  facet normal 0 0 -1
    outer loop
      vertex 18.9426 0.472427 0
      vertex 18.3 4 0
      vertex 18.9964 0.622803 0
    endloop
  endfacet
  facet normal 0 0 -1
    outer loop
      vertex 18.9038 0.317505 0
      vertex 18.3 4 0
      vertex 18.9426 0.472427 0
    endloop
  endfacet
  facet normal 0 0 -1
    outer loop
      vertex 18.8803 0.159515 0
      vertex 18.3 4 0
      vertex 18.9038 0.317505 0
    endloop
  endfacet
  facet normal 0 0 -1
    outer loop
      vertex 18.8725 0 0
      vertex 18.3 4 0
      vertex 18.8803 0.159515 0
    endloop
  endfacet
  facet normal -0 0 1
    outer loop
      vertex 18.81 4 4.305
      vertex 19.65 1.91821 4.305
      vertex 19.65 4 4.305
    endloop
  endfacet
  facet normal 0 0 1
    outer loop
      vertex 18.81 1.24232 4.305
      vertex 19.65 1.91821 4.305
      vertex 18.81 4 4.305
    endloop
  endfacet
  facet normal 0 -0 1
    outer loop
      vertex 19.4675 1.25807 4.305
      vertex 19.65 1.91821 4.305
      vertex 18.81 1.24232 4.305
    endloop
  endfacet
  facet normal 0 0 1
    outer loop
      vertex 19.4675 1.25807 4.305
      vertex 18.81 1.24232 4.305
      vertex 19.3492 1.1508 4.305
    endloop
  endfacet
  facet normal 0 0 1
    outer loop
      vertex 19.3492 1.1508 4.305
      vertex 18.81 1.24232 4.305
      vertex 19.2419 1.03247 4.305
    endloop
  endfacet
  facet normal 0 0 1
    outer loop
      vertex 19.2419 1.03247 4.305
      vertex 18.81 1.24232 4.305
      vertex 19.1468 0.90419 4.305
    endloop
  endfacet
  facet normal -0 0 1
    outer loop
      vertex 18.7539 1.16669 4.305
      vertex 19.1468 0.90419 4.305
      vertex 18.81 1.24232 4.305
    endloop
  endfacet
  facet normal 0 0 1
    outer loop
      vertex 19.1468 0.90419 4.305
      vertex 18.7539 1.16669 4.305
      vertex 19.0647 0.767197 4.305
    endloop
  endfacet
  facet normal -0 0 1
    outer loop
      vertex 18.648 0.989929 4.305
      vertex 19.0647 0.767197 4.305
      vertex 18.7539 1.16669 4.305
    endloop
  endfacet
  facet normal -0 0 1
    outer loop
      vertex 18.5599 0.803635 4.305
      vertex 18.9964 0.622803 4.305
      vertex 18.648 0.989929 4.305
    endloop
  endfacet
  facet normal 0 0 1
    outer loop
      vertex 19.0647 0.767197 4.305
      vertex 18.648 0.989929 4.305
      vertex 18.9964 0.622803 4.305
    endloop
  endfacet
  facet normal 0 0 1
    outer loop
      vertex 19.65 1.91821 4.305
      vertex 19.4675 1.25807 4.305
      vertex 19.5958 1.35321 4.305
    endloop
  endfacet
  facet normal -0 0 1
    outer loop
      vertex 22.0962 0.317505 4.305
      vertex 22.19 0 4.305
      vertex 22.19 4 4.305
    endloop
  endfacet
  facet normal 0 0 1
    outer loop
      vertex 22.19 0 4.305
      vertex 22.1197 0.159515 4.305
      vertex 22.1275 0 4.305
    endloop
  endfacet
  facet normal 0 0 1
    outer loop
      vertex 22.19 0 4.305
      vertex 22.0962 0.317505 4.305
      vertex 22.1197 0.159515 4.305
    endloop
  endfacet
  facet normal 0 0 1
    outer loop
      vertex 22.19 4 4.305
      vertex 22.0574 0.472427 4.305
      vertex 22.0962 0.317505 4.305
    endloop
  endfacet
  facet normal 0 0 1
    outer loop
      vertex 22.19 4 4.305
      vertex 22.0036 0.622803 4.305
      vertex 22.0574 0.472427 4.305
    endloop
  endfacet
  facet normal 0 0 1
    outer loop
      vertex 22.19 4 4.305
      vertex 21.9353 0.767197 4.305
      vertex 22.0036 0.622803 4.305
    endloop
  endfacet
  facet normal 0 0 1
    outer loop
      vertex 22.19 4 4.305
      vertex 21.8532 0.90419 4.305
      vertex 21.9353 0.767197 4.305
    endloop
  endfacet
  facet normal 0 0 1
    outer loop
      vertex 22.19 4 4.305
      vertex 21.7581 1.03247 4.305
      vertex 21.8532 0.90419 4.305
    endloop
  endfacet
  facet normal -0 0 1
    outer loop
      vertex 21.35 1.91821 4.305
      vertex 21.7581 1.03247 4.305
      vertex 22.19 4 4.305
    endloop
  endfacet
  facet normal 0 0 1
    outer loop
      vertex 21.7581 1.03247 4.305
      vertex 21.35 1.91821 4.305
      vertex 21.6508 1.1508 4.305
    endloop
  endfacet
  facet normal 0 0 1
    outer loop
      vertex 21.6508 1.1508 4.305
      vertex 21.35 1.91821 4.305
      vertex 21.5325 1.25807 4.305
    endloop
  endfacet
  facet normal 0 0 1
    outer loop
      vertex 21.35 1.91821 4.305
      vertex 22.19 4 4.305
      vertex 21.35 4 4.305
    endloop
  endfacet
  facet normal 0 0 1
    outer loop
      vertex 21.5325 1.25807 4.305
      vertex 21.35 1.91821 4.305
      vertex 21.4042 1.35321 4.305
    endloop
  endfacet
  facet normal 0 0 1
    outer loop
      vertex 21.1228 1.5036 4.305
      vertex 21.35 1.91821 4.305
      vertex 21.3036 1.94014 4.305
    endloop
  endfacet
  facet normal 0 0 1
    outer loop
      vertex 21.35 1.91821 4.305
      vertex 21.2672 1.43532 4.305
      vertex 21.4042 1.35321 4.305
    endloop
  endfacet
  facet normal 0 0 1
    outer loop
      vertex 21.35 1.91821 4.305
      vertex 21.1228 1.5036 4.305
      vertex 21.2672 1.43532 4.305
    endloop
  endfacet
  facet normal 0 0 1
    outer loop
      vertex 21.1096 2.00957 4.305
      vertex 21.1228 1.5036 4.305
      vertex 21.3036 1.94014 4.305
    endloop
  endfacet
  facet normal 0 0 1
    outer loop
      vertex 21.1096 2.00957 4.305
      vertex 20.9724 1.55742 4.305
      vertex 21.1228 1.5036 4.305
    endloop
  endfacet
  facet normal 0 0 1
    outer loop
      vertex 20.9097 2.05965 4.305
      vertex 20.9724 1.55742 4.305
      vertex 21.1096 2.00957 4.305
    endloop
  endfacet
  facet normal 0 0 1
    outer loop
      vertex 20.9097 2.05965 4.305
      vertex 20.8175 1.59622 4.305
      vertex 20.9724 1.55742 4.305
    endloop
  endfacet
  facet normal 0 0 1
    outer loop
      vertex 20.7058 2.08987 4.305
      vertex 20.8175 1.59622 4.305
      vertex 20.9097 2.05965 4.305
    endloop
  endfacet
  facet normal 0 0 1
    outer loop
      vertex 20.7058 2.08987 4.305
      vertex 20.6595 1.61966 4.305
      vertex 20.8175 1.59622 4.305
    endloop
  endfacet
  facet normal 0 0 1
    outer loop
      vertex 20.5 2.09999 4.305
      vertex 20.6595 1.61966 4.305
      vertex 20.7058 2.08987 4.305
    endloop
  endfacet
  facet normal 0 0 1
    outer loop
      vertex 20.5 2.09999 4.305
      vertex 20.5 1.62749 4.305
      vertex 20.6595 1.61966 4.305
    endloop
  endfacet
  facet normal 0 0 1
    outer loop
      vertex 20.5 2.09999 4.305
      vertex 20.3405 1.61966 4.305
      vertex 20.5 1.62749 4.305
    endloop
  endfacet
  facet normal -0 0 1
    outer loop
      vertex 20.2942 2.08987 4.305
      vertex 20.3405 1.61966 4.305
      vertex 20.5 2.09999 4.305
    endloop
  endfacet
  facet normal 0 0 1
    outer loop
      vertex 20.2942 2.08987 4.305
      vertex 20.1825 1.59622 4.305
      vertex 20.3405 1.61966 4.305
    endloop
  endfacet
  facet normal -0 0 1
    outer loop
      vertex 20.0903 2.05965 4.305
      vertex 20.1825 1.59622 4.305
      vertex 20.2942 2.08987 4.305
    endloop
  endfacet
  facet normal 0 0 1
    outer loop
      vertex 20.0903 2.05965 4.305
      vertex 20.0276 1.55742 4.305
      vertex 20.1825 1.59622 4.305
    endloop
  endfacet
  facet normal -0 0 1
    outer loop
      vertex 19.8904 2.00957 4.305
      vertex 20.0276 1.55742 4.305
      vertex 20.0903 2.05965 4.305
    endloop
  endfacet
  facet normal 0 0 1
    outer loop
      vertex 19.8904 2.00957 4.305
      vertex 19.8772 1.5036 4.305
      vertex 20.0276 1.55742 4.305
    endloop
  endfacet
  facet normal -0 0 1
    outer loop
      vertex 19.6964 1.94014 4.305
      vertex 19.8772 1.5036 4.305
      vertex 19.8904 2.00957 4.305
    endloop
  endfacet
  facet normal -0 0 1
    outer loop
      vertex 19.65 1.91821 4.305
      vertex 19.8772 1.5036 4.305
      vertex 19.6964 1.94014 4.305
    endloop
  endfacet
  facet normal 0 0 1
    outer loop
      vertex 19.8772 1.5036 4.305
      vertex 19.65 1.91821 4.305
      vertex 19.7328 1.43532 4.305
    endloop
  endfacet
  facet normal 0 0 1
    outer loop
      vertex 19.7328 1.43532 4.305
      vertex 19.65 1.91821 4.305
      vertex 19.5958 1.35321 4.305
    endloop
  endfacet
  facet normal -0 0 1
    outer loop
      vertex 22.1197 -0.159515 4.305
      vertex 22.1275 -1.3266 4.305
      vertex 22.1275 0 4.305
    endloop
  endfacet
  facet normal -0 0 1
    outer loop
      vertex 22.0962 -0.317505 4.305
      vertex 22.1275 -1.3266 4.305
      vertex 22.1197 -0.159515 4.305
    endloop
  endfacet
  facet normal -0 0 1
    outer loop
      vertex 22.0574 -0.472427 4.305
      vertex 22.1275 -1.3266 4.305
      vertex 22.0962 -0.317505 4.305
    endloop
  endfacet
  facet normal -0 0 1
    outer loop
      vertex 22.0036 -0.622803 4.305
      vertex 22.1275 -1.3266 4.305
      vertex 22.0574 -0.472427 4.305
    endloop
  endfacet
  facet normal -0 0 1
    outer loop
      vertex 21.9353 -0.767197 4.305
      vertex 22.1275 -1.3266 4.305
      vertex 22.0036 -0.622803 4.305
    endloop
  endfacet
  facet normal -0 0 1
    outer loop
      vertex 21.8532 -0.90419 4.305
      vertex 22.1275 -1.3266 4.305
      vertex 21.9353 -0.767197 4.305
    endloop
  endfacet
  facet normal -0 0 1
    outer loop
      vertex 21.7581 -1.03247 4.305
      vertex 22.1275 -1.3266 4.305
      vertex 21.8532 -0.90419 4.305
    endloop
  endfacet
  facet normal 0 0 1
    outer loop
      vertex 22.1275 -1.3266 4.305
      vertex 21.7581 -1.03247 4.305
      vertex 21.9849 -1.48491 4.305
    endloop
  endfacet
  facet normal -0 0 1
    outer loop
      vertex 21.6508 -1.1508 4.305
      vertex 21.9849 -1.48491 4.305
      vertex 21.7581 -1.03247 4.305
    endloop
  endfacet
  facet normal 0 0 1
    outer loop
      vertex 21.9849 -1.48491 4.305
      vertex 21.6508 -1.1508 4.305
      vertex 21.8322 -1.62332 4.305
    endloop
  endfacet
  facet normal -0 0 1
    outer loop
      vertex 21.5325 -1.25807 4.305
      vertex 21.8322 -1.62332 4.305
      vertex 21.6508 -1.1508 4.305
    endloop
  endfacet
  facet normal 0 0 1
    outer loop
      vertex 21.8322 -1.62332 4.305
      vertex 21.5325 -1.25807 4.305
      vertex 21.6667 -1.74608 4.305
    endloop
  endfacet
  facet normal -0 0 1
    outer loop
      vertex 21.4042 -1.35321 4.305
      vertex 21.6667 -1.74608 4.305
      vertex 21.5325 -1.25807 4.305
    endloop
  endfacet
  facet normal 0 0 1
    outer loop
      vertex 21.6667 -1.74608 4.305
      vertex 21.4042 -1.35321 4.305
      vertex 21.4899 -1.85202 4.305
    endloop
  endfacet
  facet normal -0 0 1
    outer loop
      vertex 21.2672 -1.43532 4.305
      vertex 21.4899 -1.85202 4.305
      vertex 21.4042 -1.35321 4.305
    endloop
  endfacet
  facet normal 0 0 1
    outer loop
      vertex 21.4899 -1.85202 4.305
      vertex 21.2672 -1.43532 4.305
      vertex 21.3036 -1.94014 4.305
    endloop
  endfacet
  facet normal -0 0 1
    outer loop
      vertex 21.1228 -1.5036 4.305
      vertex 21.3036 -1.94014 4.305
      vertex 21.2672 -1.43532 4.305
    endloop
  endfacet
  facet normal 0 0 1
    outer loop
      vertex 21.1228 -1.5036 4.305
      vertex 21.1096 -2.00957 4.305
      vertex 21.3036 -1.94014 4.305
    endloop
  endfacet
  facet normal -0 0 1
    outer loop
      vertex 20.9724 -1.55742 4.305
      vertex 21.1096 -2.00957 4.305
      vertex 21.1228 -1.5036 4.305
    endloop
  endfacet
  facet normal 0 0 1
    outer loop
      vertex 20.9724 -1.55742 4.305
      vertex 20.9097 -2.05965 4.305
      vertex 21.1096 -2.00957 4.305
    endloop
  endfacet
  facet normal -0 0 1
    outer loop
      vertex 20.8175 -1.59622 4.305
      vertex 20.9097 -2.05965 4.305
      vertex 20.9724 -1.55742 4.305
    endloop
  endfacet
  facet normal 0 0 1
    outer loop
      vertex 20.8175 -1.59622 4.305
      vertex 20.7058 -2.08987 4.305
      vertex 20.9097 -2.05965 4.305
    endloop
  endfacet
  facet normal -0 0 1
    outer loop
      vertex 20.6595 -1.61966 4.305
      vertex 20.7058 -2.08987 4.305
      vertex 20.8175 -1.59622 4.305
    endloop
  endfacet
  facet normal -0 0 1
    outer loop
      vertex 20.5 -1.62749 4.305
      vertex 20.7058 -2.08987 4.305
      vertex 20.6595 -1.61966 4.305
    endloop
  endfacet
  facet normal 0 0 1
    outer loop
      vertex 20.5 -1.62749 4.305
      vertex 20.5 -2.09999 4.305
      vertex 20.7058 -2.08987 4.305
    endloop
  endfacet
  facet normal 0 0 1
    outer loop
      vertex 20.3405 -1.61966 4.305
      vertex 20.5 -2.09999 4.305
      vertex 20.5 -1.62749 4.305
    endloop
  endfacet
  facet normal 0 0 1
    outer loop
      vertex 20.3405 -1.61966 4.305
      vertex 20.2942 -2.08987 4.305
      vertex 20.5 -2.09999 4.305
    endloop
  endfacet
  facet normal 0 0 1
    outer loop
      vertex 20.1825 -1.59622 4.305
      vertex 20.2942 -2.08987 4.305
      vertex 20.3405 -1.61966 4.305
    endloop
  endfacet
  facet normal 0 0 1
    outer loop
      vertex 20.1825 -1.59622 4.305
      vertex 20.0903 -2.05965 4.305
      vertex 20.2942 -2.08987 4.305
    endloop
  endfacet
  facet normal 0 0 1
    outer loop
      vertex 20.0276 -1.55742 4.305
      vertex 20.0903 -2.05965 4.305
      vertex 20.1825 -1.59622 4.305
    endloop
  endfacet
  facet normal 0 0 1
    outer loop
      vertex 20.0276 -1.55742 4.305
      vertex 19.8904 -2.00957 4.305
      vertex 20.0903 -2.05965 4.305
    endloop
  endfacet
  facet normal 0 0 1
    outer loop
      vertex 19.8772 -1.5036 4.305
      vertex 19.8904 -2.00957 4.305
      vertex 20.0276 -1.55742 4.305
    endloop
  endfacet
  facet normal 0 0 1
    outer loop
      vertex 19.6964 -1.94014 4.305
      vertex 19.8772 -1.5036 4.305
      vertex 19.7328 -1.43532 4.305
    endloop
  endfacet
  facet normal 0 0 1
    outer loop
      vertex 19.8772 -1.5036 4.305
      vertex 19.6964 -1.94014 4.305
      vertex 19.8904 -2.00957 4.305
    endloop
  endfacet
  facet normal 0 0 1
    outer loop
      vertex 19.5101 -1.85202 4.305
      vertex 19.7328 -1.43532 4.305
      vertex 19.5958 -1.35321 4.305
    endloop
  endfacet
  facet normal 0 0 1
    outer loop
      vertex 19.7328 -1.43532 4.305
      vertex 19.5101 -1.85202 4.305
      vertex 19.6964 -1.94014 4.305
    endloop
  endfacet
  facet normal 0 0 1
    outer loop
      vertex 19.3333 -1.74608 4.305
      vertex 19.5958 -1.35321 4.305
      vertex 19.4675 -1.25807 4.305
    endloop
  endfacet
  facet normal 0 0 1
    outer loop
      vertex 19.1678 -1.62332 4.305
      vertex 19.4675 -1.25807 4.305
      vertex 19.3492 -1.1508 4.305
    endloop
  endfacet
  facet normal 0 0 1
    outer loop
      vertex 19.5958 -1.35321 4.305
      vertex 19.3333 -1.74608 4.305
      vertex 19.5101 -1.85202 4.305
    endloop
  endfacet
  facet normal 0 0 1
    outer loop
      vertex 19.0151 -1.48491 4.305
      vertex 19.3492 -1.1508 4.305
      vertex 19.2419 -1.03247 4.305
    endloop
  endfacet
  facet normal 0 0 1
    outer loop
      vertex 19.4675 -1.25807 4.305
      vertex 19.1678 -1.62332 4.305
      vertex 19.3333 -1.74608 4.305
    endloop
  endfacet
  facet normal 0 0 1
    outer loop
      vertex 18.8767 -1.33221 4.305
      vertex 19.2419 -1.03247 4.305
      vertex 19.1468 -0.90419 4.305
    endloop
  endfacet
  facet normal 0 0 1
    outer loop
      vertex 18.7539 -1.16669 4.305
      vertex 19.1468 -0.90419 4.305
      vertex 19.0647 -0.767197 4.305
    endloop
  endfacet
  facet normal 0 0 1
    outer loop
      vertex 19.3492 -1.1508 4.305
      vertex 19.0151 -1.48491 4.305
      vertex 19.1678 -1.62332 4.305
    endloop
  endfacet
  facet normal 0 0 1
    outer loop
      vertex 18.648 -0.989929 4.305
      vertex 19.0647 -0.767197 4.305
      vertex 18.9964 -0.622803 4.305
    endloop
  endfacet
  facet normal 0 0 1
    outer loop
      vertex 18.5599 -0.803635 4.305
      vertex 18.9964 -0.622803 4.305
      vertex 18.9426 -0.472427 4.305
    endloop
  endfacet
  facet normal 0 0 1
    outer loop
      vertex 18.4904 -0.609589 4.305
      vertex 18.9426 -0.472427 4.305
      vertex 18.9038 -0.317505 4.305
    endloop
  endfacet
  facet normal 0 0 1
    outer loop
      vertex 18.4404 -0.409683 4.305
      vertex 18.9038 -0.317505 4.305
      vertex 18.8803 -0.159515 4.305
    endloop
  endfacet
  facet normal 0 0 1
    outer loop
      vertex 19.2419 -1.03247 4.305
      vertex 18.8767 -1.33221 4.305
      vertex 19.0151 -1.48491 4.305
    endloop
  endfacet
  facet normal 0 0 1
    outer loop
      vertex 18.4101 -0.205826 4.305
      vertex 18.8803 -0.159515 4.305
      vertex 18.8725 0 4.305
    endloop
  endfacet
  facet normal 0 0 1
    outer loop
      vertex 18.9964 0.622803 4.305
      vertex 18.5599 0.803635 4.305
      vertex 18.9426 0.472427 4.305
    endloop
  endfacet
  facet normal -0 0 1
    outer loop
      vertex 18.4904 0.609589 4.305
      vertex 18.9426 0.472427 4.305
      vertex 18.5599 0.803635 4.305
    endloop
  endfacet
  facet normal 0 0 1
    outer loop
      vertex 18.9426 0.472427 4.305
      vertex 18.4904 0.609589 4.305
      vertex 18.9038 0.317505 4.305
    endloop
  endfacet
  facet normal 0 0 1
    outer loop
      vertex 19.1468 -0.90419 4.305
      vertex 18.7539 -1.16669 4.305
      vertex 18.8767 -1.33221 4.305
    endloop
  endfacet
  facet normal -0 0 1
    outer loop
      vertex 18.4404 0.409683 4.305
      vertex 18.9038 0.317505 4.305
      vertex 18.4904 0.609589 4.305
    endloop
  endfacet
  facet normal 0 0 1
    outer loop
      vertex 19.0647 -0.767197 4.305
      vertex 18.648 -0.989929 4.305
      vertex 18.7539 -1.16669 4.305
    endloop
  endfacet
  facet normal 0 0 1
    outer loop
      vertex 18.9038 0.317505 4.305
      vertex 18.4404 0.409683 4.305
      vertex 18.8803 0.159515 4.305
    endloop
  endfacet
  facet normal 0 0 1
    outer loop
      vertex 18.9964 -0.622803 4.305
      vertex 18.5599 -0.803635 4.305
      vertex 18.648 -0.989929 4.305
    endloop
  endfacet
  facet normal -0 0 1
    outer loop
      vertex 18.4101 0.205826 4.305
      vertex 18.8803 0.159515 4.305
      vertex 18.4404 0.409683 4.305
    endloop
  endfacet
  facet normal 0 0 1
    outer loop
      vertex 18.9426 -0.472427 4.305
      vertex 18.4904 -0.609589 4.305
      vertex 18.5599 -0.803635 4.305
    endloop
  endfacet
  facet normal 0 0 1
    outer loop
      vertex 18.8803 0.159515 4.305
      vertex 18.4101 0.205826 4.305
      vertex 18.8725 0 4.305
    endloop
  endfacet
  facet normal 0 0 1
    outer loop
      vertex 18.9038 -0.317505 4.305
      vertex 18.4404 -0.409683 4.305
      vertex 18.4904 -0.609589 4.305
    endloop
  endfacet
  facet normal 0 0 1
    outer loop
      vertex 18.4 0 4.305
      vertex 18.8725 0 4.305
      vertex 18.4101 0.205826 4.305
    endloop
  endfacet
  facet normal 0 0 1
    outer loop
      vertex 18.8803 -0.159515 4.305
      vertex 18.4101 -0.205826 4.305
      vertex 18.4404 -0.409683 4.305
    endloop
  endfacet
  facet normal 0 0 1
    outer loop
      vertex 18.8725 0 4.305
      vertex 18.4 0 4.305
      vertex 18.4101 -0.205826 4.305
    endloop
  endfacet
  facet normal 0 1 0
    outer loop
      vertex 22.7 4 6.505
      vertex 22.19 4 4.305
      vertex 22.19 4 6.505
    endloop
  endfacet
  facet normal 0 1 0
    outer loop
      vertex 22.7 4 0
      vertex 21.35 4 4.305
      vertex 22.19 4 4.305
    endloop
  endfacet
  facet normal 0 1 0
    outer loop
      vertex 21.35 4 4.305
      vertex 22.7 4 0
      vertex 19.65 4 4.305
    endloop
  endfacet
  facet normal 0 1 0
    outer loop
      vertex 18.3 4 0
      vertex 19.65 4 4.305
      vertex 22.7 4 0
    endloop
  endfacet
  facet normal 0 1 -0
    outer loop
      vertex 22.7 4 0
      vertex 22.19 4 4.305
      vertex 22.7 4 6.505
    endloop
  endfacet
  facet normal 0 1 -0
    outer loop
      vertex 21.35 4 4.305
      vertex 19.65 4 6.505
      vertex 21.35 4 6.505
    endloop
  endfacet
  facet normal 0 1 0
    outer loop
      vertex 19.65 4 6.505
      vertex 21.35 4 4.305
      vertex 19.65 4 4.305
    endloop
  endfacet
  facet normal 0 1 -0
    outer loop
      vertex 18.81 4 4.305
      vertex 18.3 4 6.505
      vertex 18.81 4 6.505
    endloop
  endfacet
  facet normal 0 1 0
    outer loop
      vertex 18.81 4 4.305
      vertex 18.3 4 0
      vertex 18.3 4 6.505
    endloop
  endfacet
  facet normal 0 1 0
    outer loop
      vertex 19.65 4 4.305
      vertex 18.3 4 0
      vertex 18.81 4 4.305
    endloop
  endfacet
  facet normal -1 0 0
    outer loop
      vertex 18.3 -4 0
      vertex 18.3 4 6.505
      vertex 18.3 4 0
    endloop
  endfacet
  facet normal -1 -0 0
    outer loop
      vertex 18.3 4 6.505
      vertex 18.3 -4 0
      vertex 18.3 -4 6.505
    endloop
  endfacet
  facet normal 0 -1 0
    outer loop
      vertex 18.3 -4 0
      vertex 22.7 -4 6.505
      vertex 18.3 -4 6.505
    endloop
  endfacet
  facet normal 0 -1 -0
    outer loop
      vertex 22.7 -4 6.505
      vertex 18.3 -4 0
      vertex 22.7 -4 0
    endloop
  endfacet
  facet normal 1 -0 0
    outer loop
      vertex 22.7 -4 6.505
      vertex 22.7 4 0
      vertex 22.7 4 6.505
    endloop
  endfacet
  facet normal 1 0 0
    outer loop
      vertex 22.7 4 0
      vertex 22.7 -4 6.505
      vertex 22.7 -4 0
    endloop
  endfacet
  facet normal 0.146743 0.989175 -0
    outer loop
      vertex 20.3405 -1.61966 0
      vertex 20.1825 -1.59622 4.305
      vertex 20.3405 -1.61966 4.305
    endloop
  endfacet
  facet normal 0.146743 0.989175 0
    outer loop
      vertex 20.1825 -1.59622 4.305
      vertex 20.3405 -1.61966 0
      vertex 20.1825 -1.59622 0
    endloop
  endfacet
  facet normal 0.242963 0.970036 -0
    outer loop
      vertex 20.1825 -1.59622 0
      vertex 20.0276 -1.55742 4.305
      vertex 20.1825 -1.59622 4.305
    endloop
  endfacet
  facet normal 0.242963 0.970036 0
    outer loop
      vertex 20.0276 -1.55742 4.305
      vertex 20.1825 -1.59622 0
      vertex 20.0276 -1.55742 0
    endloop
  endfacet
  facet normal 0.33696 0.941519 -0
    outer loop
      vertex 20.0276 -1.55742 0
      vertex 19.8772 -1.5036 4.305
      vertex 20.0276 -1.55742 4.305
    endloop
  endfacet
  facet normal 0.33696 0.941519 0
    outer loop
      vertex 19.8772 -1.5036 4.305
      vertex 20.0276 -1.55742 0
      vertex 19.8772 -1.5036 0
    endloop
  endfacet
  facet normal 0.427503 0.904014 -0
    outer loop
      vertex 19.8772 -1.5036 0
      vertex 19.7328 -1.43532 4.305
      vertex 19.8772 -1.5036 4.305
    endloop
  endfacet
  facet normal 0.427503 0.904014 0
    outer loop
      vertex 19.7328 -1.43532 4.305
      vertex 19.8772 -1.5036 0
      vertex 19.7328 -1.43532 0
    endloop
  endfacet
  facet normal 0.514088 0.857737 -0
    outer loop
      vertex 19.7328 -1.43532 0
      vertex 19.5958 -1.35321 4.305
      vertex 19.7328 -1.43532 4.305
    endloop
  endfacet
  facet normal 0.514088 0.857737 0
    outer loop
      vertex 19.5958 -1.35321 4.305
      vertex 19.7328 -1.43532 0
      vertex 19.5958 -1.35321 0
    endloop
  endfacet
  facet normal 0.595696 0.80321 -0
    outer loop
      vertex 19.5958 -1.35321 0
      vertex 19.4675 -1.25807 4.305
      vertex 19.5958 -1.35321 4.305
    endloop
  endfacet
  facet normal 0.595696 0.80321 0
    outer loop
      vertex 19.4675 -1.25807 4.305
      vertex 19.5958 -1.35321 0
      vertex 19.4675 -1.25807 0
    endloop
  endfacet
  facet normal 0.671626 0.74089 -0
    outer loop
      vertex 19.4675 -1.25807 0
      vertex 19.3492 -1.1508 4.305
      vertex 19.4675 -1.25807 4.305
    endloop
  endfacet
  facet normal 0.671626 0.74089 0
    outer loop
      vertex 19.3492 -1.1508 4.305
      vertex 19.4675 -1.25807 0
      vertex 19.3492 -1.1508 0
    endloop
  endfacet
  facet normal 0.74089 0.671626 0
    outer loop
      vertex 19.3492 -1.1508 4.305
      vertex 19.2419 -1.03247 0
      vertex 19.2419 -1.03247 4.305
    endloop
  endfacet
  facet normal 0.74089 0.671626 0
    outer loop
      vertex 19.2419 -1.03247 0
      vertex 19.3492 -1.1508 4.305
      vertex 19.3492 -1.1508 0
    endloop
  endfacet
  facet normal 0.80321 0.595696 0
    outer loop
      vertex 19.2419 -1.03247 4.305
      vertex 19.1468 -0.90419 0
      vertex 19.1468 -0.90419 4.305
    endloop
  endfacet
  facet normal 0.80321 0.595696 0
    outer loop
      vertex 19.1468 -0.90419 0
      vertex 19.2419 -1.03247 4.305
      vertex 19.2419 -1.03247 0
    endloop
  endfacet
  facet normal 0.857737 0.514088 0
    outer loop
      vertex 19.1468 -0.90419 4.305
      vertex 19.0647 -0.767197 0
      vertex 19.0647 -0.767197 4.305
    endloop
  endfacet
  facet normal 0.857737 0.514088 0
    outer loop
      vertex 19.0647 -0.767197 0
      vertex 19.1468 -0.90419 4.305
      vertex 19.1468 -0.90419 0
    endloop
  endfacet
  facet normal 0.904014 0.427503 0
    outer loop
      vertex 19.0647 -0.767197 4.305
      vertex 18.9964 -0.622803 0
      vertex 18.9964 -0.622803 4.305
    endloop
  endfacet
  facet normal 0.904014 0.427503 0
    outer loop
      vertex 18.9964 -0.622803 0
      vertex 19.0647 -0.767197 4.305
      vertex 19.0647 -0.767197 0
    endloop
  endfacet
  facet normal 0.941519 0.33696 0
    outer loop
      vertex 18.9964 -0.622803 4.305
      vertex 18.9426 -0.472427 0
      vertex 18.9426 -0.472427 4.305
    endloop
  endfacet
  facet normal 0.941519 0.33696 0
    outer loop
      vertex 18.9426 -0.472427 0
      vertex 18.9964 -0.622803 4.305
      vertex 18.9964 -0.622803 0
    endloop
  endfacet
  facet normal 0.970036 0.242963 0
    outer loop
      vertex 18.9426 -0.472427 4.305
      vertex 18.9038 -0.317505 0
      vertex 18.9038 -0.317505 4.305
    endloop
  endfacet
  facet normal 0.970036 0.242963 0
    outer loop
      vertex 18.9038 -0.317505 0
      vertex 18.9426 -0.472427 4.305
      vertex 18.9426 -0.472427 0
    endloop
  endfacet
  facet normal 0.989175 0.146743 0
    outer loop
      vertex 18.9038 -0.317505 4.305
      vertex 18.8803 -0.159515 0
      vertex 18.8803 -0.159515 4.305
    endloop
  endfacet
  facet normal 0.989175 0.146743 0
    outer loop
      vertex 18.8803 -0.159515 0
      vertex 18.9038 -0.317505 4.305
      vertex 18.9038 -0.317505 0
    endloop
  endfacet
  facet normal 0.998798 0.0490131 0
    outer loop
      vertex 18.8803 -0.159515 4.305
      vertex 18.8725 0 0
      vertex 18.8725 0 4.305
    endloop
  endfacet
  facet normal 0.998798 0.0490131 0
    outer loop
      vertex 18.8725 0 0
      vertex 18.8803 -0.159515 4.305
      vertex 18.8803 -0.159515 0
    endloop
  endfacet
  facet normal 0.998798 -0.0490131 0
    outer loop
      vertex 18.8725 0 4.305
      vertex 18.8803 0.159515 0
      vertex 18.8803 0.159515 4.305
    endloop
  endfacet
  facet normal 0.998798 -0.0490131 0
    outer loop
      vertex 18.8803 0.159515 0
      vertex 18.8725 0 4.305
      vertex 18.8725 0 0
    endloop
  endfacet
  facet normal 0.989175 -0.146743 0
    outer loop
      vertex 18.8803 0.159515 4.305
      vertex 18.9038 0.317505 0
      vertex 18.9038 0.317505 4.305
    endloop
  endfacet
  facet normal 0.989175 -0.146743 0
    outer loop
      vertex 18.9038 0.317505 0
      vertex 18.8803 0.159515 4.305
      vertex 18.8803 0.159515 0
    endloop
  endfacet
  facet normal 0.970036 -0.242963 0
    outer loop
      vertex 18.9038 0.317505 4.305
      vertex 18.9426 0.472427 0
      vertex 18.9426 0.472427 4.305
    endloop
  endfacet
  facet normal 0.970036 -0.242963 0
    outer loop
      vertex 18.9426 0.472427 0
      vertex 18.9038 0.317505 4.305
      vertex 18.9038 0.317505 0
    endloop
  endfacet
  facet normal 0.941519 -0.33696 0
    outer loop
      vertex 18.9426 0.472427 4.305
      vertex 18.9964 0.622803 0
      vertex 18.9964 0.622803 4.305
    endloop
  endfacet
  facet normal 0.941519 -0.33696 0
    outer loop
      vertex 18.9964 0.622803 0
      vertex 18.9426 0.472427 4.305
      vertex 18.9426 0.472427 0
    endloop
  endfacet
  facet normal 0.904014 -0.427503 0
    outer loop
      vertex 18.9964 0.622803 4.305
      vertex 19.0647 0.767197 0
      vertex 19.0647 0.767197 4.305
    endloop
  endfacet
  facet normal 0.904014 -0.427503 0
    outer loop
      vertex 19.0647 0.767197 0
      vertex 18.9964 0.622803 4.305
      vertex 18.9964 0.622803 0
    endloop
  endfacet
  facet normal 0.857737 -0.514088 0
    outer loop
      vertex 19.0647 0.767197 4.305
      vertex 19.1468 0.90419 0
      vertex 19.1468 0.90419 4.305
    endloop
  endfacet
  facet normal 0.857737 -0.514088 0
    outer loop
      vertex 19.1468 0.90419 0
      vertex 19.0647 0.767197 4.305
      vertex 19.0647 0.767197 0
    endloop
  endfacet
  facet normal 0.80321 -0.595696 0
    outer loop
      vertex 19.1468 0.90419 4.305
      vertex 19.2419 1.03247 0
      vertex 19.2419 1.03247 4.305
    endloop
  endfacet
  facet normal 0.80321 -0.595696 0
    outer loop
      vertex 19.2419 1.03247 0
      vertex 19.1468 0.90419 4.305
      vertex 19.1468 0.90419 0
    endloop
  endfacet
  facet normal 0.74089 -0.671626 0
    outer loop
      vertex 19.2419 1.03247 4.305
      vertex 19.3492 1.1508 0
      vertex 19.3492 1.1508 4.305
    endloop
  endfacet
  facet normal 0.74089 -0.671626 0
    outer loop
      vertex 19.3492 1.1508 0
      vertex 19.2419 1.03247 4.305
      vertex 19.2419 1.03247 0
    endloop
  endfacet
  facet normal 0.671626 -0.74089 0
    outer loop
      vertex 19.3492 1.1508 0
      vertex 19.4675 1.25807 4.305
      vertex 19.3492 1.1508 4.305
    endloop
  endfacet
  facet normal 0.671626 -0.74089 0
    outer loop
      vertex 19.4675 1.25807 4.305
      vertex 19.3492 1.1508 0
      vertex 19.4675 1.25807 0
    endloop
  endfacet
  facet normal 0.595696 -0.80321 0
    outer loop
      vertex 19.4675 1.25807 0
      vertex 19.5958 1.35321 4.305
      vertex 19.4675 1.25807 4.305
    endloop
  endfacet
  facet normal 0.595696 -0.80321 0
    outer loop
      vertex 19.5958 1.35321 4.305
      vertex 19.4675 1.25807 0
      vertex 19.5958 1.35321 0
    endloop
  endfacet
  facet normal 0.514088 -0.857737 0
    outer loop
      vertex 19.5958 1.35321 0
      vertex 19.7328 1.43532 4.305
      vertex 19.5958 1.35321 4.305
    endloop
  endfacet
  facet normal 0.514088 -0.857737 0
    outer loop
      vertex 19.7328 1.43532 4.305
      vertex 19.5958 1.35321 0
      vertex 19.7328 1.43532 0
    endloop
  endfacet
  facet normal 0.427503 -0.904014 0
    outer loop
      vertex 19.7328 1.43532 0
      vertex 19.8772 1.5036 4.305
      vertex 19.7328 1.43532 4.305
    endloop
  endfacet
  facet normal 0.427503 -0.904014 0
    outer loop
      vertex 19.8772 1.5036 4.305
      vertex 19.7328 1.43532 0
      vertex 19.8772 1.5036 0
    endloop
  endfacet
  facet normal 0.33696 -0.941519 0
    outer loop
      vertex 19.8772 1.5036 0
      vertex 20.0276 1.55742 4.305
      vertex 19.8772 1.5036 4.305
    endloop
  endfacet
  facet normal 0.33696 -0.941519 0
    outer loop
      vertex 20.0276 1.55742 4.305
      vertex 19.8772 1.5036 0
      vertex 20.0276 1.55742 0
    endloop
  endfacet
  facet normal 0.242963 -0.970036 0
    outer loop
      vertex 20.0276 1.55742 0
      vertex 20.1825 1.59622 4.305
      vertex 20.0276 1.55742 4.305
    endloop
  endfacet
  facet normal 0.242963 -0.970036 0
    outer loop
      vertex 20.1825 1.59622 4.305
      vertex 20.0276 1.55742 0
      vertex 20.1825 1.59622 0
    endloop
  endfacet
  facet normal 0.146743 -0.989175 0
    outer loop
      vertex 20.1825 1.59622 0
      vertex 20.3405 1.61966 4.305
      vertex 20.1825 1.59622 4.305
    endloop
  endfacet
  facet normal 0.146743 -0.989175 0
    outer loop
      vertex 20.3405 1.61966 4.305
      vertex 20.1825 1.59622 0
      vertex 20.3405 1.61966 0
    endloop
  endfacet
  facet normal 0.0490131 -0.998798 0
    outer loop
      vertex 20.3405 1.61966 0
      vertex 20.5 1.62749 4.305
      vertex 20.3405 1.61966 4.305
    endloop
  endfacet
  facet normal 0.0490131 -0.998798 0
    outer loop
      vertex 20.5 1.62749 4.305
      vertex 20.3405 1.61966 0
      vertex 20.5 1.62749 0
    endloop
  endfacet
  facet normal -0.0490131 -0.998798 0
    outer loop
      vertex 20.5 1.62749 0
      vertex 20.6595 1.61966 4.305
      vertex 20.5 1.62749 4.305
    endloop
  endfacet
  facet normal -0.0490131 -0.998798 -0
    outer loop
      vertex 20.6595 1.61966 4.305
      vertex 20.5 1.62749 0
      vertex 20.6595 1.61966 0
    endloop
  endfacet
  facet normal -0.146743 -0.989175 0
    outer loop
      vertex 20.6595 1.61966 0
      vertex 20.8175 1.59622 4.305
      vertex 20.6595 1.61966 4.305
    endloop
  endfacet
  facet normal -0.146743 -0.989175 -0
    outer loop
      vertex 20.8175 1.59622 4.305
      vertex 20.6595 1.61966 0
      vertex 20.8175 1.59622 0
    endloop
  endfacet
  facet normal -0.242963 -0.970036 0
    outer loop
      vertex 20.8175 1.59622 0
      vertex 20.9724 1.55742 4.305
      vertex 20.8175 1.59622 4.305
    endloop
  endfacet
  facet normal -0.242963 -0.970036 -0
    outer loop
      vertex 20.9724 1.55742 4.305
      vertex 20.8175 1.59622 0
      vertex 20.9724 1.55742 0
    endloop
  endfacet
  facet normal -0.33696 -0.941519 0
    outer loop
      vertex 20.9724 1.55742 0
      vertex 21.1228 1.5036 4.305
      vertex 20.9724 1.55742 4.305
    endloop
  endfacet
  facet normal -0.33696 -0.941519 -0
    outer loop
      vertex 21.1228 1.5036 4.305
      vertex 20.9724 1.55742 0
      vertex 21.1228 1.5036 0
    endloop
  endfacet
  facet normal -0.427503 -0.904014 0
    outer loop
      vertex 21.1228 1.5036 0
      vertex 21.2672 1.43532 4.305
      vertex 21.1228 1.5036 4.305
    endloop
  endfacet
  facet normal -0.427503 -0.904014 -0
    outer loop
      vertex 21.2672 1.43532 4.305
      vertex 21.1228 1.5036 0
      vertex 21.2672 1.43532 0
    endloop
  endfacet
  facet normal -0.514088 -0.857737 0
    outer loop
      vertex 21.2672 1.43532 0
      vertex 21.4042 1.35321 4.305
      vertex 21.2672 1.43532 4.305
    endloop
  endfacet
  facet normal -0.514088 -0.857737 -0
    outer loop
      vertex 21.4042 1.35321 4.305
      vertex 21.2672 1.43532 0
      vertex 21.4042 1.35321 0
    endloop
  endfacet
  facet normal -0.595696 -0.80321 0
    outer loop
      vertex 21.4042 1.35321 0
      vertex 21.5325 1.25807 4.305
      vertex 21.4042 1.35321 4.305
    endloop
  endfacet
  facet normal -0.595696 -0.80321 -0
    outer loop
      vertex 21.5325 1.25807 4.305
      vertex 21.4042 1.35321 0
      vertex 21.5325 1.25807 0
    endloop
  endfacet
  facet normal -0.671626 -0.74089 0
    outer loop
      vertex 21.5325 1.25807 0
      vertex 21.6508 1.1508 4.305
      vertex 21.5325 1.25807 4.305
    endloop
  endfacet
  facet normal -0.671626 -0.74089 -0
    outer loop
      vertex 21.6508 1.1508 4.305
      vertex 21.5325 1.25807 0
      vertex 21.6508 1.1508 0
    endloop
  endfacet
  facet normal -0.74089 -0.671626 0
    outer loop
      vertex 21.7581 1.03247 0
      vertex 21.6508 1.1508 4.305
      vertex 21.6508 1.1508 0
    endloop
  endfacet
  facet normal -0.74089 -0.671626 0
    outer loop
      vertex 21.6508 1.1508 4.305
      vertex 21.7581 1.03247 0
      vertex 21.7581 1.03247 4.305
    endloop
  endfacet
  facet normal -0.80321 -0.595696 0
    outer loop
      vertex 21.8532 0.90419 0
      vertex 21.7581 1.03247 4.305
      vertex 21.7581 1.03247 0
    endloop
  endfacet
  facet normal -0.80321 -0.595696 0
    outer loop
      vertex 21.7581 1.03247 4.305
      vertex 21.8532 0.90419 0
      vertex 21.8532 0.90419 4.305
    endloop
  endfacet
  facet normal -0.857737 -0.514088 0
    outer loop
      vertex 21.9353 0.767197 0
      vertex 21.8532 0.90419 4.305
      vertex 21.8532 0.90419 0
    endloop
  endfacet
  facet normal -0.857737 -0.514088 0
    outer loop
      vertex 21.8532 0.90419 4.305
      vertex 21.9353 0.767197 0
      vertex 21.9353 0.767197 4.305
    endloop
  endfacet
  facet normal -0.904014 -0.427503 0
    outer loop
      vertex 22.0036 0.622803 0
      vertex 21.9353 0.767197 4.305
      vertex 21.9353 0.767197 0
    endloop
  endfacet
  facet normal -0.904014 -0.427503 0
    outer loop
      vertex 21.9353 0.767197 4.305
      vertex 22.0036 0.622803 0
      vertex 22.0036 0.622803 4.305
    endloop
  endfacet
  facet normal -0.941519 -0.33696 0
    outer loop
      vertex 22.0574 0.472427 0
      vertex 22.0036 0.622803 4.305
      vertex 22.0036 0.622803 0
    endloop
  endfacet
  facet normal -0.941519 -0.33696 0
    outer loop
      vertex 22.0036 0.622803 4.305
      vertex 22.0574 0.472427 0
      vertex 22.0574 0.472427 4.305
    endloop
  endfacet
  facet normal -0.970036 -0.242963 0
    outer loop
      vertex 22.0962 0.317505 0
      vertex 22.0574 0.472427 4.305
      vertex 22.0574 0.472427 0
    endloop
  endfacet
  facet normal -0.970036 -0.242963 0
    outer loop
      vertex 22.0574 0.472427 4.305
      vertex 22.0962 0.317505 0
      vertex 22.0962 0.317505 4.305
    endloop
  endfacet
  facet normal -0.989175 -0.146743 0
    outer loop
      vertex 22.1197 0.159515 0
      vertex 22.0962 0.317505 4.305
      vertex 22.0962 0.317505 0
    endloop
  endfacet
  facet normal -0.989175 -0.146743 0
    outer loop
      vertex 22.0962 0.317505 4.305
      vertex 22.1197 0.159515 0
      vertex 22.1197 0.159515 4.305
    endloop
  endfacet
  facet normal -0.998798 -0.0490131 0
    outer loop
      vertex 22.1275 0 0
      vertex 22.1197 0.159515 4.305
      vertex 22.1197 0.159515 0
    endloop
  endfacet
  facet normal -0.998798 -0.0490131 0
    outer loop
      vertex 22.1197 0.159515 4.305
      vertex 22.1275 0 0
      vertex 22.1275 0 4.305
    endloop
  endfacet
  facet normal -0.998798 0.0490131 0
    outer loop
      vertex 22.1197 -0.159515 0
      vertex 22.1275 0 4.305
      vertex 22.1275 0 0
    endloop
  endfacet
  facet normal -0.998798 0.0490131 0
    outer loop
      vertex 22.1275 0 4.305
      vertex 22.1197 -0.159515 0
      vertex 22.1197 -0.159515 4.305
    endloop
  endfacet
  facet normal -0.989175 0.146743 0
    outer loop
      vertex 22.0962 -0.317505 0
      vertex 22.1197 -0.159515 4.305
      vertex 22.1197 -0.159515 0
    endloop
  endfacet
  facet normal -0.989175 0.146743 0
    outer loop
      vertex 22.1197 -0.159515 4.305
      vertex 22.0962 -0.317505 0
      vertex 22.0962 -0.317505 4.305
    endloop
  endfacet
  facet normal -0.970036 0.242963 0
    outer loop
      vertex 22.0574 -0.472427 0
      vertex 22.0962 -0.317505 4.305
      vertex 22.0962 -0.317505 0
    endloop
  endfacet
  facet normal -0.970036 0.242963 0
    outer loop
      vertex 22.0962 -0.317505 4.305
      vertex 22.0574 -0.472427 0
      vertex 22.0574 -0.472427 4.305
    endloop
  endfacet
  facet normal -0.941519 0.33696 0
    outer loop
      vertex 22.0036 -0.622803 0
      vertex 22.0574 -0.472427 4.305
      vertex 22.0574 -0.472427 0
    endloop
  endfacet
  facet normal -0.941519 0.33696 0
    outer loop
      vertex 22.0574 -0.472427 4.305
      vertex 22.0036 -0.622803 0
      vertex 22.0036 -0.622803 4.305
    endloop
  endfacet
  facet normal -0.904014 0.427503 0
    outer loop
      vertex 21.9353 -0.767197 0
      vertex 22.0036 -0.622803 4.305
      vertex 22.0036 -0.622803 0
    endloop
  endfacet
  facet normal -0.904014 0.427503 0
    outer loop
      vertex 22.0036 -0.622803 4.305
      vertex 21.9353 -0.767197 0
      vertex 21.9353 -0.767197 4.305
    endloop
  endfacet
  facet normal -0.857737 0.514088 0
    outer loop
      vertex 21.8532 -0.90419 0
      vertex 21.9353 -0.767197 4.305
      vertex 21.9353 -0.767197 0
    endloop
  endfacet
  facet normal -0.857737 0.514088 0
    outer loop
      vertex 21.9353 -0.767197 4.305
      vertex 21.8532 -0.90419 0
      vertex 21.8532 -0.90419 4.305
    endloop
  endfacet
  facet normal -0.80321 0.595696 0
    outer loop
      vertex 21.7581 -1.03247 0
      vertex 21.8532 -0.90419 4.305
      vertex 21.8532 -0.90419 0
    endloop
  endfacet
  facet normal -0.80321 0.595696 0
    outer loop
      vertex 21.8532 -0.90419 4.305
      vertex 21.7581 -1.03247 0
      vertex 21.7581 -1.03247 4.305
    endloop
  endfacet
  facet normal -0.74089 0.671626 0
    outer loop
      vertex 21.6508 -1.1508 0
      vertex 21.7581 -1.03247 4.305
      vertex 21.7581 -1.03247 0
    endloop
  endfacet
  facet normal -0.74089 0.671626 0
    outer loop
      vertex 21.7581 -1.03247 4.305
      vertex 21.6508 -1.1508 0
      vertex 21.6508 -1.1508 4.305
    endloop
  endfacet
  facet normal -0.671626 0.74089 0
    outer loop
      vertex 21.6508 -1.1508 0
      vertex 21.5325 -1.25807 4.305
      vertex 21.6508 -1.1508 4.305
    endloop
  endfacet
  facet normal -0.671626 0.74089 0
    outer loop
      vertex 21.5325 -1.25807 4.305
      vertex 21.6508 -1.1508 0
      vertex 21.5325 -1.25807 0
    endloop
  endfacet
  facet normal -0.595696 0.80321 0
    outer loop
      vertex 21.5325 -1.25807 0
      vertex 21.4042 -1.35321 4.305
      vertex 21.5325 -1.25807 4.305
    endloop
  endfacet
  facet normal -0.595696 0.80321 0
    outer loop
      vertex 21.4042 -1.35321 4.305
      vertex 21.5325 -1.25807 0
      vertex 21.4042 -1.35321 0
    endloop
  endfacet
  facet normal -0.514088 0.857737 0
    outer loop
      vertex 21.4042 -1.35321 0
      vertex 21.2672 -1.43532 4.305
      vertex 21.4042 -1.35321 4.305
    endloop
  endfacet
  facet normal -0.514088 0.857737 0
    outer loop
      vertex 21.2672 -1.43532 4.305
      vertex 21.4042 -1.35321 0
      vertex 21.2672 -1.43532 0
    endloop
  endfacet
  facet normal -0.427503 0.904014 0
    outer loop
      vertex 21.2672 -1.43532 0
      vertex 21.1228 -1.5036 4.305
      vertex 21.2672 -1.43532 4.305
    endloop
  endfacet
  facet normal -0.427503 0.904014 0
    outer loop
      vertex 21.1228 -1.5036 4.305
      vertex 21.2672 -1.43532 0
      vertex 21.1228 -1.5036 0
    endloop
  endfacet
  facet normal -0.33696 0.941519 0
    outer loop
      vertex 21.1228 -1.5036 0
      vertex 20.9724 -1.55742 4.305
      vertex 21.1228 -1.5036 4.305
    endloop
  endfacet
  facet normal -0.33696 0.941519 0
    outer loop
      vertex 20.9724 -1.55742 4.305
      vertex 21.1228 -1.5036 0
      vertex 20.9724 -1.55742 0
    endloop
  endfacet
  facet normal -0.242963 0.970036 0
    outer loop
      vertex 20.9724 -1.55742 0
      vertex 20.8175 -1.59622 4.305
      vertex 20.9724 -1.55742 4.305
    endloop
  endfacet
  facet normal -0.242963 0.970036 0
    outer loop
      vertex 20.8175 -1.59622 4.305
      vertex 20.9724 -1.55742 0
      vertex 20.8175 -1.59622 0
    endloop
  endfacet
  facet normal -0.146743 0.989175 0
    outer loop
      vertex 20.8175 -1.59622 0
      vertex 20.6595 -1.61966 4.305
      vertex 20.8175 -1.59622 4.305
    endloop
  endfacet
  facet normal -0.146743 0.989175 0
    outer loop
      vertex 20.6595 -1.61966 4.305
      vertex 20.8175 -1.59622 0
      vertex 20.6595 -1.61966 0
    endloop
  endfacet
  facet normal -0.0490131 0.998798 0
    outer loop
      vertex 20.6595 -1.61966 0
      vertex 20.5 -1.62749 4.305
      vertex 20.6595 -1.61966 4.305
    endloop
  endfacet
  facet normal -0.0490131 0.998798 0
    outer loop
      vertex 20.5 -1.62749 4.305
      vertex 20.6595 -1.61966 0
      vertex 20.5 -1.62749 0
    endloop
  endfacet
  facet normal 0.0490131 0.998798 -0
    outer loop
      vertex 20.5 -1.62749 0
      vertex 20.3405 -1.61966 4.305
      vertex 20.5 -1.62749 4.305
    endloop
  endfacet
  facet normal 0.0490131 0.998798 0
    outer loop
      vertex 20.3405 -1.61966 4.305
      vertex 20.5 -1.62749 0
      vertex 20.3405 -1.61966 0
    endloop
  endfacet
  facet normal -0 0 1
    outer loop
      vertex 18.3 4 6.505
      vertex 18.81 1.24232 6.505
      vertex 18.81 4 6.505
    endloop
  endfacet
  facet normal 0 0 1
    outer loop
      vertex 18.81 1.24232 6.505
      vertex 18.3 4 6.505
      vertex 18.7539 1.16669 6.505
    endloop
  endfacet
  facet normal 0 0 1
    outer loop
      vertex 18.7539 1.16669 6.505
      vertex 18.3 4 6.505
      vertex 18.648 0.989929 6.505
    endloop
  endfacet
  facet normal 0 0 1
    outer loop
      vertex 18.648 0.989929 6.505
      vertex 18.3 4 6.505
      vertex 18.5599 0.803635 6.505
    endloop
  endfacet
  facet normal 0 0 1
    outer loop
      vertex 18.5599 0.803635 6.505
      vertex 18.3 4 6.505
      vertex 18.4904 0.609589 6.505
    endloop
  endfacet
  facet normal 0 0 1
    outer loop
      vertex 18.4904 0.609589 6.505
      vertex 18.3 4 6.505
      vertex 18.4404 0.409683 6.505
    endloop
  endfacet
  facet normal 0 0 1
    outer loop
      vertex 18.4101 0.205826 6.505
      vertex 18.3 4 6.505
      vertex 18.4 0 6.505
    endloop
  endfacet
  facet normal 0 0 1
    outer loop
      vertex 18.4404 0.409683 6.505
      vertex 18.3 4 6.505
      vertex 18.4101 0.205826 6.505
    endloop
  endfacet
  facet normal 0 0 1
    outer loop
      vertex 22.19 0 6.505
      vertex 22.7 4 6.505
      vertex 22.19 4 6.505
    endloop
  endfacet
  facet normal 0 0 1
    outer loop
      vertex 22.7 4 6.505
      vertex 22.19 0 6.505
      vertex 22.7 -4 6.505
    endloop
  endfacet
  facet normal 0 0 1
    outer loop
      vertex 22.1275 -1.3266 6.505
      vertex 22.19 0 6.505
      vertex 22.1275 0 6.505
    endloop
  endfacet
  facet normal 0 0 1
    outer loop
      vertex 22.19 0 6.505
      vertex 22.1275 -1.3266 6.505
      vertex 22.7 -4 6.505
    endloop
  endfacet
  facet normal -0 0 1
    outer loop
      vertex 21.9849 -1.48491 6.505
      vertex 22.7 -4 6.505
      vertex 22.1275 -1.3266 6.505
    endloop
  endfacet
  facet normal -0 0 1
    outer loop
      vertex 21.8322 -1.62332 6.505
      vertex 22.7 -4 6.505
      vertex 21.9849 -1.48491 6.505
    endloop
  endfacet
  facet normal -0 0 1
    outer loop
      vertex 21.6667 -1.74608 6.505
      vertex 22.7 -4 6.505
      vertex 21.8322 -1.62332 6.505
    endloop
  endfacet
  facet normal -0 0 1
    outer loop
      vertex 21.4899 -1.85202 6.505
      vertex 22.7 -4 6.505
      vertex 21.6667 -1.74608 6.505
    endloop
  endfacet
  facet normal -0 0 1
    outer loop
      vertex 21.3036 -1.94014 6.505
      vertex 22.7 -4 6.505
      vertex 21.4899 -1.85202 6.505
    endloop
  endfacet
  facet normal -0 0 1
    outer loop
      vertex 21.1096 -2.00957 6.505
      vertex 22.7 -4 6.505
      vertex 21.3036 -1.94014 6.505
    endloop
  endfacet
  facet normal -0 0 1
    outer loop
      vertex 20.9097 -2.05965 6.505
      vertex 22.7 -4 6.505
      vertex 21.1096 -2.00957 6.505
    endloop
  endfacet
  facet normal -0 0 1
    outer loop
      vertex 20.7058 -2.08987 6.505
      vertex 22.7 -4 6.505
      vertex 20.9097 -2.05965 6.505
    endloop
  endfacet
  facet normal -0 0 1
    outer loop
      vertex 20.5 -2.09999 6.505
      vertex 22.7 -4 6.505
      vertex 20.7058 -2.08987 6.505
    endloop
  endfacet
  facet normal 0 0 1
    outer loop
      vertex 18.3 -4 6.505
      vertex 20.5 -2.09999 6.505
      vertex 20.2942 -2.08987 6.505
    endloop
  endfacet
  facet normal 0 0 1
    outer loop
      vertex 18.3 -4 6.505
      vertex 20.2942 -2.08987 6.505
      vertex 20.0903 -2.05965 6.505
    endloop
  endfacet
  facet normal 0 0 1
    outer loop
      vertex 18.3 -4 6.505
      vertex 20.0903 -2.05965 6.505
      vertex 19.8904 -2.00957 6.505
    endloop
  endfacet
  facet normal 0 0 1
    outer loop
      vertex 18.3 -4 6.505
      vertex 19.8904 -2.00957 6.505
      vertex 19.6964 -1.94014 6.505
    endloop
  endfacet
  facet normal 0 0 1
    outer loop
      vertex 18.3 -4 6.505
      vertex 19.6964 -1.94014 6.505
      vertex 19.5101 -1.85202 6.505
    endloop
  endfacet
  facet normal 0 0 1
    outer loop
      vertex 18.3 -4 6.505
      vertex 19.5101 -1.85202 6.505
      vertex 19.3333 -1.74608 6.505
    endloop
  endfacet
  facet normal 0 0 1
    outer loop
      vertex 20.5 -2.09999 6.505
      vertex 18.3 -4 6.505
      vertex 22.7 -4 6.505
    endloop
  endfacet
  facet normal 0 0 1
    outer loop
      vertex 19.1678 -1.62332 6.505
      vertex 18.3 -4 6.505
      vertex 19.3333 -1.74608 6.505
    endloop
  endfacet
  facet normal 0 0 1
    outer loop
      vertex 19.0151 -1.48491 6.505
      vertex 18.3 -4 6.505
      vertex 19.1678 -1.62332 6.505
    endloop
  endfacet
  facet normal 0 0 1
    outer loop
      vertex 18.8767 -1.33221 6.505
      vertex 18.3 -4 6.505
      vertex 19.0151 -1.48491 6.505
    endloop
  endfacet
  facet normal 0 0 1
    outer loop
      vertex 18.7539 -1.16669 6.505
      vertex 18.3 -4 6.505
      vertex 18.8767 -1.33221 6.505
    endloop
  endfacet
  facet normal 0 0 1
    outer loop
      vertex 18.648 -0.989929 6.505
      vertex 18.3 -4 6.505
      vertex 18.7539 -1.16669 6.505
    endloop
  endfacet
  facet normal 0 0 1
    outer loop
      vertex 18.5599 -0.803635 6.505
      vertex 18.3 -4 6.505
      vertex 18.648 -0.989929 6.505
    endloop
  endfacet
  facet normal 0 0 1
    outer loop
      vertex 18.4904 -0.609589 6.505
      vertex 18.3 -4 6.505
      vertex 18.5599 -0.803635 6.505
    endloop
  endfacet
  facet normal 0 0 1
    outer loop
      vertex 18.4404 -0.409683 6.505
      vertex 18.3 -4 6.505
      vertex 18.4904 -0.609589 6.505
    endloop
  endfacet
  facet normal 0 0 1
    outer loop
      vertex 18.4101 -0.205826 6.505
      vertex 18.3 -4 6.505
      vertex 18.4404 -0.409683 6.505
    endloop
  endfacet
  facet normal 0 0 1
    outer loop
      vertex 18.4 0 6.505
      vertex 18.3 -4 6.505
      vertex 18.4101 -0.205826 6.505
    endloop
  endfacet
  facet normal 0 0 1
    outer loop
      vertex 18.3 -4 6.505
      vertex 18.4 0 6.505
      vertex 18.3 4 6.505
    endloop
  endfacet
  facet normal 0 0 1
    outer loop
      vertex 21.35 4 6.505
      vertex 21.3036 1.94014 6.505
      vertex 21.35 1.91821 6.505
    endloop
  endfacet
  facet normal 0 0 1
    outer loop
      vertex 21.35 4 6.505
      vertex 21.1096 2.00957 6.505
      vertex 21.3036 1.94014 6.505
    endloop
  endfacet
  facet normal 0 0 1
    outer loop
      vertex 21.35 4 6.505
      vertex 20.9097 2.05965 6.505
      vertex 21.1096 2.00957 6.505
    endloop
  endfacet
  facet normal 0 0 1
    outer loop
      vertex 21.35 4 6.505
      vertex 20.7058 2.08987 6.505
      vertex 20.9097 2.05965 6.505
    endloop
  endfacet
  facet normal 0 0 1
    outer loop
      vertex 21.35 4 6.505
      vertex 20.5 2.09999 6.505
      vertex 20.7058 2.08987 6.505
    endloop
  endfacet
  facet normal -0 0 1
    outer loop
      vertex 19.65 4 6.505
      vertex 20.5 2.09999 6.505
      vertex 21.35 4 6.505
    endloop
  endfacet
  facet normal 0 0 1
    outer loop
      vertex 20.5 2.09999 6.505
      vertex 19.65 4 6.505
      vertex 20.2942 2.08987 6.505
    endloop
  endfacet
  facet normal 0 0 1
    outer loop
      vertex 20.2942 2.08987 6.505
      vertex 19.65 4 6.505
      vertex 20.0903 2.05965 6.505
    endloop
  endfacet
  facet normal 0 0 1
    outer loop
      vertex 20.0903 2.05965 6.505
      vertex 19.65 4 6.505
      vertex 19.8904 2.00957 6.505
    endloop
  endfacet
  facet normal 0 0 1
    outer loop
      vertex 19.8904 2.00957 6.505
      vertex 19.65 4 6.505
      vertex 19.6964 1.94014 6.505
    endloop
  endfacet
  facet normal 0 0 1
    outer loop
      vertex 19.6964 1.94014 6.505
      vertex 19.65 4 6.505
      vertex 19.65 1.91821 6.505
    endloop
  endfacet
  facet normal -1 0 0
    outer loop
      vertex 22.19 0 4.305
      vertex 22.19 4 6.505
      vertex 22.19 4 4.305
    endloop
  endfacet
  facet normal -1 -0 0
    outer loop
      vertex 22.19 4 6.505
      vertex 22.19 0 4.305
      vertex 22.19 0 6.505
    endloop
  endfacet
  facet normal 0 1 -0
    outer loop
      vertex 22.19 0 4.305
      vertex 22.1275 0 6.505
      vertex 22.19 0 6.505
    endloop
  endfacet
  facet normal 0 1 0
    outer loop
      vertex 22.1275 0 6.505
      vertex 22.19 0 4.305
      vertex 22.1275 0 4.305
    endloop
  endfacet
  facet normal -1 0 0
    outer loop
      vertex 22.1275 -1.3266 4.305
      vertex 22.1275 0 6.505
      vertex 22.1275 0 4.305
    endloop
  endfacet
  facet normal -1 -0 0
    outer loop
      vertex 22.1275 0 6.505
      vertex 22.1275 -1.3266 4.305
      vertex 22.1275 -1.3266 6.505
    endloop
  endfacet
  facet normal -0.743063 0.669222 0
    outer loop
      vertex 21.9849 -1.48491 4.305
      vertex 22.1275 -1.3266 6.505
      vertex 22.1275 -1.3266 4.305
    endloop
  endfacet
  facet normal -0.743063 0.669222 0
    outer loop
      vertex 22.1275 -1.3266 6.505
      vertex 21.9849 -1.48491 4.305
      vertex 21.9849 -1.48491 6.505
    endloop
  endfacet
  facet normal -0.671607 0.740908 0
    outer loop
      vertex 21.9849 -1.48491 4.305
      vertex 21.8322 -1.62332 6.505
      vertex 21.9849 -1.48491 6.505
    endloop
  endfacet
  facet normal -0.671607 0.740908 0
    outer loop
      vertex 21.8322 -1.62332 6.505
      vertex 21.9849 -1.48491 4.305
      vertex 21.8322 -1.62332 4.305
    endloop
  endfacet
  facet normal -0.595679 0.803223 0
    outer loop
      vertex 21.8322 -1.62332 4.305
      vertex 21.6667 -1.74608 6.505
      vertex 21.8322 -1.62332 6.505
    endloop
  endfacet
  facet normal -0.595679 0.803223 0
    outer loop
      vertex 21.6667 -1.74608 6.505
      vertex 21.8322 -1.62332 4.305
      vertex 21.6667 -1.74608 4.305
    endloop
  endfacet
  facet normal -0.514093 0.857735 0
    outer loop
      vertex 21.6667 -1.74608 4.305
      vertex 21.4899 -1.85202 6.505
      vertex 21.6667 -1.74608 6.505
    endloop
  endfacet
  facet normal -0.514093 0.857735 0
    outer loop
      vertex 21.4899 -1.85202 6.505
      vertex 21.6667 -1.74608 4.305
      vertex 21.4899 -1.85202 4.305
    endloop
  endfacet
  facet normal -0.42759 0.903973 0
    outer loop
      vertex 21.4899 -1.85202 4.305
      vertex 21.3036 -1.94014 6.505
      vertex 21.4899 -1.85202 6.505
    endloop
  endfacet
  facet normal -0.42759 0.903973 0
    outer loop
      vertex 21.3036 -1.94014 6.505
      vertex 21.4899 -1.85202 4.305
      vertex 21.3036 -1.94014 4.305
    endloop
  endfacet
  facet normal -0.336876 0.941549 0
    outer loop
      vertex 21.3036 -1.94014 4.305
      vertex 21.1096 -2.00957 6.505
      vertex 21.3036 -1.94014 6.505
    endloop
  endfacet
  facet normal -0.336876 0.941549 0
    outer loop
      vertex 21.1096 -2.00957 6.505
      vertex 21.3036 -1.94014 4.305
      vertex 21.1096 -2.00957 4.305
    endloop
  endfacet
  facet normal -0.243006 0.970025 0
    outer loop
      vertex 21.1096 -2.00957 4.305
      vertex 20.9097 -2.05965 6.505
      vertex 21.1096 -2.00957 6.505
    endloop
  endfacet
  facet normal -0.243006 0.970025 0
    outer loop
      vertex 20.9097 -2.05965 6.505
      vertex 21.1096 -2.00957 4.305
      vertex 20.9097 -2.05965 4.305
    endloop
  endfacet
  facet normal -0.146675 0.989185 0
    outer loop
      vertex 20.9097 -2.05965 4.305
      vertex 20.7058 -2.08987 6.505
      vertex 20.9097 -2.05965 6.505
    endloop
  endfacet
  facet normal -0.146675 0.989185 0
    outer loop
      vertex 20.7058 -2.08987 6.505
      vertex 20.9097 -2.05965 4.305
      vertex 20.7058 -2.08987 4.305
    endloop
  endfacet
  facet normal -0.0490919 0.998794 0
    outer loop
      vertex 20.7058 -2.08987 4.305
      vertex 20.5 -2.09999 6.505
      vertex 20.7058 -2.08987 6.505
    endloop
  endfacet
  facet normal -0.0490919 0.998794 0
    outer loop
      vertex 20.5 -2.09999 6.505
      vertex 20.7058 -2.08987 4.305
      vertex 20.5 -2.09999 4.305
    endloop
  endfacet
  facet normal 0.0490919 0.998794 -0
    outer loop
      vertex 20.5 -2.09999 4.305
      vertex 20.2942 -2.08987 6.505
      vertex 20.5 -2.09999 6.505
    endloop
  endfacet
  facet normal 0.0490919 0.998794 0
    outer loop
      vertex 20.2942 -2.08987 6.505
      vertex 20.5 -2.09999 4.305
      vertex 20.2942 -2.08987 4.305
    endloop
  endfacet
  facet normal 0.146675 0.989185 -0
    outer loop
      vertex 20.2942 -2.08987 4.305
      vertex 20.0903 -2.05965 6.505
      vertex 20.2942 -2.08987 6.505
    endloop
  endfacet
  facet normal 0.146675 0.989185 0
    outer loop
      vertex 20.0903 -2.05965 6.505
      vertex 20.2942 -2.08987 4.305
      vertex 20.0903 -2.05965 4.305
    endloop
  endfacet
  facet normal 0.243006 0.970025 -0
    outer loop
      vertex 20.0903 -2.05965 4.305
      vertex 19.8904 -2.00957 6.505
      vertex 20.0903 -2.05965 6.505
    endloop
  endfacet
  facet normal 0.243006 0.970025 0
    outer loop
      vertex 19.8904 -2.00957 6.505
      vertex 20.0903 -2.05965 4.305
      vertex 19.8904 -2.00957 4.305
    endloop
  endfacet
  facet normal 0.336876 0.941549 -0
    outer loop
      vertex 19.8904 -2.00957 4.305
      vertex 19.6964 -1.94014 6.505
      vertex 19.8904 -2.00957 6.505
    endloop
  endfacet
  facet normal 0.336876 0.941549 0
    outer loop
      vertex 19.6964 -1.94014 6.505
      vertex 19.8904 -2.00957 4.305
      vertex 19.6964 -1.94014 4.305
    endloop
  endfacet
  facet normal 0.42759 0.903973 -0
    outer loop
      vertex 19.6964 -1.94014 4.305
      vertex 19.5101 -1.85202 6.505
      vertex 19.6964 -1.94014 6.505
    endloop
  endfacet
  facet normal 0.42759 0.903973 0
    outer loop
      vertex 19.5101 -1.85202 6.505
      vertex 19.6964 -1.94014 4.305
      vertex 19.5101 -1.85202 4.305
    endloop
  endfacet
  facet normal 0.514093 0.857735 -0
    outer loop
      vertex 19.5101 -1.85202 4.305
      vertex 19.3333 -1.74608 6.505
      vertex 19.5101 -1.85202 6.505
    endloop
  endfacet
  facet normal 0.514093 0.857735 0
    outer loop
      vertex 19.3333 -1.74608 6.505
      vertex 19.5101 -1.85202 4.305
      vertex 19.3333 -1.74608 4.305
    endloop
  endfacet
  facet normal 0.595679 0.803223 -0
    outer loop
      vertex 19.3333 -1.74608 4.305
      vertex 19.1678 -1.62332 6.505
      vertex 19.3333 -1.74608 6.505
    endloop
  endfacet
  facet normal 0.595679 0.803223 0
    outer loop
      vertex 19.1678 -1.62332 6.505
      vertex 19.3333 -1.74608 4.305
      vertex 19.1678 -1.62332 4.305
    endloop
  endfacet
  facet normal 0.671607 0.740908 -0
    outer loop
      vertex 19.1678 -1.62332 4.305
      vertex 19.0151 -1.48491 6.505
      vertex 19.1678 -1.62332 6.505
    endloop
  endfacet
  facet normal 0.671607 0.740908 0
    outer loop
      vertex 19.0151 -1.48491 6.505
      vertex 19.1678 -1.62332 4.305
      vertex 19.0151 -1.48491 4.305
    endloop
  endfacet
  facet normal 0.740908 0.671607 0
    outer loop
      vertex 19.0151 -1.48491 6.505
      vertex 18.8767 -1.33221 4.305
      vertex 18.8767 -1.33221 6.505
    endloop
  endfacet
  facet normal 0.740908 0.671607 0
    outer loop
      vertex 18.8767 -1.33221 4.305
      vertex 19.0151 -1.48491 6.505
      vertex 19.0151 -1.48491 4.305
    endloop
  endfacet
  facet normal 0.803223 0.595679 0
    outer loop
      vertex 18.8767 -1.33221 6.505
      vertex 18.7539 -1.16669 4.305
      vertex 18.7539 -1.16669 6.505
    endloop
  endfacet
  facet normal 0.803223 0.595679 0
    outer loop
      vertex 18.7539 -1.16669 4.305
      vertex 18.8767 -1.33221 6.505
      vertex 18.8767 -1.33221 4.305
    endloop
  endfacet
  facet normal 0.857735 0.514093 0
    outer loop
      vertex 18.7539 -1.16669 6.505
      vertex 18.648 -0.989929 4.305
      vertex 18.648 -0.989929 6.505
    endloop
  endfacet
  facet normal 0.857735 0.514093 0
    outer loop
      vertex 18.648 -0.989929 4.305
      vertex 18.7539 -1.16669 6.505
      vertex 18.7539 -1.16669 4.305
    endloop
  endfacet
  facet normal 0.903973 0.42759 0
    outer loop
      vertex 18.648 -0.989929 6.505
      vertex 18.5599 -0.803635 4.305
      vertex 18.5599 -0.803635 6.505
    endloop
  endfacet
  facet normal 0.903973 0.42759 0
    outer loop
      vertex 18.5599 -0.803635 4.305
      vertex 18.648 -0.989929 6.505
      vertex 18.648 -0.989929 4.305
    endloop
  endfacet
  facet normal 0.941549 0.336876 0
    outer loop
      vertex 18.5599 -0.803635 6.505
      vertex 18.4904 -0.609589 4.305
      vertex 18.4904 -0.609589 6.505
    endloop
  endfacet
  facet normal 0.941549 0.336876 0
    outer loop
      vertex 18.4904 -0.609589 4.305
      vertex 18.5599 -0.803635 6.505
      vertex 18.5599 -0.803635 4.305
    endloop
  endfacet
  facet normal 0.970025 0.243006 0
    outer loop
      vertex 18.4904 -0.609589 6.505
      vertex 18.4404 -0.409683 4.305
      vertex 18.4404 -0.409683 6.505
    endloop
  endfacet
  facet normal 0.970025 0.243006 0
    outer loop
      vertex 18.4404 -0.409683 4.305
      vertex 18.4904 -0.609589 6.505
      vertex 18.4904 -0.609589 4.305
    endloop
  endfacet
  facet normal 0.989185 0.146675 0
    outer loop
      vertex 18.4404 -0.409683 6.505
      vertex 18.4101 -0.205826 4.305
      vertex 18.4101 -0.205826 6.505
    endloop
  endfacet
  facet normal 0.989185 0.146675 0
    outer loop
      vertex 18.4101 -0.205826 4.305
      vertex 18.4404 -0.409683 6.505
      vertex 18.4404 -0.409683 4.305
    endloop
  endfacet
  facet normal 0.998794 0.0490919 0
    outer loop
      vertex 18.4101 -0.205826 6.505
      vertex 18.4 0 4.305
      vertex 18.4 0 6.505
    endloop
  endfacet
  facet normal 0.998794 0.0490919 0
    outer loop
      vertex 18.4 0 4.305
      vertex 18.4101 -0.205826 6.505
      vertex 18.4101 -0.205826 4.305
    endloop
  endfacet
  facet normal 0.998794 -0.0490919 0
    outer loop
      vertex 18.4 0 6.505
      vertex 18.4101 0.205826 4.305
      vertex 18.4101 0.205826 6.505
    endloop
  endfacet
  facet normal 0.998794 -0.0490919 0
    outer loop
      vertex 18.4101 0.205826 4.305
      vertex 18.4 0 6.505
      vertex 18.4 0 4.305
    endloop
  endfacet
  facet normal 0.989185 -0.146675 0
    outer loop
      vertex 18.4101 0.205826 6.505
      vertex 18.4404 0.409683 4.305
      vertex 18.4404 0.409683 6.505
    endloop
  endfacet
  facet normal 0.989185 -0.146675 0
    outer loop
      vertex 18.4404 0.409683 4.305
      vertex 18.4101 0.205826 6.505
      vertex 18.4101 0.205826 4.305
    endloop
  endfacet
  facet normal 0.970025 -0.243006 0
    outer loop
      vertex 18.4404 0.409683 6.505
      vertex 18.4904 0.609589 4.305
      vertex 18.4904 0.609589 6.505
    endloop
  endfacet
  facet normal 0.970025 -0.243006 0
    outer loop
      vertex 18.4904 0.609589 4.305
      vertex 18.4404 0.409683 6.505
      vertex 18.4404 0.409683 4.305
    endloop
  endfacet
  facet normal 0.941549 -0.336876 0
    outer loop
      vertex 18.4904 0.609589 6.505
      vertex 18.5599 0.803635 4.305
      vertex 18.5599 0.803635 6.505
    endloop
  endfacet
  facet normal 0.941549 -0.336876 0
    outer loop
      vertex 18.5599 0.803635 4.305
      vertex 18.4904 0.609589 6.505
      vertex 18.4904 0.609589 4.305
    endloop
  endfacet
  facet normal 0.903973 -0.42759 0
    outer loop
      vertex 18.5599 0.803635 6.505
      vertex 18.648 0.989929 4.305
      vertex 18.648 0.989929 6.505
    endloop
  endfacet
  facet normal 0.903973 -0.42759 0
    outer loop
      vertex 18.648 0.989929 4.305
      vertex 18.5599 0.803635 6.505
      vertex 18.5599 0.803635 4.305
    endloop
  endfacet
  facet normal 0.857735 -0.514093 0
    outer loop
      vertex 18.648 0.989929 6.505
      vertex 18.7539 1.16669 4.305
      vertex 18.7539 1.16669 6.505
    endloop
  endfacet
  facet normal 0.857735 -0.514093 0
    outer loop
      vertex 18.7539 1.16669 4.305
      vertex 18.648 0.989929 6.505
      vertex 18.648 0.989929 4.305
    endloop
  endfacet
  facet normal 0.803236 -0.595661 0
    outer loop
      vertex 18.7539 1.16669 6.505
      vertex 18.81 1.24232 4.305
      vertex 18.81 1.24232 6.505
    endloop
  endfacet
  facet normal 0.803236 -0.595661 0
    outer loop
      vertex 18.81 1.24232 4.305
      vertex 18.7539 1.16669 6.505
      vertex 18.7539 1.16669 4.305
    endloop
  endfacet
  facet normal 1 -0 0
    outer loop
      vertex 18.81 1.24232 6.505
      vertex 18.81 4 4.305
      vertex 18.81 4 6.505
    endloop
  endfacet
  facet normal 1 0 0
    outer loop
      vertex 18.81 4 4.305
      vertex 18.81 1.24232 6.505
      vertex 18.81 1.24232 4.305
    endloop
  endfacet
  facet normal -1 0 0
    outer loop
      vertex 19.65 1.91821 4.305
      vertex 19.65 4 6.505
      vertex 19.65 4 4.305
    endloop
  endfacet
  facet normal -1 -0 0
    outer loop
      vertex 19.65 4 6.505
      vertex 19.65 1.91821 4.305
      vertex 19.65 1.91821 6.505
    endloop
  endfacet
  facet normal 0.427587 -0.903974 0
    outer loop
      vertex 19.65 1.91821 4.305
      vertex 19.6964 1.94014 6.505
      vertex 19.65 1.91821 6.505
    endloop
  endfacet
  facet normal 0.427587 -0.903974 0
    outer loop
      vertex 19.6964 1.94014 6.505
      vertex 19.65 1.91821 4.305
      vertex 19.6964 1.94014 4.305
    endloop
  endfacet
  facet normal 0.336876 -0.941549 0
    outer loop
      vertex 19.6964 1.94014 4.305
      vertex 19.8904 2.00957 6.505
      vertex 19.6964 1.94014 6.505
    endloop
  endfacet
  facet normal 0.336876 -0.941549 0
    outer loop
      vertex 19.8904 2.00957 6.505
      vertex 19.6964 1.94014 4.305
      vertex 19.8904 2.00957 4.305
    endloop
  endfacet
  facet normal 0.243006 -0.970025 0
    outer loop
      vertex 19.8904 2.00957 4.305
      vertex 20.0903 2.05965 6.505
      vertex 19.8904 2.00957 6.505
    endloop
  endfacet
  facet normal 0.243006 -0.970025 0
    outer loop
      vertex 20.0903 2.05965 6.505
      vertex 19.8904 2.00957 4.305
      vertex 20.0903 2.05965 4.305
    endloop
  endfacet
  facet normal 0.146675 -0.989185 0
    outer loop
      vertex 20.0903 2.05965 4.305
      vertex 20.2942 2.08987 6.505
      vertex 20.0903 2.05965 6.505
    endloop
  endfacet
  facet normal 0.146675 -0.989185 0
    outer loop
      vertex 20.2942 2.08987 6.505
      vertex 20.0903 2.05965 4.305
      vertex 20.2942 2.08987 4.305
    endloop
  endfacet
  facet normal 0.0490919 -0.998794 0
    outer loop
      vertex 20.2942 2.08987 4.305
      vertex 20.5 2.09999 6.505
      vertex 20.2942 2.08987 6.505
    endloop
  endfacet
  facet normal 0.0490919 -0.998794 0
    outer loop
      vertex 20.5 2.09999 6.505
      vertex 20.2942 2.08987 4.305
      vertex 20.5 2.09999 4.305
    endloop
  endfacet
  facet normal -0.0490919 -0.998794 0
    outer loop
      vertex 20.5 2.09999 4.305
      vertex 20.7058 2.08987 6.505
      vertex 20.5 2.09999 6.505
    endloop
  endfacet
  facet normal -0.0490919 -0.998794 -0
    outer loop
      vertex 20.7058 2.08987 6.505
      vertex 20.5 2.09999 4.305
      vertex 20.7058 2.08987 4.305
    endloop
  endfacet
  facet normal -0.146675 -0.989185 0
    outer loop
      vertex 20.7058 2.08987 4.305
      vertex 20.9097 2.05965 6.505
      vertex 20.7058 2.08987 6.505
    endloop
  endfacet
  facet normal -0.146675 -0.989185 -0
    outer loop
      vertex 20.9097 2.05965 6.505
      vertex 20.7058 2.08987 4.305
      vertex 20.9097 2.05965 4.305
    endloop
  endfacet
  facet normal -0.243006 -0.970025 0
    outer loop
      vertex 20.9097 2.05965 4.305
      vertex 21.1096 2.00957 6.505
      vertex 20.9097 2.05965 6.505
    endloop
  endfacet
  facet normal -0.243006 -0.970025 -0
    outer loop
      vertex 21.1096 2.00957 6.505
      vertex 20.9097 2.05965 4.305
      vertex 21.1096 2.00957 4.305
    endloop
  endfacet
  facet normal -0.336876 -0.941549 0
    outer loop
      vertex 21.1096 2.00957 4.305
      vertex 21.3036 1.94014 6.505
      vertex 21.1096 2.00957 6.505
    endloop
  endfacet
  facet normal -0.336876 -0.941549 -0
    outer loop
      vertex 21.3036 1.94014 6.505
      vertex 21.1096 2.00957 4.305
      vertex 21.3036 1.94014 4.305
    endloop
  endfacet
  facet normal -0.427587 -0.903974 0
    outer loop
      vertex 21.3036 1.94014 4.305
      vertex 21.35 1.91821 6.505
      vertex 21.3036 1.94014 6.505
    endloop
  endfacet
  facet normal -0.427587 -0.903974 -0
    outer loop
      vertex 21.35 1.91821 6.505
      vertex 21.3036 1.94014 4.305
      vertex 21.35 1.91821 4.305
    endloop
  endfacet
  facet normal 1 -0 0
    outer loop
      vertex 21.35 1.91821 6.505
      vertex 21.35 4 4.305
      vertex 21.35 4 6.505
    endloop
  endfacet
  facet normal 1 0 0
    outer loop
      vertex 21.35 4 4.305
      vertex 21.35 1.91821 6.505
      vertex 21.35 1.91821 4.305
    endloop
  endfacet
  facet normal 0 0 -1
    outer loop
      vertex 27.1 -4 0
      vertex 26.5275 0 0
      vertex 27.1 4 0
    endloop
  endfacet
  facet normal 0 0 -1
    outer loop
      vertex 27.1 -4 0
      vertex 26.5197 -0.159515 0
      vertex 26.5275 0 0
    endloop
  endfacet
  facet normal 0 0 -1
    outer loop
      vertex 27.1 -4 0
      vertex 26.4962 -0.317505 0
      vertex 26.5197 -0.159515 0
    endloop
  endfacet
  facet normal 0 0 -1
    outer loop
      vertex 27.1 -4 0
      vertex 26.4574 -0.472427 0
      vertex 26.4962 -0.317505 0
    endloop
  endfacet
  facet normal 0 0 -1
    outer loop
      vertex 27.1 -4 0
      vertex 26.4036 -0.622803 0
      vertex 26.4574 -0.472427 0
    endloop
  endfacet
  facet normal 0 0 -1
    outer loop
      vertex 27.1 -4 0
      vertex 26.3353 -0.767197 0
      vertex 26.4036 -0.622803 0
    endloop
  endfacet
  facet normal 0 0 -1
    outer loop
      vertex 27.1 -4 0
      vertex 26.2532 -0.90419 0
      vertex 26.3353 -0.767197 0
    endloop
  endfacet
  facet normal 0 0 -1
    outer loop
      vertex 27.1 -4 0
      vertex 26.1581 -1.03247 0
      vertex 26.2532 -0.90419 0
    endloop
  endfacet
  facet normal 0 0 -1
    outer loop
      vertex 27.1 -4 0
      vertex 26.0508 -1.1508 0
      vertex 26.1581 -1.03247 0
    endloop
  endfacet
  facet normal 0 0 -1
    outer loop
      vertex 27.1 -4 0
      vertex 25.9325 -1.25807 0
      vertex 26.0508 -1.1508 0
    endloop
  endfacet
  facet normal 0 0 -1
    outer loop
      vertex 27.1 -4 0
      vertex 25.8042 -1.35321 0
      vertex 25.9325 -1.25807 0
    endloop
  endfacet
  facet normal 0 0 -1
    outer loop
      vertex 27.1 -4 0
      vertex 25.6672 -1.43532 0
      vertex 25.8042 -1.35321 0
    endloop
  endfacet
  facet normal 0 0 -1
    outer loop
      vertex 27.1 -4 0
      vertex 25.5228 -1.5036 0
      vertex 25.6672 -1.43532 0
    endloop
  endfacet
  facet normal 0 0 -1
    outer loop
      vertex 27.1 -4 0
      vertex 25.3724 -1.55742 0
      vertex 25.5228 -1.5036 0
    endloop
  endfacet
  facet normal 0 0 -1
    outer loop
      vertex 27.1 -4 0
      vertex 25.2175 -1.59622 0
      vertex 25.3724 -1.55742 0
    endloop
  endfacet
  facet normal 0 0 -1
    outer loop
      vertex 27.1 -4 0
      vertex 25.0595 -1.61966 0
      vertex 25.2175 -1.59622 0
    endloop
  endfacet
  facet normal 0 0 -1
    outer loop
      vertex 27.1 -4 0
      vertex 24.9 -1.62749 0
      vertex 25.0595 -1.61966 0
    endloop
  endfacet
  facet normal 0 0 -1
    outer loop
      vertex 22.7 -4 0
      vertex 24.9 -1.62749 0
      vertex 27.1 -4 0
    endloop
  endfacet
  facet normal -0 0 -1
    outer loop
      vertex 24.9 -1.62749 0
      vertex 22.7 -4 0
      vertex 24.7405 -1.61966 0
    endloop
  endfacet
  facet normal -0 0 -1
    outer loop
      vertex 24.7405 -1.61966 0
      vertex 22.7 -4 0
      vertex 24.5825 -1.59622 0
    endloop
  endfacet
  facet normal -0 0 -1
    outer loop
      vertex 24.5825 -1.59622 0
      vertex 22.7 -4 0
      vertex 24.4276 -1.55742 0
    endloop
  endfacet
  facet normal -0 0 -1
    outer loop
      vertex 24.4276 -1.55742 0
      vertex 22.7 -4 0
      vertex 24.2772 -1.5036 0
    endloop
  endfacet
  facet normal -0 0 -1
    outer loop
      vertex 24.2772 -1.5036 0
      vertex 22.7 -4 0
      vertex 24.1328 -1.43532 0
    endloop
  endfacet
  facet normal -0 0 -1
    outer loop
      vertex 24.1328 -1.43532 0
      vertex 22.7 -4 0
      vertex 23.9958 -1.35321 0
    endloop
  endfacet
  facet normal -0 0 -1
    outer loop
      vertex 23.2803 -0.159515 0
      vertex 22.7 -4 0
      vertex 23.2725 0 0
    endloop
  endfacet
  facet normal -0 0 -1
    outer loop
      vertex 23.3038 -0.317505 0
      vertex 22.7 -4 0
      vertex 23.2803 -0.159515 0
    endloop
  endfacet
  facet normal -0 0 -1
    outer loop
      vertex 23.3426 -0.472427 0
      vertex 22.7 -4 0
      vertex 23.3038 -0.317505 0
    endloop
  endfacet
  facet normal -0 0 -1
    outer loop
      vertex 23.3964 -0.622803 0
      vertex 22.7 -4 0
      vertex 23.3426 -0.472427 0
    endloop
  endfacet
  facet normal -0 0 -1
    outer loop
      vertex 23.4647 -0.767197 0
      vertex 22.7 -4 0
      vertex 23.3964 -0.622803 0
    endloop
  endfacet
  facet normal -0 0 -1
    outer loop
      vertex 23.5468 -0.90419 0
      vertex 22.7 -4 0
      vertex 23.4647 -0.767197 0
    endloop
  endfacet
  facet normal -0 0 -1
    outer loop
      vertex 23.6419 -1.03247 0
      vertex 22.7 -4 0
      vertex 23.5468 -0.90419 0
    endloop
  endfacet
  facet normal -0 0 -1
    outer loop
      vertex 23.7492 -1.1508 0
      vertex 22.7 -4 0
      vertex 23.6419 -1.03247 0
    endloop
  endfacet
  facet normal -0 0 -1
    outer loop
      vertex 23.8675 -1.25807 0
      vertex 22.7 -4 0
      vertex 23.7492 -1.1508 0
    endloop
  endfacet
  facet normal -0 0 -1
    outer loop
      vertex 23.9958 -1.35321 0
      vertex 22.7 -4 0
      vertex 23.8675 -1.25807 0
    endloop
  endfacet
  facet normal 0 0 -1
    outer loop
      vertex 26.5197 0.159515 0
      vertex 27.1 4 0
      vertex 26.5275 0 0
    endloop
  endfacet
  facet normal 0 0 -1
    outer loop
      vertex 26.4962 0.317505 0
      vertex 27.1 4 0
      vertex 26.5197 0.159515 0
    endloop
  endfacet
  facet normal 0 0 -1
    outer loop
      vertex 26.4574 0.472427 0
      vertex 27.1 4 0
      vertex 26.4962 0.317505 0
    endloop
  endfacet
  facet normal 0 0 -1
    outer loop
      vertex 26.4036 0.622803 0
      vertex 27.1 4 0
      vertex 26.4574 0.472427 0
    endloop
  endfacet
  facet normal 0 0 -1
    outer loop
      vertex 26.3353 0.767197 0
      vertex 27.1 4 0
      vertex 26.4036 0.622803 0
    endloop
  endfacet
  facet normal 0 0 -1
    outer loop
      vertex 26.2532 0.90419 0
      vertex 27.1 4 0
      vertex 26.3353 0.767197 0
    endloop
  endfacet
  facet normal 0 0 -1
    outer loop
      vertex 26.1581 1.03247 0
      vertex 27.1 4 0
      vertex 26.2532 0.90419 0
    endloop
  endfacet
  facet normal 0 0 -1
    outer loop
      vertex 26.0508 1.1508 0
      vertex 27.1 4 0
      vertex 26.1581 1.03247 0
    endloop
  endfacet
  facet normal 0 0 -1
    outer loop
      vertex 25.9325 1.25807 0
      vertex 27.1 4 0
      vertex 26.0508 1.1508 0
    endloop
  endfacet
  facet normal 0 0 -1
    outer loop
      vertex 25.8042 1.35321 0
      vertex 27.1 4 0
      vertex 25.9325 1.25807 0
    endloop
  endfacet
  facet normal 0 0 -1
    outer loop
      vertex 25.6672 1.43532 0
      vertex 27.1 4 0
      vertex 25.8042 1.35321 0
    endloop
  endfacet
  facet normal 0 0 -1
    outer loop
      vertex 25.5228 1.5036 0
      vertex 27.1 4 0
      vertex 25.6672 1.43532 0
    endloop
  endfacet
  facet normal 0 0 -1
    outer loop
      vertex 25.3724 1.55742 0
      vertex 27.1 4 0
      vertex 25.5228 1.5036 0
    endloop
  endfacet
  facet normal 0 0 -1
    outer loop
      vertex 25.2175 1.59622 0
      vertex 27.1 4 0
      vertex 25.3724 1.55742 0
    endloop
  endfacet
  facet normal 0 0 -1
    outer loop
      vertex 25.0595 1.61966 0
      vertex 27.1 4 0
      vertex 25.2175 1.59622 0
    endloop
  endfacet
  facet normal 0 0 -1
    outer loop
      vertex 24.9 1.62749 0
      vertex 27.1 4 0
      vertex 25.0595 1.61966 0
    endloop
  endfacet
  facet normal 0 0 -1
    outer loop
      vertex 22.7 4 0
      vertex 24.9 1.62749 0
      vertex 24.7405 1.61966 0
    endloop
  endfacet
  facet normal 0 0 -1
    outer loop
      vertex 22.7 4 0
      vertex 24.7405 1.61966 0
      vertex 24.5825 1.59622 0
    endloop
  endfacet
  facet normal 0 0 -1
    outer loop
      vertex 22.7 4 0
      vertex 24.5825 1.59622 0
      vertex 24.4276 1.55742 0
    endloop
  endfacet
  facet normal 0 0 -1
    outer loop
      vertex 22.7 4 0
      vertex 24.4276 1.55742 0
      vertex 24.2772 1.5036 0
    endloop
  endfacet
  facet normal 0 0 -1
    outer loop
      vertex 22.7 4 0
      vertex 24.2772 1.5036 0
      vertex 24.1328 1.43532 0
    endloop
  endfacet
  facet normal 0 0 -1
    outer loop
      vertex 22.7 4 0
      vertex 24.1328 1.43532 0
      vertex 23.9958 1.35321 0
    endloop
  endfacet
  facet normal 0 0 -1
    outer loop
      vertex 22.7 4 0
      vertex 23.9958 1.35321 0
      vertex 23.8675 1.25807 0
    endloop
  endfacet
  facet normal 0 0 -1
    outer loop
      vertex 22.7 4 0
      vertex 23.2725 0 0
      vertex 22.7 -4 0
    endloop
  endfacet
  facet normal 0 0 -1
    outer loop
      vertex 24.9 1.62749 0
      vertex 22.7 4 0
      vertex 27.1 4 0
    endloop
  endfacet
  facet normal 0 0 -1
    outer loop
      vertex 23.7492 1.1508 0
      vertex 22.7 4 0
      vertex 23.8675 1.25807 0
    endloop
  endfacet
  facet normal 0 0 -1
    outer loop
      vertex 23.6419 1.03247 0
      vertex 22.7 4 0
      vertex 23.7492 1.1508 0
    endloop
  endfacet
  facet normal 0 0 -1
    outer loop
      vertex 23.5468 0.90419 0
      vertex 22.7 4 0
      vertex 23.6419 1.03247 0
    endloop
  endfacet
  facet normal 0 0 -1
    outer loop
      vertex 23.4647 0.767197 0
      vertex 22.7 4 0
      vertex 23.5468 0.90419 0
    endloop
  endfacet
  facet normal 0 0 -1
    outer loop
      vertex 23.3964 0.622803 0
      vertex 22.7 4 0
      vertex 23.4647 0.767197 0
    endloop
  endfacet
  facet normal 0 0 -1
    outer loop
      vertex 23.3426 0.472427 0
      vertex 22.7 4 0
      vertex 23.3964 0.622803 0
    endloop
  endfacet
  facet normal 0 0 -1
    outer loop
      vertex 23.3038 0.317505 0
      vertex 22.7 4 0
      vertex 23.3426 0.472427 0
    endloop
  endfacet
  facet normal 0 0 -1
    outer loop
      vertex 23.2803 0.159515 0
      vertex 22.7 4 0
      vertex 23.3038 0.317505 0
    endloop
  endfacet
  facet normal 0 0 -1
    outer loop
      vertex 23.2725 0 0
      vertex 22.7 4 0
      vertex 23.2803 0.159515 0
    endloop
  endfacet
  facet normal -0 0 1
    outer loop
      vertex 23.21 4 4.305
      vertex 24.05 1.91821 4.305
      vertex 24.05 4 4.305
    endloop
  endfacet
  facet normal 0 0 1
    outer loop
      vertex 23.21 1.24232 4.305
      vertex 24.05 1.91821 4.305
      vertex 23.21 4 4.305
    endloop
  endfacet
  facet normal 0 -0 1
    outer loop
      vertex 23.8675 1.25807 4.305
      vertex 24.05 1.91821 4.305
      vertex 23.21 1.24232 4.305
    endloop
  endfacet
  facet normal 0 0 1
    outer loop
      vertex 23.8675 1.25807 4.305
      vertex 23.21 1.24232 4.305
      vertex 23.7492 1.1508 4.305
    endloop
  endfacet
  facet normal 0 0 1
    outer loop
      vertex 23.7492 1.1508 4.305
      vertex 23.21 1.24232 4.305
      vertex 23.6419 1.03247 4.305
    endloop
  endfacet
  facet normal 0 0 1
    outer loop
      vertex 23.6419 1.03247 4.305
      vertex 23.21 1.24232 4.305
      vertex 23.5468 0.90419 4.305
    endloop
  endfacet
  facet normal -0 0 1
    outer loop
      vertex 23.1539 1.16669 4.305
      vertex 23.5468 0.90419 4.305
      vertex 23.21 1.24232 4.305
    endloop
  endfacet
  facet normal 0 0 1
    outer loop
      vertex 23.5468 0.90419 4.305
      vertex 23.1539 1.16669 4.305
      vertex 23.4647 0.767197 4.305
    endloop
  endfacet
  facet normal -0 0 1
    outer loop
      vertex 23.048 0.989929 4.305
      vertex 23.4647 0.767197 4.305
      vertex 23.1539 1.16669 4.305
    endloop
  endfacet
  facet normal -0 0 1
    outer loop
      vertex 22.9599 0.803635 4.305
      vertex 23.3964 0.622803 4.305
      vertex 23.048 0.989929 4.305
    endloop
  endfacet
  facet normal 0 0 1
    outer loop
      vertex 23.4647 0.767197 4.305
      vertex 23.048 0.989929 4.305
      vertex 23.3964 0.622803 4.305
    endloop
  endfacet
  facet normal 0 0 1
    outer loop
      vertex 24.05 1.91821 4.305
      vertex 23.8675 1.25807 4.305
      vertex 23.9958 1.35321 4.305
    endloop
  endfacet
  facet normal -0 0 1
    outer loop
      vertex 26.4962 0.317505 4.305
      vertex 26.59 0 4.305
      vertex 26.59 4 4.305
    endloop
  endfacet
  facet normal 0 0 1
    outer loop
      vertex 26.59 0 4.305
      vertex 26.5197 0.159515 4.305
      vertex 26.5275 0 4.305
    endloop
  endfacet
  facet normal 0 0 1
    outer loop
      vertex 26.59 0 4.305
      vertex 26.4962 0.317505 4.305
      vertex 26.5197 0.159515 4.305
    endloop
  endfacet
  facet normal 0 0 1
    outer loop
      vertex 26.59 4 4.305
      vertex 26.4574 0.472427 4.305
      vertex 26.4962 0.317505 4.305
    endloop
  endfacet
  facet normal 0 0 1
    outer loop
      vertex 26.59 4 4.305
      vertex 26.4036 0.622803 4.305
      vertex 26.4574 0.472427 4.305
    endloop
  endfacet
  facet normal 0 0 1
    outer loop
      vertex 26.59 4 4.305
      vertex 26.3353 0.767197 4.305
      vertex 26.4036 0.622803 4.305
    endloop
  endfacet
  facet normal 0 0 1
    outer loop
      vertex 26.59 4 4.305
      vertex 26.2532 0.90419 4.305
      vertex 26.3353 0.767197 4.305
    endloop
  endfacet
  facet normal 0 0 1
    outer loop
      vertex 26.59 4 4.305
      vertex 26.1581 1.03247 4.305
      vertex 26.2532 0.90419 4.305
    endloop
  endfacet
  facet normal -0 0 1
    outer loop
      vertex 25.75 1.91821 4.305
      vertex 26.1581 1.03247 4.305
      vertex 26.59 4 4.305
    endloop
  endfacet
  facet normal 0 0 1
    outer loop
      vertex 26.1581 1.03247 4.305
      vertex 25.75 1.91821 4.305
      vertex 26.0508 1.1508 4.305
    endloop
  endfacet
  facet normal 0 0 1
    outer loop
      vertex 26.0508 1.1508 4.305
      vertex 25.75 1.91821 4.305
      vertex 25.9325 1.25807 4.305
    endloop
  endfacet
  facet normal 0 0 1
    outer loop
      vertex 25.75 1.91821 4.305
      vertex 26.59 4 4.305
      vertex 25.75 4 4.305
    endloop
  endfacet
  facet normal 0 0 1
    outer loop
      vertex 25.9325 1.25807 4.305
      vertex 25.75 1.91821 4.305
      vertex 25.8042 1.35321 4.305
    endloop
  endfacet
  facet normal 0 0 1
    outer loop
      vertex 25.5228 1.5036 4.305
      vertex 25.75 1.91821 4.305
      vertex 25.7036 1.94014 4.305
    endloop
  endfacet
  facet normal 0 0 1
    outer loop
      vertex 25.75 1.91821 4.305
      vertex 25.6672 1.43532 4.305
      vertex 25.8042 1.35321 4.305
    endloop
  endfacet
  facet normal 0 0 1
    outer loop
      vertex 25.75 1.91821 4.305
      vertex 25.5228 1.5036 4.305
      vertex 25.6672 1.43532 4.305
    endloop
  endfacet
  facet normal 0 0 1
    outer loop
      vertex 25.5096 2.00957 4.305
      vertex 25.5228 1.5036 4.305
      vertex 25.7036 1.94014 4.305
    endloop
  endfacet
  facet normal 0 0 1
    outer loop
      vertex 25.5096 2.00957 4.305
      vertex 25.3724 1.55742 4.305
      vertex 25.5228 1.5036 4.305
    endloop
  endfacet
  facet normal 0 0 1
    outer loop
      vertex 25.3097 2.05965 4.305
      vertex 25.3724 1.55742 4.305
      vertex 25.5096 2.00957 4.305
    endloop
  endfacet
  facet normal 0 0 1
    outer loop
      vertex 25.3097 2.05965 4.305
      vertex 25.2175 1.59622 4.305
      vertex 25.3724 1.55742 4.305
    endloop
  endfacet
  facet normal 0 0 1
    outer loop
      vertex 25.1058 2.08987 4.305
      vertex 25.2175 1.59622 4.305
      vertex 25.3097 2.05965 4.305
    endloop
  endfacet
  facet normal 0 0 1
    outer loop
      vertex 25.1058 2.08987 4.305
      vertex 25.0595 1.61966 4.305
      vertex 25.2175 1.59622 4.305
    endloop
  endfacet
  facet normal 0 0 1
    outer loop
      vertex 24.9 2.09999 4.305
      vertex 25.0595 1.61966 4.305
      vertex 25.1058 2.08987 4.305
    endloop
  endfacet
  facet normal 0 0 1
    outer loop
      vertex 24.9 2.09999 4.305
      vertex 24.9 1.62749 4.305
      vertex 25.0595 1.61966 4.305
    endloop
  endfacet
  facet normal 0 0 1
    outer loop
      vertex 24.9 2.09999 4.305
      vertex 24.7405 1.61966 4.305
      vertex 24.9 1.62749 4.305
    endloop
  endfacet
  facet normal -0 0 1
    outer loop
      vertex 24.6942 2.08987 4.305
      vertex 24.7405 1.61966 4.305
      vertex 24.9 2.09999 4.305
    endloop
  endfacet
  facet normal 0 0 1
    outer loop
      vertex 24.6942 2.08987 4.305
      vertex 24.5825 1.59622 4.305
      vertex 24.7405 1.61966 4.305
    endloop
  endfacet
  facet normal -0 0 1
    outer loop
      vertex 24.4903 2.05965 4.305
      vertex 24.5825 1.59622 4.305
      vertex 24.6942 2.08987 4.305
    endloop
  endfacet
  facet normal 0 0 1
    outer loop
      vertex 24.4903 2.05965 4.305
      vertex 24.4276 1.55742 4.305
      vertex 24.5825 1.59622 4.305
    endloop
  endfacet
  facet normal -0 0 1
    outer loop
      vertex 24.2904 2.00957 4.305
      vertex 24.4276 1.55742 4.305
      vertex 24.4903 2.05965 4.305
    endloop
  endfacet
  facet normal 0 0 1
    outer loop
      vertex 24.2904 2.00957 4.305
      vertex 24.2772 1.5036 4.305
      vertex 24.4276 1.55742 4.305
    endloop
  endfacet
  facet normal -0 0 1
    outer loop
      vertex 24.0964 1.94014 4.305
      vertex 24.2772 1.5036 4.305
      vertex 24.2904 2.00957 4.305
    endloop
  endfacet
  facet normal -0 0 1
    outer loop
      vertex 24.05 1.91821 4.305
      vertex 24.2772 1.5036 4.305
      vertex 24.0964 1.94014 4.305
    endloop
  endfacet
  facet normal 0 0 1
    outer loop
      vertex 24.2772 1.5036 4.305
      vertex 24.05 1.91821 4.305
      vertex 24.1328 1.43532 4.305
    endloop
  endfacet
  facet normal 0 0 1
    outer loop
      vertex 24.1328 1.43532 4.305
      vertex 24.05 1.91821 4.305
      vertex 23.9958 1.35321 4.305
    endloop
  endfacet
  facet normal -0 0 1
    outer loop
      vertex 26.5197 -0.159515 4.305
      vertex 26.5275 -1.3266 4.305
      vertex 26.5275 0 4.305
    endloop
  endfacet
  facet normal -0 0 1
    outer loop
      vertex 26.4962 -0.317505 4.305
      vertex 26.5275 -1.3266 4.305
      vertex 26.5197 -0.159515 4.305
    endloop
  endfacet
  facet normal -0 0 1
    outer loop
      vertex 26.4574 -0.472427 4.305
      vertex 26.5275 -1.3266 4.305
      vertex 26.4962 -0.317505 4.305
    endloop
  endfacet
  facet normal -0 0 1
    outer loop
      vertex 26.4036 -0.622803 4.305
      vertex 26.5275 -1.3266 4.305
      vertex 26.4574 -0.472427 4.305
    endloop
  endfacet
  facet normal -0 0 1
    outer loop
      vertex 26.3353 -0.767197 4.305
      vertex 26.5275 -1.3266 4.305
      vertex 26.4036 -0.622803 4.305
    endloop
  endfacet
  facet normal -0 0 1
    outer loop
      vertex 26.2532 -0.90419 4.305
      vertex 26.5275 -1.3266 4.305
      vertex 26.3353 -0.767197 4.305
    endloop
  endfacet
  facet normal -0 0 1
    outer loop
      vertex 26.1581 -1.03247 4.305
      vertex 26.5275 -1.3266 4.305
      vertex 26.2532 -0.90419 4.305
    endloop
  endfacet
  facet normal 0 0 1
    outer loop
      vertex 26.5275 -1.3266 4.305
      vertex 26.1581 -1.03247 4.305
      vertex 26.3849 -1.48491 4.305
    endloop
  endfacet
  facet normal -0 0 1
    outer loop
      vertex 26.0508 -1.1508 4.305
      vertex 26.3849 -1.48491 4.305
      vertex 26.1581 -1.03247 4.305
    endloop
  endfacet
  facet normal 0 0 1
    outer loop
      vertex 26.3849 -1.48491 4.305
      vertex 26.0508 -1.1508 4.305
      vertex 26.2322 -1.62332 4.305
    endloop
  endfacet
  facet normal -0 0 1
    outer loop
      vertex 25.9325 -1.25807 4.305
      vertex 26.2322 -1.62332 4.305
      vertex 26.0508 -1.1508 4.305
    endloop
  endfacet
  facet normal 0 0 1
    outer loop
      vertex 26.2322 -1.62332 4.305
      vertex 25.9325 -1.25807 4.305
      vertex 26.0667 -1.74608 4.305
    endloop
  endfacet
  facet normal -0 0 1
    outer loop
      vertex 25.8042 -1.35321 4.305
      vertex 26.0667 -1.74608 4.305
      vertex 25.9325 -1.25807 4.305
    endloop
  endfacet
  facet normal 0 0 1
    outer loop
      vertex 26.0667 -1.74608 4.305
      vertex 25.8042 -1.35321 4.305
      vertex 25.8899 -1.85202 4.305
    endloop
  endfacet
  facet normal -0 0 1
    outer loop
      vertex 25.6672 -1.43532 4.305
      vertex 25.8899 -1.85202 4.305
      vertex 25.8042 -1.35321 4.305
    endloop
  endfacet
  facet normal 0 0 1
    outer loop
      vertex 25.8899 -1.85202 4.305
      vertex 25.6672 -1.43532 4.305
      vertex 25.7036 -1.94014 4.305
    endloop
  endfacet
  facet normal -0 0 1
    outer loop
      vertex 25.5228 -1.5036 4.305
      vertex 25.7036 -1.94014 4.305
      vertex 25.6672 -1.43532 4.305
    endloop
  endfacet
  facet normal 0 0 1
    outer loop
      vertex 25.5228 -1.5036 4.305
      vertex 25.5096 -2.00957 4.305
      vertex 25.7036 -1.94014 4.305
    endloop
  endfacet
  facet normal -0 0 1
    outer loop
      vertex 25.3724 -1.55742 4.305
      vertex 25.5096 -2.00957 4.305
      vertex 25.5228 -1.5036 4.305
    endloop
  endfacet
  facet normal 0 0 1
    outer loop
      vertex 25.3724 -1.55742 4.305
      vertex 25.3097 -2.05965 4.305
      vertex 25.5096 -2.00957 4.305
    endloop
  endfacet
  facet normal -0 0 1
    outer loop
      vertex 25.2175 -1.59622 4.305
      vertex 25.3097 -2.05965 4.305
      vertex 25.3724 -1.55742 4.305
    endloop
  endfacet
  facet normal 0 0 1
    outer loop
      vertex 25.2175 -1.59622 4.305
      vertex 25.1058 -2.08987 4.305
      vertex 25.3097 -2.05965 4.305
    endloop
  endfacet
  facet normal -0 0 1
    outer loop
      vertex 25.0595 -1.61966 4.305
      vertex 25.1058 -2.08987 4.305
      vertex 25.2175 -1.59622 4.305
    endloop
  endfacet
  facet normal -0 0 1
    outer loop
      vertex 24.9 -1.62749 4.305
      vertex 25.1058 -2.08987 4.305
      vertex 25.0595 -1.61966 4.305
    endloop
  endfacet
  facet normal 0 0 1
    outer loop
      vertex 24.9 -1.62749 4.305
      vertex 24.9 -2.09999 4.305
      vertex 25.1058 -2.08987 4.305
    endloop
  endfacet
  facet normal 0 0 1
    outer loop
      vertex 24.7405 -1.61966 4.305
      vertex 24.9 -2.09999 4.305
      vertex 24.9 -1.62749 4.305
    endloop
  endfacet
  facet normal 0 0 1
    outer loop
      vertex 24.7405 -1.61966 4.305
      vertex 24.6942 -2.08987 4.305
      vertex 24.9 -2.09999 4.305
    endloop
  endfacet
  facet normal 0 0 1
    outer loop
      vertex 24.5825 -1.59622 4.305
      vertex 24.6942 -2.08987 4.305
      vertex 24.7405 -1.61966 4.305
    endloop
  endfacet
  facet normal 0 0 1
    outer loop
      vertex 24.5825 -1.59622 4.305
      vertex 24.4903 -2.05965 4.305
      vertex 24.6942 -2.08987 4.305
    endloop
  endfacet
  facet normal 0 0 1
    outer loop
      vertex 24.4276 -1.55742 4.305
      vertex 24.4903 -2.05965 4.305
      vertex 24.5825 -1.59622 4.305
    endloop
  endfacet
  facet normal 0 0 1
    outer loop
      vertex 24.4276 -1.55742 4.305
      vertex 24.2904 -2.00957 4.305
      vertex 24.4903 -2.05965 4.305
    endloop
  endfacet
  facet normal 0 0 1
    outer loop
      vertex 24.2772 -1.5036 4.305
      vertex 24.2904 -2.00957 4.305
      vertex 24.4276 -1.55742 4.305
    endloop
  endfacet
  facet normal 0 0 1
    outer loop
      vertex 24.0964 -1.94014 4.305
      vertex 24.2772 -1.5036 4.305
      vertex 24.1328 -1.43532 4.305
    endloop
  endfacet
  facet normal 0 0 1
    outer loop
      vertex 24.2772 -1.5036 4.305
      vertex 24.0964 -1.94014 4.305
      vertex 24.2904 -2.00957 4.305
    endloop
  endfacet
  facet normal 0 0 1
    outer loop
      vertex 23.9101 -1.85202 4.305
      vertex 24.1328 -1.43532 4.305
      vertex 23.9958 -1.35321 4.305
    endloop
  endfacet
  facet normal 0 0 1
    outer loop
      vertex 24.1328 -1.43532 4.305
      vertex 23.9101 -1.85202 4.305
      vertex 24.0964 -1.94014 4.305
    endloop
  endfacet
  facet normal 0 0 1
    outer loop
      vertex 23.7333 -1.74608 4.305
      vertex 23.9958 -1.35321 4.305
      vertex 23.8675 -1.25807 4.305
    endloop
  endfacet
  facet normal 0 0 1
    outer loop
      vertex 23.5678 -1.62332 4.305
      vertex 23.8675 -1.25807 4.305
      vertex 23.7492 -1.1508 4.305
    endloop
  endfacet
  facet normal 0 0 1
    outer loop
      vertex 23.9958 -1.35321 4.305
      vertex 23.7333 -1.74608 4.305
      vertex 23.9101 -1.85202 4.305
    endloop
  endfacet
  facet normal 0 0 1
    outer loop
      vertex 23.4151 -1.48491 4.305
      vertex 23.7492 -1.1508 4.305
      vertex 23.6419 -1.03247 4.305
    endloop
  endfacet
  facet normal 0 0 1
    outer loop
      vertex 23.8675 -1.25807 4.305
      vertex 23.5678 -1.62332 4.305
      vertex 23.7333 -1.74608 4.305
    endloop
  endfacet
  facet normal 0 0 1
    outer loop
      vertex 23.2767 -1.33221 4.305
      vertex 23.6419 -1.03247 4.305
      vertex 23.5468 -0.90419 4.305
    endloop
  endfacet
  facet normal 0 0 1
    outer loop
      vertex 23.1539 -1.16669 4.305
      vertex 23.5468 -0.90419 4.305
      vertex 23.4647 -0.767197 4.305
    endloop
  endfacet
  facet normal 0 0 1
    outer loop
      vertex 23.7492 -1.1508 4.305
      vertex 23.4151 -1.48491 4.305
      vertex 23.5678 -1.62332 4.305
    endloop
  endfacet
  facet normal 0 0 1
    outer loop
      vertex 23.048 -0.989929 4.305
      vertex 23.4647 -0.767197 4.305
      vertex 23.3964 -0.622803 4.305
    endloop
  endfacet
  facet normal 0 0 1
    outer loop
      vertex 22.9599 -0.803635 4.305
      vertex 23.3964 -0.622803 4.305
      vertex 23.3426 -0.472427 4.305
    endloop
  endfacet
  facet normal 0 0 1
    outer loop
      vertex 22.8904 -0.609589 4.305
      vertex 23.3426 -0.472427 4.305
      vertex 23.3038 -0.317505 4.305
    endloop
  endfacet
  facet normal 0 0 1
    outer loop
      vertex 22.8404 -0.409683 4.305
      vertex 23.3038 -0.317505 4.305
      vertex 23.2803 -0.159515 4.305
    endloop
  endfacet
  facet normal 0 0 1
    outer loop
      vertex 23.6419 -1.03247 4.305
      vertex 23.2767 -1.33221 4.305
      vertex 23.4151 -1.48491 4.305
    endloop
  endfacet
  facet normal 0 0 1
    outer loop
      vertex 22.8101 -0.205826 4.305
      vertex 23.2803 -0.159515 4.305
      vertex 23.2725 0 4.305
    endloop
  endfacet
  facet normal 0 0 1
    outer loop
      vertex 23.3964 0.622803 4.305
      vertex 22.9599 0.803635 4.305
      vertex 23.3426 0.472427 4.305
    endloop
  endfacet
  facet normal -0 0 1
    outer loop
      vertex 22.8904 0.609589 4.305
      vertex 23.3426 0.472427 4.305
      vertex 22.9599 0.803635 4.305
    endloop
  endfacet
  facet normal 0 0 1
    outer loop
      vertex 23.3426 0.472427 4.305
      vertex 22.8904 0.609589 4.305
      vertex 23.3038 0.317505 4.305
    endloop
  endfacet
  facet normal 0 0 1
    outer loop
      vertex 23.5468 -0.90419 4.305
      vertex 23.1539 -1.16669 4.305
      vertex 23.2767 -1.33221 4.305
    endloop
  endfacet
  facet normal -0 0 1
    outer loop
      vertex 22.8404 0.409683 4.305
      vertex 23.3038 0.317505 4.305
      vertex 22.8904 0.609589 4.305
    endloop
  endfacet
  facet normal 0 0 1
    outer loop
      vertex 23.4647 -0.767197 4.305
      vertex 23.048 -0.989929 4.305
      vertex 23.1539 -1.16669 4.305
    endloop
  endfacet
  facet normal 0 0 1
    outer loop
      vertex 23.3038 0.317505 4.305
      vertex 22.8404 0.409683 4.305
      vertex 23.2803 0.159515 4.305
    endloop
  endfacet
  facet normal 0 0 1
    outer loop
      vertex 23.3964 -0.622803 4.305
      vertex 22.9599 -0.803635 4.305
      vertex 23.048 -0.989929 4.305
    endloop
  endfacet
  facet normal -0 0 1
    outer loop
      vertex 22.8101 0.205826 4.305
      vertex 23.2803 0.159515 4.305
      vertex 22.8404 0.409683 4.305
    endloop
  endfacet
  facet normal 0 0 1
    outer loop
      vertex 23.3426 -0.472427 4.305
      vertex 22.8904 -0.609589 4.305
      vertex 22.9599 -0.803635 4.305
    endloop
  endfacet
  facet normal 0 0 1
    outer loop
      vertex 23.2803 0.159515 4.305
      vertex 22.8101 0.205826 4.305
      vertex 23.2725 0 4.305
    endloop
  endfacet
  facet normal 0 0 1
    outer loop
      vertex 23.3038 -0.317505 4.305
      vertex 22.8404 -0.409683 4.305
      vertex 22.8904 -0.609589 4.305
    endloop
  endfacet
  facet normal 0 0 1
    outer loop
      vertex 22.8 0 4.305
      vertex 23.2725 0 4.305
      vertex 22.8101 0.205826 4.305
    endloop
  endfacet
  facet normal 0 0 1
    outer loop
      vertex 23.2803 -0.159515 4.305
      vertex 22.8101 -0.205826 4.305
      vertex 22.8404 -0.409683 4.305
    endloop
  endfacet
  facet normal 0 0 1
    outer loop
      vertex 23.2725 0 4.305
      vertex 22.8 0 4.305
      vertex 22.8101 -0.205826 4.305
    endloop
  endfacet
  facet normal 0 1 0
    outer loop
      vertex 27.1 4 6.505
      vertex 26.59 4 4.305
      vertex 26.59 4 6.505
    endloop
  endfacet
  facet normal 0 1 0
    outer loop
      vertex 27.1 4 0
      vertex 25.75 4 4.305
      vertex 26.59 4 4.305
    endloop
  endfacet
  facet normal 0 1 0
    outer loop
      vertex 25.75 4 4.305
      vertex 27.1 4 0
      vertex 24.05 4 4.305
    endloop
  endfacet
  facet normal 0 1 0
    outer loop
      vertex 22.7 4 0
      vertex 24.05 4 4.305
      vertex 27.1 4 0
    endloop
  endfacet
  facet normal 0 1 -0
    outer loop
      vertex 27.1 4 0
      vertex 26.59 4 4.305
      vertex 27.1 4 6.505
    endloop
  endfacet
  facet normal 0 1 -0
    outer loop
      vertex 25.75 4 4.305
      vertex 24.05 4 6.505
      vertex 25.75 4 6.505
    endloop
  endfacet
  facet normal 0 1 0
    outer loop
      vertex 24.05 4 6.505
      vertex 25.75 4 4.305
      vertex 24.05 4 4.305
    endloop
  endfacet
  facet normal 0 1 -0
    outer loop
      vertex 23.21 4 4.305
      vertex 22.7 4 6.505
      vertex 23.21 4 6.505
    endloop
  endfacet
  facet normal 0 1 0
    outer loop
      vertex 23.21 4 4.305
      vertex 22.7 4 0
      vertex 22.7 4 6.505
    endloop
  endfacet
  facet normal 0 1 0
    outer loop
      vertex 24.05 4 4.305
      vertex 22.7 4 0
      vertex 23.21 4 4.305
    endloop
  endfacet
  facet normal -1 0 0
    outer loop
      vertex 22.7 -4 0
      vertex 22.7 4 6.505
      vertex 22.7 4 0
    endloop
  endfacet
  facet normal -1 -0 0
    outer loop
      vertex 22.7 4 6.505
      vertex 22.7 -4 0
      vertex 22.7 -4 6.505
    endloop
  endfacet
  facet normal 0 -1 0
    outer loop
      vertex 22.7 -4 0
      vertex 27.1 -4 6.505
      vertex 22.7 -4 6.505
    endloop
  endfacet
  facet normal 0 -1 -0
    outer loop
      vertex 27.1 -4 6.505
      vertex 22.7 -4 0
      vertex 27.1 -4 0
    endloop
  endfacet
  facet normal 1 -0 0
    outer loop
      vertex 27.1 -4 6.505
      vertex 27.1 4 0
      vertex 27.1 4 6.505
    endloop
  endfacet
  facet normal 1 0 0
    outer loop
      vertex 27.1 4 0
      vertex 27.1 -4 6.505
      vertex 27.1 -4 0
    endloop
  endfacet
  facet normal 0.146743 0.989175 -0
    outer loop
      vertex 24.7405 -1.61966 0
      vertex 24.5825 -1.59622 4.305
      vertex 24.7405 -1.61966 4.305
    endloop
  endfacet
  facet normal 0.146743 0.989175 0
    outer loop
      vertex 24.5825 -1.59622 4.305
      vertex 24.7405 -1.61966 0
      vertex 24.5825 -1.59622 0
    endloop
  endfacet
  facet normal 0.242963 0.970036 -0
    outer loop
      vertex 24.5825 -1.59622 0
      vertex 24.4276 -1.55742 4.305
      vertex 24.5825 -1.59622 4.305
    endloop
  endfacet
  facet normal 0.242963 0.970036 0
    outer loop
      vertex 24.4276 -1.55742 4.305
      vertex 24.5825 -1.59622 0
      vertex 24.4276 -1.55742 0
    endloop
  endfacet
  facet normal 0.33696 0.941519 -0
    outer loop
      vertex 24.4276 -1.55742 0
      vertex 24.2772 -1.5036 4.305
      vertex 24.4276 -1.55742 4.305
    endloop
  endfacet
  facet normal 0.33696 0.941519 0
    outer loop
      vertex 24.2772 -1.5036 4.305
      vertex 24.4276 -1.55742 0
      vertex 24.2772 -1.5036 0
    endloop
  endfacet
  facet normal 0.427503 0.904014 -0
    outer loop
      vertex 24.2772 -1.5036 0
      vertex 24.1328 -1.43532 4.305
      vertex 24.2772 -1.5036 4.305
    endloop
  endfacet
  facet normal 0.427503 0.904014 0
    outer loop
      vertex 24.1328 -1.43532 4.305
      vertex 24.2772 -1.5036 0
      vertex 24.1328 -1.43532 0
    endloop
  endfacet
  facet normal 0.514088 0.857737 -0
    outer loop
      vertex 24.1328 -1.43532 0
      vertex 23.9958 -1.35321 4.305
      vertex 24.1328 -1.43532 4.305
    endloop
  endfacet
  facet normal 0.514088 0.857737 0
    outer loop
      vertex 23.9958 -1.35321 4.305
      vertex 24.1328 -1.43532 0
      vertex 23.9958 -1.35321 0
    endloop
  endfacet
  facet normal 0.595696 0.80321 -0
    outer loop
      vertex 23.9958 -1.35321 0
      vertex 23.8675 -1.25807 4.305
      vertex 23.9958 -1.35321 4.305
    endloop
  endfacet
  facet normal 0.595696 0.80321 0
    outer loop
      vertex 23.8675 -1.25807 4.305
      vertex 23.9958 -1.35321 0
      vertex 23.8675 -1.25807 0
    endloop
  endfacet
  facet normal 0.671626 0.74089 -0
    outer loop
      vertex 23.8675 -1.25807 0
      vertex 23.7492 -1.1508 4.305
      vertex 23.8675 -1.25807 4.305
    endloop
  endfacet
  facet normal 0.671626 0.74089 0
    outer loop
      vertex 23.7492 -1.1508 4.305
      vertex 23.8675 -1.25807 0
      vertex 23.7492 -1.1508 0
    endloop
  endfacet
  facet normal 0.74089 0.671626 0
    outer loop
      vertex 23.7492 -1.1508 4.305
      vertex 23.6419 -1.03247 0
      vertex 23.6419 -1.03247 4.305
    endloop
  endfacet
  facet normal 0.74089 0.671626 0
    outer loop
      vertex 23.6419 -1.03247 0
      vertex 23.7492 -1.1508 4.305
      vertex 23.7492 -1.1508 0
    endloop
  endfacet
  facet normal 0.80321 0.595696 0
    outer loop
      vertex 23.6419 -1.03247 4.305
      vertex 23.5468 -0.90419 0
      vertex 23.5468 -0.90419 4.305
    endloop
  endfacet
  facet normal 0.80321 0.595696 0
    outer loop
      vertex 23.5468 -0.90419 0
      vertex 23.6419 -1.03247 4.305
      vertex 23.6419 -1.03247 0
    endloop
  endfacet
  facet normal 0.857737 0.514088 0
    outer loop
      vertex 23.5468 -0.90419 4.305
      vertex 23.4647 -0.767197 0
      vertex 23.4647 -0.767197 4.305
    endloop
  endfacet
  facet normal 0.857737 0.514088 0
    outer loop
      vertex 23.4647 -0.767197 0
      vertex 23.5468 -0.90419 4.305
      vertex 23.5468 -0.90419 0
    endloop
  endfacet
  facet normal 0.904014 0.427503 0
    outer loop
      vertex 23.4647 -0.767197 4.305
      vertex 23.3964 -0.622803 0
      vertex 23.3964 -0.622803 4.305
    endloop
  endfacet
  facet normal 0.904014 0.427503 0
    outer loop
      vertex 23.3964 -0.622803 0
      vertex 23.4647 -0.767197 4.305
      vertex 23.4647 -0.767197 0
    endloop
  endfacet
  facet normal 0.941519 0.33696 0
    outer loop
      vertex 23.3964 -0.622803 4.305
      vertex 23.3426 -0.472427 0
      vertex 23.3426 -0.472427 4.305
    endloop
  endfacet
  facet normal 0.941519 0.33696 0
    outer loop
      vertex 23.3426 -0.472427 0
      vertex 23.3964 -0.622803 4.305
      vertex 23.3964 -0.622803 0
    endloop
  endfacet
  facet normal 0.970036 0.242963 0
    outer loop
      vertex 23.3426 -0.472427 4.305
      vertex 23.3038 -0.317505 0
      vertex 23.3038 -0.317505 4.305
    endloop
  endfacet
  facet normal 0.970036 0.242963 0
    outer loop
      vertex 23.3038 -0.317505 0
      vertex 23.3426 -0.472427 4.305
      vertex 23.3426 -0.472427 0
    endloop
  endfacet
  facet normal 0.989175 0.146743 0
    outer loop
      vertex 23.3038 -0.317505 4.305
      vertex 23.2803 -0.159515 0
      vertex 23.2803 -0.159515 4.305
    endloop
  endfacet
  facet normal 0.989175 0.146743 0
    outer loop
      vertex 23.2803 -0.159515 0
      vertex 23.3038 -0.317505 4.305
      vertex 23.3038 -0.317505 0
    endloop
  endfacet
  facet normal 0.998798 0.0490131 0
    outer loop
      vertex 23.2803 -0.159515 4.305
      vertex 23.2725 0 0
      vertex 23.2725 0 4.305
    endloop
  endfacet
  facet normal 0.998798 0.0490131 0
    outer loop
      vertex 23.2725 0 0
      vertex 23.2803 -0.159515 4.305
      vertex 23.2803 -0.159515 0
    endloop
  endfacet
  facet normal 0.998798 -0.0490131 0
    outer loop
      vertex 23.2725 0 4.305
      vertex 23.2803 0.159515 0
      vertex 23.2803 0.159515 4.305
    endloop
  endfacet
  facet normal 0.998798 -0.0490131 0
    outer loop
      vertex 23.2803 0.159515 0
      vertex 23.2725 0 4.305
      vertex 23.2725 0 0
    endloop
  endfacet
  facet normal 0.989175 -0.146743 0
    outer loop
      vertex 23.2803 0.159515 4.305
      vertex 23.3038 0.317505 0
      vertex 23.3038 0.317505 4.305
    endloop
  endfacet
  facet normal 0.989175 -0.146743 0
    outer loop
      vertex 23.3038 0.317505 0
      vertex 23.2803 0.159515 4.305
      vertex 23.2803 0.159515 0
    endloop
  endfacet
  facet normal 0.970036 -0.242963 0
    outer loop
      vertex 23.3038 0.317505 4.305
      vertex 23.3426 0.472427 0
      vertex 23.3426 0.472427 4.305
    endloop
  endfacet
  facet normal 0.970036 -0.242963 0
    outer loop
      vertex 23.3426 0.472427 0
      vertex 23.3038 0.317505 4.305
      vertex 23.3038 0.317505 0
    endloop
  endfacet
  facet normal 0.941519 -0.33696 0
    outer loop
      vertex 23.3426 0.472427 4.305
      vertex 23.3964 0.622803 0
      vertex 23.3964 0.622803 4.305
    endloop
  endfacet
  facet normal 0.941519 -0.33696 0
    outer loop
      vertex 23.3964 0.622803 0
      vertex 23.3426 0.472427 4.305
      vertex 23.3426 0.472427 0
    endloop
  endfacet
  facet normal 0.904014 -0.427503 0
    outer loop
      vertex 23.3964 0.622803 4.305
      vertex 23.4647 0.767197 0
      vertex 23.4647 0.767197 4.305
    endloop
  endfacet
  facet normal 0.904014 -0.427503 0
    outer loop
      vertex 23.4647 0.767197 0
      vertex 23.3964 0.622803 4.305
      vertex 23.3964 0.622803 0
    endloop
  endfacet
  facet normal 0.857737 -0.514088 0
    outer loop
      vertex 23.4647 0.767197 4.305
      vertex 23.5468 0.90419 0
      vertex 23.5468 0.90419 4.305
    endloop
  endfacet
  facet normal 0.857737 -0.514088 0
    outer loop
      vertex 23.5468 0.90419 0
      vertex 23.4647 0.767197 4.305
      vertex 23.4647 0.767197 0
    endloop
  endfacet
  facet normal 0.80321 -0.595696 0
    outer loop
      vertex 23.5468 0.90419 4.305
      vertex 23.6419 1.03247 0
      vertex 23.6419 1.03247 4.305
    endloop
  endfacet
  facet normal 0.80321 -0.595696 0
    outer loop
      vertex 23.6419 1.03247 0
      vertex 23.5468 0.90419 4.305
      vertex 23.5468 0.90419 0
    endloop
  endfacet
  facet normal 0.74089 -0.671626 0
    outer loop
      vertex 23.6419 1.03247 4.305
      vertex 23.7492 1.1508 0
      vertex 23.7492 1.1508 4.305
    endloop
  endfacet
  facet normal 0.74089 -0.671626 0
    outer loop
      vertex 23.7492 1.1508 0
      vertex 23.6419 1.03247 4.305
      vertex 23.6419 1.03247 0
    endloop
  endfacet
  facet normal 0.671626 -0.74089 0
    outer loop
      vertex 23.7492 1.1508 0
      vertex 23.8675 1.25807 4.305
      vertex 23.7492 1.1508 4.305
    endloop
  endfacet
  facet normal 0.671626 -0.74089 0
    outer loop
      vertex 23.8675 1.25807 4.305
      vertex 23.7492 1.1508 0
      vertex 23.8675 1.25807 0
    endloop
  endfacet
  facet normal 0.595696 -0.80321 0
    outer loop
      vertex 23.8675 1.25807 0
      vertex 23.9958 1.35321 4.305
      vertex 23.8675 1.25807 4.305
    endloop
  endfacet
  facet normal 0.595696 -0.80321 0
    outer loop
      vertex 23.9958 1.35321 4.305
      vertex 23.8675 1.25807 0
      vertex 23.9958 1.35321 0
    endloop
  endfacet
  facet normal 0.514088 -0.857737 0
    outer loop
      vertex 23.9958 1.35321 0
      vertex 24.1328 1.43532 4.305
      vertex 23.9958 1.35321 4.305
    endloop
  endfacet
  facet normal 0.514088 -0.857737 0
    outer loop
      vertex 24.1328 1.43532 4.305
      vertex 23.9958 1.35321 0
      vertex 24.1328 1.43532 0
    endloop
  endfacet
  facet normal 0.427503 -0.904014 0
    outer loop
      vertex 24.1328 1.43532 0
      vertex 24.2772 1.5036 4.305
      vertex 24.1328 1.43532 4.305
    endloop
  endfacet
  facet normal 0.427503 -0.904014 0
    outer loop
      vertex 24.2772 1.5036 4.305
      vertex 24.1328 1.43532 0
      vertex 24.2772 1.5036 0
    endloop
  endfacet
  facet normal 0.33696 -0.941519 0
    outer loop
      vertex 24.2772 1.5036 0
      vertex 24.4276 1.55742 4.305
      vertex 24.2772 1.5036 4.305
    endloop
  endfacet
  facet normal 0.33696 -0.941519 0
    outer loop
      vertex 24.4276 1.55742 4.305
      vertex 24.2772 1.5036 0
      vertex 24.4276 1.55742 0
    endloop
  endfacet
  facet normal 0.242963 -0.970036 0
    outer loop
      vertex 24.4276 1.55742 0
      vertex 24.5825 1.59622 4.305
      vertex 24.4276 1.55742 4.305
    endloop
  endfacet
  facet normal 0.242963 -0.970036 0
    outer loop
      vertex 24.5825 1.59622 4.305
      vertex 24.4276 1.55742 0
      vertex 24.5825 1.59622 0
    endloop
  endfacet
  facet normal 0.146743 -0.989175 0
    outer loop
      vertex 24.5825 1.59622 0
      vertex 24.7405 1.61966 4.305
      vertex 24.5825 1.59622 4.305
    endloop
  endfacet
  facet normal 0.146743 -0.989175 0
    outer loop
      vertex 24.7405 1.61966 4.305
      vertex 24.5825 1.59622 0
      vertex 24.7405 1.61966 0
    endloop
  endfacet
  facet normal 0.0490131 -0.998798 0
    outer loop
      vertex 24.7405 1.61966 0
      vertex 24.9 1.62749 4.305
      vertex 24.7405 1.61966 4.305
    endloop
  endfacet
  facet normal 0.0490131 -0.998798 0
    outer loop
      vertex 24.9 1.62749 4.305
      vertex 24.7405 1.61966 0
      vertex 24.9 1.62749 0
    endloop
  endfacet
  facet normal -0.0490131 -0.998798 0
    outer loop
      vertex 24.9 1.62749 0
      vertex 25.0595 1.61966 4.305
      vertex 24.9 1.62749 4.305
    endloop
  endfacet
  facet normal -0.0490131 -0.998798 -0
    outer loop
      vertex 25.0595 1.61966 4.305
      vertex 24.9 1.62749 0
      vertex 25.0595 1.61966 0
    endloop
  endfacet
  facet normal -0.146743 -0.989175 0
    outer loop
      vertex 25.0595 1.61966 0
      vertex 25.2175 1.59622 4.305
      vertex 25.0595 1.61966 4.305
    endloop
  endfacet
  facet normal -0.146743 -0.989175 -0
    outer loop
      vertex 25.2175 1.59622 4.305
      vertex 25.0595 1.61966 0
      vertex 25.2175 1.59622 0
    endloop
  endfacet
  facet normal -0.242963 -0.970036 0
    outer loop
      vertex 25.2175 1.59622 0
      vertex 25.3724 1.55742 4.305
      vertex 25.2175 1.59622 4.305
    endloop
  endfacet
  facet normal -0.242963 -0.970036 -0
    outer loop
      vertex 25.3724 1.55742 4.305
      vertex 25.2175 1.59622 0
      vertex 25.3724 1.55742 0
    endloop
  endfacet
  facet normal -0.33696 -0.941519 0
    outer loop
      vertex 25.3724 1.55742 0
      vertex 25.5228 1.5036 4.305
      vertex 25.3724 1.55742 4.305
    endloop
  endfacet
  facet normal -0.33696 -0.941519 -0
    outer loop
      vertex 25.5228 1.5036 4.305
      vertex 25.3724 1.55742 0
      vertex 25.5228 1.5036 0
    endloop
  endfacet
  facet normal -0.427503 -0.904014 0
    outer loop
      vertex 25.5228 1.5036 0
      vertex 25.6672 1.43532 4.305
      vertex 25.5228 1.5036 4.305
    endloop
  endfacet
  facet normal -0.427503 -0.904014 -0
    outer loop
      vertex 25.6672 1.43532 4.305
      vertex 25.5228 1.5036 0
      vertex 25.6672 1.43532 0
    endloop
  endfacet
  facet normal -0.514088 -0.857737 0
    outer loop
      vertex 25.6672 1.43532 0
      vertex 25.8042 1.35321 4.305
      vertex 25.6672 1.43532 4.305
    endloop
  endfacet
  facet normal -0.514088 -0.857737 -0
    outer loop
      vertex 25.8042 1.35321 4.305
      vertex 25.6672 1.43532 0
      vertex 25.8042 1.35321 0
    endloop
  endfacet
  facet normal -0.595696 -0.80321 0
    outer loop
      vertex 25.8042 1.35321 0
      vertex 25.9325 1.25807 4.305
      vertex 25.8042 1.35321 4.305
    endloop
  endfacet
  facet normal -0.595696 -0.80321 -0
    outer loop
      vertex 25.9325 1.25807 4.305
      vertex 25.8042 1.35321 0
      vertex 25.9325 1.25807 0
    endloop
  endfacet
  facet normal -0.671626 -0.74089 0
    outer loop
      vertex 25.9325 1.25807 0
      vertex 26.0508 1.1508 4.305
      vertex 25.9325 1.25807 4.305
    endloop
  endfacet
  facet normal -0.671626 -0.74089 -0
    outer loop
      vertex 26.0508 1.1508 4.305
      vertex 25.9325 1.25807 0
      vertex 26.0508 1.1508 0
    endloop
  endfacet
  facet normal -0.74089 -0.671626 0
    outer loop
      vertex 26.1581 1.03247 0
      vertex 26.0508 1.1508 4.305
      vertex 26.0508 1.1508 0
    endloop
  endfacet
  facet normal -0.74089 -0.671626 0
    outer loop
      vertex 26.0508 1.1508 4.305
      vertex 26.1581 1.03247 0
      vertex 26.1581 1.03247 4.305
    endloop
  endfacet
  facet normal -0.80321 -0.595696 0
    outer loop
      vertex 26.2532 0.90419 0
      vertex 26.1581 1.03247 4.305
      vertex 26.1581 1.03247 0
    endloop
  endfacet
  facet normal -0.80321 -0.595696 0
    outer loop
      vertex 26.1581 1.03247 4.305
      vertex 26.2532 0.90419 0
      vertex 26.2532 0.90419 4.305
    endloop
  endfacet
  facet normal -0.857737 -0.514088 0
    outer loop
      vertex 26.3353 0.767197 0
      vertex 26.2532 0.90419 4.305
      vertex 26.2532 0.90419 0
    endloop
  endfacet
  facet normal -0.857737 -0.514088 0
    outer loop
      vertex 26.2532 0.90419 4.305
      vertex 26.3353 0.767197 0
      vertex 26.3353 0.767197 4.305
    endloop
  endfacet
  facet normal -0.904014 -0.427503 0
    outer loop
      vertex 26.4036 0.622803 0
      vertex 26.3353 0.767197 4.305
      vertex 26.3353 0.767197 0
    endloop
  endfacet
  facet normal -0.904014 -0.427503 0
    outer loop
      vertex 26.3353 0.767197 4.305
      vertex 26.4036 0.622803 0
      vertex 26.4036 0.622803 4.305
    endloop
  endfacet
  facet normal -0.941519 -0.33696 0
    outer loop
      vertex 26.4574 0.472427 0
      vertex 26.4036 0.622803 4.305
      vertex 26.4036 0.622803 0
    endloop
  endfacet
  facet normal -0.941519 -0.33696 0
    outer loop
      vertex 26.4036 0.622803 4.305
      vertex 26.4574 0.472427 0
      vertex 26.4574 0.472427 4.305
    endloop
  endfacet
  facet normal -0.970036 -0.242963 0
    outer loop
      vertex 26.4962 0.317505 0
      vertex 26.4574 0.472427 4.305
      vertex 26.4574 0.472427 0
    endloop
  endfacet
  facet normal -0.970036 -0.242963 0
    outer loop
      vertex 26.4574 0.472427 4.305
      vertex 26.4962 0.317505 0
      vertex 26.4962 0.317505 4.305
    endloop
  endfacet
  facet normal -0.989175 -0.146743 0
    outer loop
      vertex 26.5197 0.159515 0
      vertex 26.4962 0.317505 4.305
      vertex 26.4962 0.317505 0
    endloop
  endfacet
  facet normal -0.989175 -0.146743 0
    outer loop
      vertex 26.4962 0.317505 4.305
      vertex 26.5197 0.159515 0
      vertex 26.5197 0.159515 4.305
    endloop
  endfacet
  facet normal -0.998798 -0.0490131 0
    outer loop
      vertex 26.5275 0 0
      vertex 26.5197 0.159515 4.305
      vertex 26.5197 0.159515 0
    endloop
  endfacet
  facet normal -0.998798 -0.0490131 0
    outer loop
      vertex 26.5197 0.159515 4.305
      vertex 26.5275 0 0
      vertex 26.5275 0 4.305
    endloop
  endfacet
  facet normal -0.998798 0.0490131 0
    outer loop
      vertex 26.5197 -0.159515 0
      vertex 26.5275 0 4.305
      vertex 26.5275 0 0
    endloop
  endfacet
  facet normal -0.998798 0.0490131 0
    outer loop
      vertex 26.5275 0 4.305
      vertex 26.5197 -0.159515 0
      vertex 26.5197 -0.159515 4.305
    endloop
  endfacet
  facet normal -0.989175 0.146743 0
    outer loop
      vertex 26.4962 -0.317505 0
      vertex 26.5197 -0.159515 4.305
      vertex 26.5197 -0.159515 0
    endloop
  endfacet
  facet normal -0.989175 0.146743 0
    outer loop
      vertex 26.5197 -0.159515 4.305
      vertex 26.4962 -0.317505 0
      vertex 26.4962 -0.317505 4.305
    endloop
  endfacet
  facet normal -0.970036 0.242963 0
    outer loop
      vertex 26.4574 -0.472427 0
      vertex 26.4962 -0.317505 4.305
      vertex 26.4962 -0.317505 0
    endloop
  endfacet
  facet normal -0.970036 0.242963 0
    outer loop
      vertex 26.4962 -0.317505 4.305
      vertex 26.4574 -0.472427 0
      vertex 26.4574 -0.472427 4.305
    endloop
  endfacet
  facet normal -0.941519 0.33696 0
    outer loop
      vertex 26.4036 -0.622803 0
      vertex 26.4574 -0.472427 4.305
      vertex 26.4574 -0.472427 0
    endloop
  endfacet
  facet normal -0.941519 0.33696 0
    outer loop
      vertex 26.4574 -0.472427 4.305
      vertex 26.4036 -0.622803 0
      vertex 26.4036 -0.622803 4.305
    endloop
  endfacet
  facet normal -0.904014 0.427503 0
    outer loop
      vertex 26.3353 -0.767197 0
      vertex 26.4036 -0.622803 4.305
      vertex 26.4036 -0.622803 0
    endloop
  endfacet
  facet normal -0.904014 0.427503 0
    outer loop
      vertex 26.4036 -0.622803 4.305
      vertex 26.3353 -0.767197 0
      vertex 26.3353 -0.767197 4.305
    endloop
  endfacet
  facet normal -0.857737 0.514088 0
    outer loop
      vertex 26.2532 -0.90419 0
      vertex 26.3353 -0.767197 4.305
      vertex 26.3353 -0.767197 0
    endloop
  endfacet
  facet normal -0.857737 0.514088 0
    outer loop
      vertex 26.3353 -0.767197 4.305
      vertex 26.2532 -0.90419 0
      vertex 26.2532 -0.90419 4.305
    endloop
  endfacet
  facet normal -0.80321 0.595696 0
    outer loop
      vertex 26.1581 -1.03247 0
      vertex 26.2532 -0.90419 4.305
      vertex 26.2532 -0.90419 0
    endloop
  endfacet
  facet normal -0.80321 0.595696 0
    outer loop
      vertex 26.2532 -0.90419 4.305
      vertex 26.1581 -1.03247 0
      vertex 26.1581 -1.03247 4.305
    endloop
  endfacet
  facet normal -0.74089 0.671626 0
    outer loop
      vertex 26.0508 -1.1508 0
      vertex 26.1581 -1.03247 4.305
      vertex 26.1581 -1.03247 0
    endloop
  endfacet
  facet normal -0.74089 0.671626 0
    outer loop
      vertex 26.1581 -1.03247 4.305
      vertex 26.0508 -1.1508 0
      vertex 26.0508 -1.1508 4.305
    endloop
  endfacet
  facet normal -0.671626 0.74089 0
    outer loop
      vertex 26.0508 -1.1508 0
      vertex 25.9325 -1.25807 4.305
      vertex 26.0508 -1.1508 4.305
    endloop
  endfacet
  facet normal -0.671626 0.74089 0
    outer loop
      vertex 25.9325 -1.25807 4.305
      vertex 26.0508 -1.1508 0
      vertex 25.9325 -1.25807 0
    endloop
  endfacet
  facet normal -0.595696 0.80321 0
    outer loop
      vertex 25.9325 -1.25807 0
      vertex 25.8042 -1.35321 4.305
      vertex 25.9325 -1.25807 4.305
    endloop
  endfacet
  facet normal -0.595696 0.80321 0
    outer loop
      vertex 25.8042 -1.35321 4.305
      vertex 25.9325 -1.25807 0
      vertex 25.8042 -1.35321 0
    endloop
  endfacet
  facet normal -0.514088 0.857737 0
    outer loop
      vertex 25.8042 -1.35321 0
      vertex 25.6672 -1.43532 4.305
      vertex 25.8042 -1.35321 4.305
    endloop
  endfacet
  facet normal -0.514088 0.857737 0
    outer loop
      vertex 25.6672 -1.43532 4.305
      vertex 25.8042 -1.35321 0
      vertex 25.6672 -1.43532 0
    endloop
  endfacet
  facet normal -0.427503 0.904014 0
    outer loop
      vertex 25.6672 -1.43532 0
      vertex 25.5228 -1.5036 4.305
      vertex 25.6672 -1.43532 4.305
    endloop
  endfacet
  facet normal -0.427503 0.904014 0
    outer loop
      vertex 25.5228 -1.5036 4.305
      vertex 25.6672 -1.43532 0
      vertex 25.5228 -1.5036 0
    endloop
  endfacet
  facet normal -0.33696 0.941519 0
    outer loop
      vertex 25.5228 -1.5036 0
      vertex 25.3724 -1.55742 4.305
      vertex 25.5228 -1.5036 4.305
    endloop
  endfacet
  facet normal -0.33696 0.941519 0
    outer loop
      vertex 25.3724 -1.55742 4.305
      vertex 25.5228 -1.5036 0
      vertex 25.3724 -1.55742 0
    endloop
  endfacet
  facet normal -0.242963 0.970036 0
    outer loop
      vertex 25.3724 -1.55742 0
      vertex 25.2175 -1.59622 4.305
      vertex 25.3724 -1.55742 4.305
    endloop
  endfacet
  facet normal -0.242963 0.970036 0
    outer loop
      vertex 25.2175 -1.59622 4.305
      vertex 25.3724 -1.55742 0
      vertex 25.2175 -1.59622 0
    endloop
  endfacet
  facet normal -0.146743 0.989175 0
    outer loop
      vertex 25.2175 -1.59622 0
      vertex 25.0595 -1.61966 4.305
      vertex 25.2175 -1.59622 4.305
    endloop
  endfacet
  facet normal -0.146743 0.989175 0
    outer loop
      vertex 25.0595 -1.61966 4.305
      vertex 25.2175 -1.59622 0
      vertex 25.0595 -1.61966 0
    endloop
  endfacet
  facet normal -0.0490131 0.998798 0
    outer loop
      vertex 25.0595 -1.61966 0
      vertex 24.9 -1.62749 4.305
      vertex 25.0595 -1.61966 4.305
    endloop
  endfacet
  facet normal -0.0490131 0.998798 0
    outer loop
      vertex 24.9 -1.62749 4.305
      vertex 25.0595 -1.61966 0
      vertex 24.9 -1.62749 0
    endloop
  endfacet
  facet normal 0.0490131 0.998798 -0
    outer loop
      vertex 24.9 -1.62749 0
      vertex 24.7405 -1.61966 4.305
      vertex 24.9 -1.62749 4.305
    endloop
  endfacet
  facet normal 0.0490131 0.998798 0
    outer loop
      vertex 24.7405 -1.61966 4.305
      vertex 24.9 -1.62749 0
      vertex 24.7405 -1.61966 0
    endloop
  endfacet
  facet normal -0 0 1
    outer loop
      vertex 22.7 4 6.505
      vertex 23.21 1.24232 6.505
      vertex 23.21 4 6.505
    endloop
  endfacet
  facet normal 0 0 1
    outer loop
      vertex 23.21 1.24232 6.505
      vertex 22.7 4 6.505
      vertex 23.1539 1.16669 6.505
    endloop
  endfacet
  facet normal 0 0 1
    outer loop
      vertex 23.1539 1.16669 6.505
      vertex 22.7 4 6.505
      vertex 23.048 0.989929 6.505
    endloop
  endfacet
  facet normal 0 0 1
    outer loop
      vertex 23.048 0.989929 6.505
      vertex 22.7 4 6.505
      vertex 22.9599 0.803635 6.505
    endloop
  endfacet
  facet normal 0 0 1
    outer loop
      vertex 22.9599 0.803635 6.505
      vertex 22.7 4 6.505
      vertex 22.8904 0.609589 6.505
    endloop
  endfacet
  facet normal 0 0 1
    outer loop
      vertex 22.8904 0.609589 6.505
      vertex 22.7 4 6.505
      vertex 22.8404 0.409683 6.505
    endloop
  endfacet
  facet normal 0 0 1
    outer loop
      vertex 22.8101 0.205826 6.505
      vertex 22.7 4 6.505
      vertex 22.8 0 6.505
    endloop
  endfacet
  facet normal 0 0 1
    outer loop
      vertex 22.8404 0.409683 6.505
      vertex 22.7 4 6.505
      vertex 22.8101 0.205826 6.505
    endloop
  endfacet
  facet normal 0 0 1
    outer loop
      vertex 26.59 0 6.505
      vertex 27.1 4 6.505
      vertex 26.59 4 6.505
    endloop
  endfacet
  facet normal 0 0 1
    outer loop
      vertex 27.1 4 6.505
      vertex 26.59 0 6.505
      vertex 27.1 -4 6.505
    endloop
  endfacet
  facet normal 0 0 1
    outer loop
      vertex 26.5275 -1.3266 6.505
      vertex 26.59 0 6.505
      vertex 26.5275 0 6.505
    endloop
  endfacet
  facet normal 0 0 1
    outer loop
      vertex 26.59 0 6.505
      vertex 26.5275 -1.3266 6.505
      vertex 27.1 -4 6.505
    endloop
  endfacet
  facet normal -0 0 1
    outer loop
      vertex 26.3849 -1.48491 6.505
      vertex 27.1 -4 6.505
      vertex 26.5275 -1.3266 6.505
    endloop
  endfacet
  facet normal -0 0 1
    outer loop
      vertex 26.2322 -1.62332 6.505
      vertex 27.1 -4 6.505
      vertex 26.3849 -1.48491 6.505
    endloop
  endfacet
  facet normal -0 0 1
    outer loop
      vertex 26.0667 -1.74608 6.505
      vertex 27.1 -4 6.505
      vertex 26.2322 -1.62332 6.505
    endloop
  endfacet
  facet normal -0 0 1
    outer loop
      vertex 25.8899 -1.85202 6.505
      vertex 27.1 -4 6.505
      vertex 26.0667 -1.74608 6.505
    endloop
  endfacet
  facet normal -0 0 1
    outer loop
      vertex 25.7036 -1.94014 6.505
      vertex 27.1 -4 6.505
      vertex 25.8899 -1.85202 6.505
    endloop
  endfacet
  facet normal -0 0 1
    outer loop
      vertex 25.5096 -2.00957 6.505
      vertex 27.1 -4 6.505
      vertex 25.7036 -1.94014 6.505
    endloop
  endfacet
  facet normal -0 0 1
    outer loop
      vertex 25.3097 -2.05965 6.505
      vertex 27.1 -4 6.505
      vertex 25.5096 -2.00957 6.505
    endloop
  endfacet
  facet normal -0 0 1
    outer loop
      vertex 25.1058 -2.08987 6.505
      vertex 27.1 -4 6.505
      vertex 25.3097 -2.05965 6.505
    endloop
  endfacet
  facet normal -0 0 1
    outer loop
      vertex 24.9 -2.09999 6.505
      vertex 27.1 -4 6.505
      vertex 25.1058 -2.08987 6.505
    endloop
  endfacet
  facet normal 0 0 1
    outer loop
      vertex 22.7 -4 6.505
      vertex 24.9 -2.09999 6.505
      vertex 24.6942 -2.08987 6.505
    endloop
  endfacet
  facet normal 0 0 1
    outer loop
      vertex 22.7 -4 6.505
      vertex 24.6942 -2.08987 6.505
      vertex 24.4903 -2.05965 6.505
    endloop
  endfacet
  facet normal 0 0 1
    outer loop
      vertex 22.7 -4 6.505
      vertex 24.4903 -2.05965 6.505
      vertex 24.2904 -2.00957 6.505
    endloop
  endfacet
  facet normal 0 0 1
    outer loop
      vertex 22.7 -4 6.505
      vertex 24.2904 -2.00957 6.505
      vertex 24.0964 -1.94014 6.505
    endloop
  endfacet
  facet normal 0 0 1
    outer loop
      vertex 22.7 -4 6.505
      vertex 24.0964 -1.94014 6.505
      vertex 23.9101 -1.85202 6.505
    endloop
  endfacet
  facet normal 0 0 1
    outer loop
      vertex 22.7 -4 6.505
      vertex 23.9101 -1.85202 6.505
      vertex 23.7333 -1.74608 6.505
    endloop
  endfacet
  facet normal 0 0 1
    outer loop
      vertex 24.9 -2.09999 6.505
      vertex 22.7 -4 6.505
      vertex 27.1 -4 6.505
    endloop
  endfacet
  facet normal 0 0 1
    outer loop
      vertex 23.5678 -1.62332 6.505
      vertex 22.7 -4 6.505
      vertex 23.7333 -1.74608 6.505
    endloop
  endfacet
  facet normal 0 0 1
    outer loop
      vertex 23.4151 -1.48491 6.505
      vertex 22.7 -4 6.505
      vertex 23.5678 -1.62332 6.505
    endloop
  endfacet
  facet normal 0 0 1
    outer loop
      vertex 23.2767 -1.33221 6.505
      vertex 22.7 -4 6.505
      vertex 23.4151 -1.48491 6.505
    endloop
  endfacet
  facet normal 0 0 1
    outer loop
      vertex 23.1539 -1.16669 6.505
      vertex 22.7 -4 6.505
      vertex 23.2767 -1.33221 6.505
    endloop
  endfacet
  facet normal 0 0 1
    outer loop
      vertex 23.048 -0.989929 6.505
      vertex 22.7 -4 6.505
      vertex 23.1539 -1.16669 6.505
    endloop
  endfacet
  facet normal 0 0 1
    outer loop
      vertex 22.9599 -0.803635 6.505
      vertex 22.7 -4 6.505
      vertex 23.048 -0.989929 6.505
    endloop
  endfacet
  facet normal 0 0 1
    outer loop
      vertex 22.8904 -0.609589 6.505
      vertex 22.7 -4 6.505
      vertex 22.9599 -0.803635 6.505
    endloop
  endfacet
  facet normal 0 0 1
    outer loop
      vertex 22.8404 -0.409683 6.505
      vertex 22.7 -4 6.505
      vertex 22.8904 -0.609589 6.505
    endloop
  endfacet
  facet normal 0 0 1
    outer loop
      vertex 22.8101 -0.205826 6.505
      vertex 22.7 -4 6.505
      vertex 22.8404 -0.409683 6.505
    endloop
  endfacet
  facet normal 0 0 1
    outer loop
      vertex 22.8 0 6.505
      vertex 22.7 -4 6.505
      vertex 22.8101 -0.205826 6.505
    endloop
  endfacet
  facet normal 0 0 1
    outer loop
      vertex 22.7 -4 6.505
      vertex 22.8 0 6.505
      vertex 22.7 4 6.505
    endloop
  endfacet
  facet normal 0 0 1
    outer loop
      vertex 25.75 4 6.505
      vertex 25.7036 1.94014 6.505
      vertex 25.75 1.91821 6.505
    endloop
  endfacet
  facet normal 0 0 1
    outer loop
      vertex 25.75 4 6.505
      vertex 25.5096 2.00957 6.505
      vertex 25.7036 1.94014 6.505
    endloop
  endfacet
  facet normal 0 0 1
    outer loop
      vertex 25.75 4 6.505
      vertex 25.3097 2.05965 6.505
      vertex 25.5096 2.00957 6.505
    endloop
  endfacet
  facet normal 0 0 1
    outer loop
      vertex 25.75 4 6.505
      vertex 25.1058 2.08987 6.505
      vertex 25.3097 2.05965 6.505
    endloop
  endfacet
  facet normal 0 0 1
    outer loop
      vertex 25.75 4 6.505
      vertex 24.9 2.09999 6.505
      vertex 25.1058 2.08987 6.505
    endloop
  endfacet
  facet normal -0 0 1
    outer loop
      vertex 24.05 4 6.505
      vertex 24.9 2.09999 6.505
      vertex 25.75 4 6.505
    endloop
  endfacet
  facet normal 0 0 1
    outer loop
      vertex 24.9 2.09999 6.505
      vertex 24.05 4 6.505
      vertex 24.6942 2.08987 6.505
    endloop
  endfacet
  facet normal 0 0 1
    outer loop
      vertex 24.6942 2.08987 6.505
      vertex 24.05 4 6.505
      vertex 24.4903 2.05965 6.505
    endloop
  endfacet
  facet normal 0 0 1
    outer loop
      vertex 24.4903 2.05965 6.505
      vertex 24.05 4 6.505
      vertex 24.2904 2.00957 6.505
    endloop
  endfacet
  facet normal 0 0 1
    outer loop
      vertex 24.2904 2.00957 6.505
      vertex 24.05 4 6.505
      vertex 24.0964 1.94014 6.505
    endloop
  endfacet
  facet normal 0 0 1
    outer loop
      vertex 24.0964 1.94014 6.505
      vertex 24.05 4 6.505
      vertex 24.05 1.91821 6.505
    endloop
  endfacet
  facet normal -1 0 0
    outer loop
      vertex 26.59 0 4.305
      vertex 26.59 4 6.505
      vertex 26.59 4 4.305
    endloop
  endfacet
  facet normal -1 -0 0
    outer loop
      vertex 26.59 4 6.505
      vertex 26.59 0 4.305
      vertex 26.59 0 6.505
    endloop
  endfacet
  facet normal 0 1 -0
    outer loop
      vertex 26.59 0 4.305
      vertex 26.5275 0 6.505
      vertex 26.59 0 6.505
    endloop
  endfacet
  facet normal 0 1 0
    outer loop
      vertex 26.5275 0 6.505
      vertex 26.59 0 4.305
      vertex 26.5275 0 4.305
    endloop
  endfacet
  facet normal -1 0 0
    outer loop
      vertex 26.5275 -1.3266 4.305
      vertex 26.5275 0 6.505
      vertex 26.5275 0 4.305
    endloop
  endfacet
  facet normal -1 -0 0
    outer loop
      vertex 26.5275 0 6.505
      vertex 26.5275 -1.3266 4.305
      vertex 26.5275 -1.3266 6.505
    endloop
  endfacet
  facet normal -0.743063 0.669222 0
    outer loop
      vertex 26.3849 -1.48491 4.305
      vertex 26.5275 -1.3266 6.505
      vertex 26.5275 -1.3266 4.305
    endloop
  endfacet
  facet normal -0.743063 0.669222 0
    outer loop
      vertex 26.5275 -1.3266 6.505
      vertex 26.3849 -1.48491 4.305
      vertex 26.3849 -1.48491 6.505
    endloop
  endfacet
  facet normal -0.671607 0.740908 0
    outer loop
      vertex 26.3849 -1.48491 4.305
      vertex 26.2322 -1.62332 6.505
      vertex 26.3849 -1.48491 6.505
    endloop
  endfacet
  facet normal -0.671607 0.740908 0
    outer loop
      vertex 26.2322 -1.62332 6.505
      vertex 26.3849 -1.48491 4.305
      vertex 26.2322 -1.62332 4.305
    endloop
  endfacet
  facet normal -0.595679 0.803223 0
    outer loop
      vertex 26.2322 -1.62332 4.305
      vertex 26.0667 -1.74608 6.505
      vertex 26.2322 -1.62332 6.505
    endloop
  endfacet
  facet normal -0.595679 0.803223 0
    outer loop
      vertex 26.0667 -1.74608 6.505
      vertex 26.2322 -1.62332 4.305
      vertex 26.0667 -1.74608 4.305
    endloop
  endfacet
  facet normal -0.514093 0.857735 0
    outer loop
      vertex 26.0667 -1.74608 4.305
      vertex 25.8899 -1.85202 6.505
      vertex 26.0667 -1.74608 6.505
    endloop
  endfacet
  facet normal -0.514093 0.857735 0
    outer loop
      vertex 25.8899 -1.85202 6.505
      vertex 26.0667 -1.74608 4.305
      vertex 25.8899 -1.85202 4.305
    endloop
  endfacet
  facet normal -0.42759 0.903973 0
    outer loop
      vertex 25.8899 -1.85202 4.305
      vertex 25.7036 -1.94014 6.505
      vertex 25.8899 -1.85202 6.505
    endloop
  endfacet
  facet normal -0.42759 0.903973 0
    outer loop
      vertex 25.7036 -1.94014 6.505
      vertex 25.8899 -1.85202 4.305
      vertex 25.7036 -1.94014 4.305
    endloop
  endfacet
  facet normal -0.336876 0.941549 0
    outer loop
      vertex 25.7036 -1.94014 4.305
      vertex 25.5096 -2.00957 6.505
      vertex 25.7036 -1.94014 6.505
    endloop
  endfacet
  facet normal -0.336876 0.941549 0
    outer loop
      vertex 25.5096 -2.00957 6.505
      vertex 25.7036 -1.94014 4.305
      vertex 25.5096 -2.00957 4.305
    endloop
  endfacet
  facet normal -0.243006 0.970025 0
    outer loop
      vertex 25.5096 -2.00957 4.305
      vertex 25.3097 -2.05965 6.505
      vertex 25.5096 -2.00957 6.505
    endloop
  endfacet
  facet normal -0.243006 0.970025 0
    outer loop
      vertex 25.3097 -2.05965 6.505
      vertex 25.5096 -2.00957 4.305
      vertex 25.3097 -2.05965 4.305
    endloop
  endfacet
  facet normal -0.146675 0.989185 0
    outer loop
      vertex 25.3097 -2.05965 4.305
      vertex 25.1058 -2.08987 6.505
      vertex 25.3097 -2.05965 6.505
    endloop
  endfacet
  facet normal -0.146675 0.989185 0
    outer loop
      vertex 25.1058 -2.08987 6.505
      vertex 25.3097 -2.05965 4.305
      vertex 25.1058 -2.08987 4.305
    endloop
  endfacet
  facet normal -0.0490919 0.998794 0
    outer loop
      vertex 25.1058 -2.08987 4.305
      vertex 24.9 -2.09999 6.505
      vertex 25.1058 -2.08987 6.505
    endloop
  endfacet
  facet normal -0.0490919 0.998794 0
    outer loop
      vertex 24.9 -2.09999 6.505
      vertex 25.1058 -2.08987 4.305
      vertex 24.9 -2.09999 4.305
    endloop
  endfacet
  facet normal 0.0490919 0.998794 -0
    outer loop
      vertex 24.9 -2.09999 4.305
      vertex 24.6942 -2.08987 6.505
      vertex 24.9 -2.09999 6.505
    endloop
  endfacet
  facet normal 0.0490919 0.998794 0
    outer loop
      vertex 24.6942 -2.08987 6.505
      vertex 24.9 -2.09999 4.305
      vertex 24.6942 -2.08987 4.305
    endloop
  endfacet
  facet normal 0.146675 0.989185 -0
    outer loop
      vertex 24.6942 -2.08987 4.305
      vertex 24.4903 -2.05965 6.505
      vertex 24.6942 -2.08987 6.505
    endloop
  endfacet
  facet normal 0.146675 0.989185 0
    outer loop
      vertex 24.4903 -2.05965 6.505
      vertex 24.6942 -2.08987 4.305
      vertex 24.4903 -2.05965 4.305
    endloop
  endfacet
  facet normal 0.243006 0.970025 -0
    outer loop
      vertex 24.4903 -2.05965 4.305
      vertex 24.2904 -2.00957 6.505
      vertex 24.4903 -2.05965 6.505
    endloop
  endfacet
  facet normal 0.243006 0.970025 0
    outer loop
      vertex 24.2904 -2.00957 6.505
      vertex 24.4903 -2.05965 4.305
      vertex 24.2904 -2.00957 4.305
    endloop
  endfacet
  facet normal 0.336876 0.941549 -0
    outer loop
      vertex 24.2904 -2.00957 4.305
      vertex 24.0964 -1.94014 6.505
      vertex 24.2904 -2.00957 6.505
    endloop
  endfacet
  facet normal 0.336876 0.941549 0
    outer loop
      vertex 24.0964 -1.94014 6.505
      vertex 24.2904 -2.00957 4.305
      vertex 24.0964 -1.94014 4.305
    endloop
  endfacet
  facet normal 0.42759 0.903973 -0
    outer loop
      vertex 24.0964 -1.94014 4.305
      vertex 23.9101 -1.85202 6.505
      vertex 24.0964 -1.94014 6.505
    endloop
  endfacet
  facet normal 0.42759 0.903973 0
    outer loop
      vertex 23.9101 -1.85202 6.505
      vertex 24.0964 -1.94014 4.305
      vertex 23.9101 -1.85202 4.305
    endloop
  endfacet
  facet normal 0.514093 0.857735 -0
    outer loop
      vertex 23.9101 -1.85202 4.305
      vertex 23.7333 -1.74608 6.505
      vertex 23.9101 -1.85202 6.505
    endloop
  endfacet
  facet normal 0.514093 0.857735 0
    outer loop
      vertex 23.7333 -1.74608 6.505
      vertex 23.9101 -1.85202 4.305
      vertex 23.7333 -1.74608 4.305
    endloop
  endfacet
  facet normal 0.595679 0.803223 -0
    outer loop
      vertex 23.7333 -1.74608 4.305
      vertex 23.5678 -1.62332 6.505
      vertex 23.7333 -1.74608 6.505
    endloop
  endfacet
  facet normal 0.595679 0.803223 0
    outer loop
      vertex 23.5678 -1.62332 6.505
      vertex 23.7333 -1.74608 4.305
      vertex 23.5678 -1.62332 4.305
    endloop
  endfacet
  facet normal 0.671607 0.740908 -0
    outer loop
      vertex 23.5678 -1.62332 4.305
      vertex 23.4151 -1.48491 6.505
      vertex 23.5678 -1.62332 6.505
    endloop
  endfacet
  facet normal 0.671607 0.740908 0
    outer loop
      vertex 23.4151 -1.48491 6.505
      vertex 23.5678 -1.62332 4.305
      vertex 23.4151 -1.48491 4.305
    endloop
  endfacet
  facet normal 0.740908 0.671607 0
    outer loop
      vertex 23.4151 -1.48491 6.505
      vertex 23.2767 -1.33221 4.305
      vertex 23.2767 -1.33221 6.505
    endloop
  endfacet
  facet normal 0.740908 0.671607 0
    outer loop
      vertex 23.2767 -1.33221 4.305
      vertex 23.4151 -1.48491 6.505
      vertex 23.4151 -1.48491 4.305
    endloop
  endfacet
  facet normal 0.803223 0.595679 0
    outer loop
      vertex 23.2767 -1.33221 6.505
      vertex 23.1539 -1.16669 4.305
      vertex 23.1539 -1.16669 6.505
    endloop
  endfacet
  facet normal 0.803223 0.595679 0
    outer loop
      vertex 23.1539 -1.16669 4.305
      vertex 23.2767 -1.33221 6.505
      vertex 23.2767 -1.33221 4.305
    endloop
  endfacet
  facet normal 0.857735 0.514093 0
    outer loop
      vertex 23.1539 -1.16669 6.505
      vertex 23.048 -0.989929 4.305
      vertex 23.048 -0.989929 6.505
    endloop
  endfacet
  facet normal 0.857735 0.514093 0
    outer loop
      vertex 23.048 -0.989929 4.305
      vertex 23.1539 -1.16669 6.505
      vertex 23.1539 -1.16669 4.305
    endloop
  endfacet
  facet normal 0.903973 0.42759 0
    outer loop
      vertex 23.048 -0.989929 6.505
      vertex 22.9599 -0.803635 4.305
      vertex 22.9599 -0.803635 6.505
    endloop
  endfacet
  facet normal 0.903973 0.42759 0
    outer loop
      vertex 22.9599 -0.803635 4.305
      vertex 23.048 -0.989929 6.505
      vertex 23.048 -0.989929 4.305
    endloop
  endfacet
  facet normal 0.941549 0.336876 0
    outer loop
      vertex 22.9599 -0.803635 6.505
      vertex 22.8904 -0.609589 4.305
      vertex 22.8904 -0.609589 6.505
    endloop
  endfacet
  facet normal 0.941549 0.336876 0
    outer loop
      vertex 22.8904 -0.609589 4.305
      vertex 22.9599 -0.803635 6.505
      vertex 22.9599 -0.803635 4.305
    endloop
  endfacet
  facet normal 0.970025 0.243006 0
    outer loop
      vertex 22.8904 -0.609589 6.505
      vertex 22.8404 -0.409683 4.305
      vertex 22.8404 -0.409683 6.505
    endloop
  endfacet
  facet normal 0.970025 0.243006 0
    outer loop
      vertex 22.8404 -0.409683 4.305
      vertex 22.8904 -0.609589 6.505
      vertex 22.8904 -0.609589 4.305
    endloop
  endfacet
  facet normal 0.989185 0.146675 0
    outer loop
      vertex 22.8404 -0.409683 6.505
      vertex 22.8101 -0.205826 4.305
      vertex 22.8101 -0.205826 6.505
    endloop
  endfacet
  facet normal 0.989185 0.146675 0
    outer loop
      vertex 22.8101 -0.205826 4.305
      vertex 22.8404 -0.409683 6.505
      vertex 22.8404 -0.409683 4.305
    endloop
  endfacet
  facet normal 0.998794 0.0490919 0
    outer loop
      vertex 22.8101 -0.205826 6.505
      vertex 22.8 0 4.305
      vertex 22.8 0 6.505
    endloop
  endfacet
  facet normal 0.998794 0.0490919 0
    outer loop
      vertex 22.8 0 4.305
      vertex 22.8101 -0.205826 6.505
      vertex 22.8101 -0.205826 4.305
    endloop
  endfacet
  facet normal 0.998794 -0.0490919 0
    outer loop
      vertex 22.8 0 6.505
      vertex 22.8101 0.205826 4.305
      vertex 22.8101 0.205826 6.505
    endloop
  endfacet
  facet normal 0.998794 -0.0490919 0
    outer loop
      vertex 22.8101 0.205826 4.305
      vertex 22.8 0 6.505
      vertex 22.8 0 4.305
    endloop
  endfacet
  facet normal 0.989185 -0.146675 0
    outer loop
      vertex 22.8101 0.205826 6.505
      vertex 22.8404 0.409683 4.305
      vertex 22.8404 0.409683 6.505
    endloop
  endfacet
  facet normal 0.989185 -0.146675 0
    outer loop
      vertex 22.8404 0.409683 4.305
      vertex 22.8101 0.205826 6.505
      vertex 22.8101 0.205826 4.305
    endloop
  endfacet
  facet normal 0.970025 -0.243006 0
    outer loop
      vertex 22.8404 0.409683 6.505
      vertex 22.8904 0.609589 4.305
      vertex 22.8904 0.609589 6.505
    endloop
  endfacet
  facet normal 0.970025 -0.243006 0
    outer loop
      vertex 22.8904 0.609589 4.305
      vertex 22.8404 0.409683 6.505
      vertex 22.8404 0.409683 4.305
    endloop
  endfacet
  facet normal 0.941549 -0.336876 0
    outer loop
      vertex 22.8904 0.609589 6.505
      vertex 22.9599 0.803635 4.305
      vertex 22.9599 0.803635 6.505
    endloop
  endfacet
  facet normal 0.941549 -0.336876 0
    outer loop
      vertex 22.9599 0.803635 4.305
      vertex 22.8904 0.609589 6.505
      vertex 22.8904 0.609589 4.305
    endloop
  endfacet
  facet normal 0.903973 -0.42759 0
    outer loop
      vertex 22.9599 0.803635 6.505
      vertex 23.048 0.989929 4.305
      vertex 23.048 0.989929 6.505
    endloop
  endfacet
  facet normal 0.903973 -0.42759 0
    outer loop
      vertex 23.048 0.989929 4.305
      vertex 22.9599 0.803635 6.505
      vertex 22.9599 0.803635 4.305
    endloop
  endfacet
  facet normal 0.857735 -0.514093 0
    outer loop
      vertex 23.048 0.989929 6.505
      vertex 23.1539 1.16669 4.305
      vertex 23.1539 1.16669 6.505
    endloop
  endfacet
  facet normal 0.857735 -0.514093 0
    outer loop
      vertex 23.1539 1.16669 4.305
      vertex 23.048 0.989929 6.505
      vertex 23.048 0.989929 4.305
    endloop
  endfacet
  facet normal 0.803236 -0.595661 0
    outer loop
      vertex 23.1539 1.16669 6.505
      vertex 23.21 1.24232 4.305
      vertex 23.21 1.24232 6.505
    endloop
  endfacet
  facet normal 0.803236 -0.595661 0
    outer loop
      vertex 23.21 1.24232 4.305
      vertex 23.1539 1.16669 6.505
      vertex 23.1539 1.16669 4.305
    endloop
  endfacet
  facet normal 1 -0 0
    outer loop
      vertex 23.21 1.24232 6.505
      vertex 23.21 4 4.305
      vertex 23.21 4 6.505
    endloop
  endfacet
  facet normal 1 0 0
    outer loop
      vertex 23.21 4 4.305
      vertex 23.21 1.24232 6.505
      vertex 23.21 1.24232 4.305
    endloop
  endfacet
  facet normal -1 0 0
    outer loop
      vertex 24.05 1.91821 4.305
      vertex 24.05 4 6.505
      vertex 24.05 4 4.305
    endloop
  endfacet
  facet normal -1 -0 0
    outer loop
      vertex 24.05 4 6.505
      vertex 24.05 1.91821 4.305
      vertex 24.05 1.91821 6.505
    endloop
  endfacet
  facet normal 0.427587 -0.903974 0
    outer loop
      vertex 24.05 1.91821 4.305
      vertex 24.0964 1.94014 6.505
      vertex 24.05 1.91821 6.505
    endloop
  endfacet
  facet normal 0.427587 -0.903974 0
    outer loop
      vertex 24.0964 1.94014 6.505
      vertex 24.05 1.91821 4.305
      vertex 24.0964 1.94014 4.305
    endloop
  endfacet
  facet normal 0.336876 -0.941549 0
    outer loop
      vertex 24.0964 1.94014 4.305
      vertex 24.2904 2.00957 6.505
      vertex 24.0964 1.94014 6.505
    endloop
  endfacet
  facet normal 0.336876 -0.941549 0
    outer loop
      vertex 24.2904 2.00957 6.505
      vertex 24.0964 1.94014 4.305
      vertex 24.2904 2.00957 4.305
    endloop
  endfacet
  facet normal 0.243006 -0.970025 0
    outer loop
      vertex 24.2904 2.00957 4.305
      vertex 24.4903 2.05965 6.505
      vertex 24.2904 2.00957 6.505
    endloop
  endfacet
  facet normal 0.243006 -0.970025 0
    outer loop
      vertex 24.4903 2.05965 6.505
      vertex 24.2904 2.00957 4.305
      vertex 24.4903 2.05965 4.305
    endloop
  endfacet
  facet normal 0.146675 -0.989185 0
    outer loop
      vertex 24.4903 2.05965 4.305
      vertex 24.6942 2.08987 6.505
      vertex 24.4903 2.05965 6.505
    endloop
  endfacet
  facet normal 0.146675 -0.989185 0
    outer loop
      vertex 24.6942 2.08987 6.505
      vertex 24.4903 2.05965 4.305
      vertex 24.6942 2.08987 4.305
    endloop
  endfacet
  facet normal 0.0490919 -0.998794 0
    outer loop
      vertex 24.6942 2.08987 4.305
      vertex 24.9 2.09999 6.505
      vertex 24.6942 2.08987 6.505
    endloop
  endfacet
  facet normal 0.0490919 -0.998794 0
    outer loop
      vertex 24.9 2.09999 6.505
      vertex 24.6942 2.08987 4.305
      vertex 24.9 2.09999 4.305
    endloop
  endfacet
  facet normal -0.0490919 -0.998794 0
    outer loop
      vertex 24.9 2.09999 4.305
      vertex 25.1058 2.08987 6.505
      vertex 24.9 2.09999 6.505
    endloop
  endfacet
  facet normal -0.0490919 -0.998794 -0
    outer loop
      vertex 25.1058 2.08987 6.505
      vertex 24.9 2.09999 4.305
      vertex 25.1058 2.08987 4.305
    endloop
  endfacet
  facet normal -0.146675 -0.989185 0
    outer loop
      vertex 25.1058 2.08987 4.305
      vertex 25.3097 2.05965 6.505
      vertex 25.1058 2.08987 6.505
    endloop
  endfacet
  facet normal -0.146675 -0.989185 -0
    outer loop
      vertex 25.3097 2.05965 6.505
      vertex 25.1058 2.08987 4.305
      vertex 25.3097 2.05965 4.305
    endloop
  endfacet
  facet normal -0.243006 -0.970025 0
    outer loop
      vertex 25.3097 2.05965 4.305
      vertex 25.5096 2.00957 6.505
      vertex 25.3097 2.05965 6.505
    endloop
  endfacet
  facet normal -0.243006 -0.970025 -0
    outer loop
      vertex 25.5096 2.00957 6.505
      vertex 25.3097 2.05965 4.305
      vertex 25.5096 2.00957 4.305
    endloop
  endfacet
  facet normal -0.336876 -0.941549 0
    outer loop
      vertex 25.5096 2.00957 4.305
      vertex 25.7036 1.94014 6.505
      vertex 25.5096 2.00957 6.505
    endloop
  endfacet
  facet normal -0.336876 -0.941549 -0
    outer loop
      vertex 25.7036 1.94014 6.505
      vertex 25.5096 2.00957 4.305
      vertex 25.7036 1.94014 4.305
    endloop
  endfacet
  facet normal -0.427587 -0.903974 0
    outer loop
      vertex 25.7036 1.94014 4.305
      vertex 25.75 1.91821 6.505
      vertex 25.7036 1.94014 6.505
    endloop
  endfacet
  facet normal -0.427587 -0.903974 -0
    outer loop
      vertex 25.75 1.91821 6.505
      vertex 25.7036 1.94014 4.305
      vertex 25.75 1.91821 4.305
    endloop
  endfacet
  facet normal 1 -0 0
    outer loop
      vertex 25.75 1.91821 6.505
      vertex 25.75 4 4.305
      vertex 25.75 4 6.505
    endloop
  endfacet
  facet normal 1 0 0
    outer loop
      vertex 25.75 4 4.305
      vertex 25.75 1.91821 6.505
      vertex 25.75 1.91821 4.305
    endloop
  endfacet
  facet normal 0 0 -1
    outer loop
      vertex 31.5 -4 0
      vertex 30.9275 0 0
      vertex 31.5 4 0
    endloop
  endfacet
  facet normal 0 0 -1
    outer loop
      vertex 31.5 -4 0
      vertex 30.9197 -0.159515 0
      vertex 30.9275 0 0
    endloop
  endfacet
  facet normal 0 0 -1
    outer loop
      vertex 31.5 -4 0
      vertex 30.8962 -0.317505 0
      vertex 30.9197 -0.159515 0
    endloop
  endfacet
  facet normal 0 0 -1
    outer loop
      vertex 31.5 -4 0
      vertex 30.8574 -0.472427 0
      vertex 30.8962 -0.317505 0
    endloop
  endfacet
  facet normal 0 0 -1
    outer loop
      vertex 31.5 -4 0
      vertex 30.8036 -0.622803 0
      vertex 30.8574 -0.472427 0
    endloop
  endfacet
  facet normal 0 0 -1
    outer loop
      vertex 31.5 -4 0
      vertex 30.7353 -0.767197 0
      vertex 30.8036 -0.622803 0
    endloop
  endfacet
  facet normal 0 0 -1
    outer loop
      vertex 31.5 -4 0
      vertex 30.6532 -0.90419 0
      vertex 30.7353 -0.767197 0
    endloop
  endfacet
  facet normal 0 0 -1
    outer loop
      vertex 31.5 -4 0
      vertex 30.5581 -1.03247 0
      vertex 30.6532 -0.90419 0
    endloop
  endfacet
  facet normal 0 0 -1
    outer loop
      vertex 31.5 -4 0
      vertex 30.4508 -1.1508 0
      vertex 30.5581 -1.03247 0
    endloop
  endfacet
  facet normal 0 0 -1
    outer loop
      vertex 31.5 -4 0
      vertex 30.3325 -1.25807 0
      vertex 30.4508 -1.1508 0
    endloop
  endfacet
  facet normal 0 0 -1
    outer loop
      vertex 31.5 -4 0
      vertex 30.2042 -1.35321 0
      vertex 30.3325 -1.25807 0
    endloop
  endfacet
  facet normal 0 0 -1
    outer loop
      vertex 31.5 -4 0
      vertex 30.0672 -1.43532 0
      vertex 30.2042 -1.35321 0
    endloop
  endfacet
  facet normal 0 0 -1
    outer loop
      vertex 31.5 -4 0
      vertex 29.9228 -1.5036 0
      vertex 30.0672 -1.43532 0
    endloop
  endfacet
  facet normal 0 0 -1
    outer loop
      vertex 31.5 -4 0
      vertex 29.7724 -1.55742 0
      vertex 29.9228 -1.5036 0
    endloop
  endfacet
  facet normal 0 0 -1
    outer loop
      vertex 31.5 -4 0
      vertex 29.6175 -1.59622 0
      vertex 29.7724 -1.55742 0
    endloop
  endfacet
  facet normal 0 0 -1
    outer loop
      vertex 31.5 -4 0
      vertex 29.4595 -1.61966 0
      vertex 29.6175 -1.59622 0
    endloop
  endfacet
  facet normal 0 0 -1
    outer loop
      vertex 31.5 -4 0
      vertex 29.3 -1.62749 0
      vertex 29.4595 -1.61966 0
    endloop
  endfacet
  facet normal 0 0 -1
    outer loop
      vertex 27.1 -4 0
      vertex 29.3 -1.62749 0
      vertex 31.5 -4 0
    endloop
  endfacet
  facet normal -0 0 -1
    outer loop
      vertex 29.3 -1.62749 0
      vertex 27.1 -4 0
      vertex 29.1405 -1.61966 0
    endloop
  endfacet
  facet normal -0 0 -1
    outer loop
      vertex 29.1405 -1.61966 0
      vertex 27.1 -4 0
      vertex 28.9825 -1.59622 0
    endloop
  endfacet
  facet normal -0 0 -1
    outer loop
      vertex 28.9825 -1.59622 0
      vertex 27.1 -4 0
      vertex 28.8276 -1.55742 0
    endloop
  endfacet
  facet normal -0 0 -1
    outer loop
      vertex 28.8276 -1.55742 0
      vertex 27.1 -4 0
      vertex 28.6772 -1.5036 0
    endloop
  endfacet
  facet normal -0 0 -1
    outer loop
      vertex 28.6772 -1.5036 0
      vertex 27.1 -4 0
      vertex 28.5328 -1.43532 0
    endloop
  endfacet
  facet normal -0 0 -1
    outer loop
      vertex 28.5328 -1.43532 0
      vertex 27.1 -4 0
      vertex 28.3958 -1.35321 0
    endloop
  endfacet
  facet normal -0 0 -1
    outer loop
      vertex 27.6803 -0.159515 0
      vertex 27.1 -4 0
      vertex 27.6725 0 0
    endloop
  endfacet
  facet normal -0 0 -1
    outer loop
      vertex 27.7038 -0.317505 0
      vertex 27.1 -4 0
      vertex 27.6803 -0.159515 0
    endloop
  endfacet
  facet normal -0 0 -1
    outer loop
      vertex 27.7426 -0.472427 0
      vertex 27.1 -4 0
      vertex 27.7038 -0.317505 0
    endloop
  endfacet
  facet normal -0 0 -1
    outer loop
      vertex 27.7964 -0.622803 0
      vertex 27.1 -4 0
      vertex 27.7426 -0.472427 0
    endloop
  endfacet
  facet normal -0 0 -1
    outer loop
      vertex 27.8647 -0.767197 0
      vertex 27.1 -4 0
      vertex 27.7964 -0.622803 0
    endloop
  endfacet
  facet normal -0 0 -1
    outer loop
      vertex 27.9468 -0.90419 0
      vertex 27.1 -4 0
      vertex 27.8647 -0.767197 0
    endloop
  endfacet
  facet normal -0 0 -1
    outer loop
      vertex 28.0419 -1.03247 0
      vertex 27.1 -4 0
      vertex 27.9468 -0.90419 0
    endloop
  endfacet
  facet normal -0 0 -1
    outer loop
      vertex 28.1492 -1.1508 0
      vertex 27.1 -4 0
      vertex 28.0419 -1.03247 0
    endloop
  endfacet
  facet normal -0 0 -1
    outer loop
      vertex 28.2675 -1.25807 0
      vertex 27.1 -4 0
      vertex 28.1492 -1.1508 0
    endloop
  endfacet
  facet normal -0 0 -1
    outer loop
      vertex 28.3958 -1.35321 0
      vertex 27.1 -4 0
      vertex 28.2675 -1.25807 0
    endloop
  endfacet
  facet normal 0 0 -1
    outer loop
      vertex 30.9197 0.159515 0
      vertex 31.5 4 0
      vertex 30.9275 0 0
    endloop
  endfacet
  facet normal 0 0 -1
    outer loop
      vertex 30.8962 0.317505 0
      vertex 31.5 4 0
      vertex 30.9197 0.159515 0
    endloop
  endfacet
  facet normal 0 0 -1
    outer loop
      vertex 30.8574 0.472427 0
      vertex 31.5 4 0
      vertex 30.8962 0.317505 0
    endloop
  endfacet
  facet normal 0 0 -1
    outer loop
      vertex 30.8036 0.622803 0
      vertex 31.5 4 0
      vertex 30.8574 0.472427 0
    endloop
  endfacet
  facet normal 0 0 -1
    outer loop
      vertex 30.7353 0.767197 0
      vertex 31.5 4 0
      vertex 30.8036 0.622803 0
    endloop
  endfacet
  facet normal 0 0 -1
    outer loop
      vertex 30.6532 0.90419 0
      vertex 31.5 4 0
      vertex 30.7353 0.767197 0
    endloop
  endfacet
  facet normal 0 0 -1
    outer loop
      vertex 30.5581 1.03247 0
      vertex 31.5 4 0
      vertex 30.6532 0.90419 0
    endloop
  endfacet
  facet normal 0 0 -1
    outer loop
      vertex 30.4508 1.1508 0
      vertex 31.5 4 0
      vertex 30.5581 1.03247 0
    endloop
  endfacet
  facet normal 0 0 -1
    outer loop
      vertex 30.3325 1.25807 0
      vertex 31.5 4 0
      vertex 30.4508 1.1508 0
    endloop
  endfacet
  facet normal 0 0 -1
    outer loop
      vertex 30.2042 1.35321 0
      vertex 31.5 4 0
      vertex 30.3325 1.25807 0
    endloop
  endfacet
  facet normal 0 0 -1
    outer loop
      vertex 30.0672 1.43532 0
      vertex 31.5 4 0
      vertex 30.2042 1.35321 0
    endloop
  endfacet
  facet normal 0 0 -1
    outer loop
      vertex 29.9228 1.5036 0
      vertex 31.5 4 0
      vertex 30.0672 1.43532 0
    endloop
  endfacet
  facet normal 0 0 -1
    outer loop
      vertex 29.7724 1.55742 0
      vertex 31.5 4 0
      vertex 29.9228 1.5036 0
    endloop
  endfacet
  facet normal 0 0 -1
    outer loop
      vertex 29.6175 1.59622 0
      vertex 31.5 4 0
      vertex 29.7724 1.55742 0
    endloop
  endfacet
  facet normal 0 0 -1
    outer loop
      vertex 29.4595 1.61966 0
      vertex 31.5 4 0
      vertex 29.6175 1.59622 0
    endloop
  endfacet
  facet normal 0 0 -1
    outer loop
      vertex 29.3 1.62749 0
      vertex 31.5 4 0
      vertex 29.4595 1.61966 0
    endloop
  endfacet
  facet normal 0 0 -1
    outer loop
      vertex 27.1 4 0
      vertex 29.3 1.62749 0
      vertex 29.1405 1.61966 0
    endloop
  endfacet
  facet normal 0 0 -1
    outer loop
      vertex 27.1 4 0
      vertex 29.1405 1.61966 0
      vertex 28.9825 1.59622 0
    endloop
  endfacet
  facet normal 0 0 -1
    outer loop
      vertex 27.1 4 0
      vertex 28.9825 1.59622 0
      vertex 28.8276 1.55742 0
    endloop
  endfacet
  facet normal 0 0 -1
    outer loop
      vertex 27.1 4 0
      vertex 28.8276 1.55742 0
      vertex 28.6772 1.5036 0
    endloop
  endfacet
  facet normal 0 0 -1
    outer loop
      vertex 27.1 4 0
      vertex 28.6772 1.5036 0
      vertex 28.5328 1.43532 0
    endloop
  endfacet
  facet normal 0 0 -1
    outer loop
      vertex 27.1 4 0
      vertex 28.5328 1.43532 0
      vertex 28.3958 1.35321 0
    endloop
  endfacet
  facet normal 0 0 -1
    outer loop
      vertex 27.1 4 0
      vertex 28.3958 1.35321 0
      vertex 28.2675 1.25807 0
    endloop
  endfacet
  facet normal 0 0 -1
    outer loop
      vertex 27.1 4 0
      vertex 27.6725 0 0
      vertex 27.1 -4 0
    endloop
  endfacet
  facet normal 0 0 -1
    outer loop
      vertex 29.3 1.62749 0
      vertex 27.1 4 0
      vertex 31.5 4 0
    endloop
  endfacet
  facet normal 0 0 -1
    outer loop
      vertex 28.1492 1.1508 0
      vertex 27.1 4 0
      vertex 28.2675 1.25807 0
    endloop
  endfacet
  facet normal 0 0 -1
    outer loop
      vertex 28.0419 1.03247 0
      vertex 27.1 4 0
      vertex 28.1492 1.1508 0
    endloop
  endfacet
  facet normal 0 0 -1
    outer loop
      vertex 27.9468 0.90419 0
      vertex 27.1 4 0
      vertex 28.0419 1.03247 0
    endloop
  endfacet
  facet normal 0 0 -1
    outer loop
      vertex 27.8647 0.767197 0
      vertex 27.1 4 0
      vertex 27.9468 0.90419 0
    endloop
  endfacet
  facet normal 0 0 -1
    outer loop
      vertex 27.7964 0.622803 0
      vertex 27.1 4 0
      vertex 27.8647 0.767197 0
    endloop
  endfacet
  facet normal 0 0 -1
    outer loop
      vertex 27.7426 0.472427 0
      vertex 27.1 4 0
      vertex 27.7964 0.622803 0
    endloop
  endfacet
  facet normal 0 0 -1
    outer loop
      vertex 27.7038 0.317505 0
      vertex 27.1 4 0
      vertex 27.7426 0.472427 0
    endloop
  endfacet
  facet normal 0 0 -1
    outer loop
      vertex 27.6803 0.159515 0
      vertex 27.1 4 0
      vertex 27.7038 0.317505 0
    endloop
  endfacet
  facet normal 0 0 -1
    outer loop
      vertex 27.6725 0 0
      vertex 27.1 4 0
      vertex 27.6803 0.159515 0
    endloop
  endfacet
  facet normal -0 0 1
    outer loop
      vertex 27.61 4 4.305
      vertex 28.45 1.91821 4.305
      vertex 28.45 4 4.305
    endloop
  endfacet
  facet normal 0 0 1
    outer loop
      vertex 27.61 1.24232 4.305
      vertex 28.45 1.91821 4.305
      vertex 27.61 4 4.305
    endloop
  endfacet
  facet normal 0 -0 1
    outer loop
      vertex 28.2675 1.25807 4.305
      vertex 28.45 1.91821 4.305
      vertex 27.61 1.24232 4.305
    endloop
  endfacet
  facet normal 0 0 1
    outer loop
      vertex 28.2675 1.25807 4.305
      vertex 27.61 1.24232 4.305
      vertex 28.1492 1.1508 4.305
    endloop
  endfacet
  facet normal 0 0 1
    outer loop
      vertex 28.1492 1.1508 4.305
      vertex 27.61 1.24232 4.305
      vertex 28.0419 1.03247 4.305
    endloop
  endfacet
  facet normal 0 0 1
    outer loop
      vertex 28.0419 1.03247 4.305
      vertex 27.61 1.24232 4.305
      vertex 27.9468 0.90419 4.305
    endloop
  endfacet
  facet normal -0 0 1
    outer loop
      vertex 27.5539 1.16669 4.305
      vertex 27.9468 0.90419 4.305
      vertex 27.61 1.24232 4.305
    endloop
  endfacet
  facet normal 0 0 1
    outer loop
      vertex 27.9468 0.90419 4.305
      vertex 27.5539 1.16669 4.305
      vertex 27.8647 0.767197 4.305
    endloop
  endfacet
  facet normal -0 0 1
    outer loop
      vertex 27.448 0.989929 4.305
      vertex 27.8647 0.767197 4.305
      vertex 27.5539 1.16669 4.305
    endloop
  endfacet
  facet normal -0 0 1
    outer loop
      vertex 27.3599 0.803635 4.305
      vertex 27.7964 0.622803 4.305
      vertex 27.448 0.989929 4.305
    endloop
  endfacet
  facet normal 0 0 1
    outer loop
      vertex 27.8647 0.767197 4.305
      vertex 27.448 0.989929 4.305
      vertex 27.7964 0.622803 4.305
    endloop
  endfacet
  facet normal 0 0 1
    outer loop
      vertex 28.45 1.91821 4.305
      vertex 28.2675 1.25807 4.305
      vertex 28.3958 1.35321 4.305
    endloop
  endfacet
  facet normal -0 0 1
    outer loop
      vertex 30.8962 0.317505 4.305
      vertex 30.99 0 4.305
      vertex 30.99 4 4.305
    endloop
  endfacet
  facet normal 0 0 1
    outer loop
      vertex 30.99 0 4.305
      vertex 30.9197 0.159515 4.305
      vertex 30.9275 0 4.305
    endloop
  endfacet
  facet normal 0 0 1
    outer loop
      vertex 30.99 0 4.305
      vertex 30.8962 0.317505 4.305
      vertex 30.9197 0.159515 4.305
    endloop
  endfacet
  facet normal 0 0 1
    outer loop
      vertex 30.99 4 4.305
      vertex 30.8574 0.472427 4.305
      vertex 30.8962 0.317505 4.305
    endloop
  endfacet
  facet normal 0 0 1
    outer loop
      vertex 30.99 4 4.305
      vertex 30.8036 0.622803 4.305
      vertex 30.8574 0.472427 4.305
    endloop
  endfacet
  facet normal 0 0 1
    outer loop
      vertex 30.99 4 4.305
      vertex 30.7353 0.767197 4.305
      vertex 30.8036 0.622803 4.305
    endloop
  endfacet
  facet normal 0 0 1
    outer loop
      vertex 30.99 4 4.305
      vertex 30.6532 0.90419 4.305
      vertex 30.7353 0.767197 4.305
    endloop
  endfacet
  facet normal 0 0 1
    outer loop
      vertex 30.99 4 4.305
      vertex 30.5581 1.03247 4.305
      vertex 30.6532 0.90419 4.305
    endloop
  endfacet
  facet normal -0 0 1
    outer loop
      vertex 30.15 1.91821 4.305
      vertex 30.5581 1.03247 4.305
      vertex 30.99 4 4.305
    endloop
  endfacet
  facet normal 0 0 1
    outer loop
      vertex 30.5581 1.03247 4.305
      vertex 30.15 1.91821 4.305
      vertex 30.4508 1.1508 4.305
    endloop
  endfacet
  facet normal 0 0 1
    outer loop
      vertex 30.4508 1.1508 4.305
      vertex 30.15 1.91821 4.305
      vertex 30.3325 1.25807 4.305
    endloop
  endfacet
  facet normal 0 0 1
    outer loop
      vertex 30.15 1.91821 4.305
      vertex 30.99 4 4.305
      vertex 30.15 4 4.305
    endloop
  endfacet
  facet normal 0 0 1
    outer loop
      vertex 30.3325 1.25807 4.305
      vertex 30.15 1.91821 4.305
      vertex 30.2042 1.35321 4.305
    endloop
  endfacet
  facet normal 0 0 1
    outer loop
      vertex 29.9228 1.5036 4.305
      vertex 30.15 1.91821 4.305
      vertex 30.1036 1.94014 4.305
    endloop
  endfacet
  facet normal 0 0 1
    outer loop
      vertex 30.15 1.91821 4.305
      vertex 30.0672 1.43532 4.305
      vertex 30.2042 1.35321 4.305
    endloop
  endfacet
  facet normal 0 0 1
    outer loop
      vertex 30.15 1.91821 4.305
      vertex 29.9228 1.5036 4.305
      vertex 30.0672 1.43532 4.305
    endloop
  endfacet
  facet normal 0 0 1
    outer loop
      vertex 29.9096 2.00957 4.305
      vertex 29.9228 1.5036 4.305
      vertex 30.1036 1.94014 4.305
    endloop
  endfacet
  facet normal 0 0 1
    outer loop
      vertex 29.9096 2.00957 4.305
      vertex 29.7724 1.55742 4.305
      vertex 29.9228 1.5036 4.305
    endloop
  endfacet
  facet normal 0 0 1
    outer loop
      vertex 29.7097 2.05965 4.305
      vertex 29.7724 1.55742 4.305
      vertex 29.9096 2.00957 4.305
    endloop
  endfacet
  facet normal 0 0 1
    outer loop
      vertex 29.7097 2.05965 4.305
      vertex 29.6175 1.59622 4.305
      vertex 29.7724 1.55742 4.305
    endloop
  endfacet
  facet normal 0 0 1
    outer loop
      vertex 29.5058 2.08987 4.305
      vertex 29.6175 1.59622 4.305
      vertex 29.7097 2.05965 4.305
    endloop
  endfacet
  facet normal 0 0 1
    outer loop
      vertex 29.5058 2.08987 4.305
      vertex 29.4595 1.61966 4.305
      vertex 29.6175 1.59622 4.305
    endloop
  endfacet
  facet normal 0 0 1
    outer loop
      vertex 29.3 2.09999 4.305
      vertex 29.4595 1.61966 4.305
      vertex 29.5058 2.08987 4.305
    endloop
  endfacet
  facet normal 0 0 1
    outer loop
      vertex 29.3 2.09999 4.305
      vertex 29.3 1.62749 4.305
      vertex 29.4595 1.61966 4.305
    endloop
  endfacet
  facet normal 0 0 1
    outer loop
      vertex 29.3 2.09999 4.305
      vertex 29.1405 1.61966 4.305
      vertex 29.3 1.62749 4.305
    endloop
  endfacet
  facet normal -0 0 1
    outer loop
      vertex 29.0942 2.08987 4.305
      vertex 29.1405 1.61966 4.305
      vertex 29.3 2.09999 4.305
    endloop
  endfacet
  facet normal 0 0 1
    outer loop
      vertex 29.0942 2.08987 4.305
      vertex 28.9825 1.59622 4.305
      vertex 29.1405 1.61966 4.305
    endloop
  endfacet
  facet normal -0 0 1
    outer loop
      vertex 28.8903 2.05965 4.305
      vertex 28.9825 1.59622 4.305
      vertex 29.0942 2.08987 4.305
    endloop
  endfacet
  facet normal 0 0 1
    outer loop
      vertex 28.8903 2.05965 4.305
      vertex 28.8276 1.55742 4.305
      vertex 28.9825 1.59622 4.305
    endloop
  endfacet
  facet normal -0 0 1
    outer loop
      vertex 28.6904 2.00957 4.305
      vertex 28.8276 1.55742 4.305
      vertex 28.8903 2.05965 4.305
    endloop
  endfacet
  facet normal 0 0 1
    outer loop
      vertex 28.6904 2.00957 4.305
      vertex 28.6772 1.5036 4.305
      vertex 28.8276 1.55742 4.305
    endloop
  endfacet
  facet normal -0 0 1
    outer loop
      vertex 28.4964 1.94014 4.305
      vertex 28.6772 1.5036 4.305
      vertex 28.6904 2.00957 4.305
    endloop
  endfacet
  facet normal -0 0 1
    outer loop
      vertex 28.45 1.91821 4.305
      vertex 28.6772 1.5036 4.305
      vertex 28.4964 1.94014 4.305
    endloop
  endfacet
  facet normal 0 0 1
    outer loop
      vertex 28.6772 1.5036 4.305
      vertex 28.45 1.91821 4.305
      vertex 28.5328 1.43532 4.305
    endloop
  endfacet
  facet normal 0 0 1
    outer loop
      vertex 28.5328 1.43532 4.305
      vertex 28.45 1.91821 4.305
      vertex 28.3958 1.35321 4.305
    endloop
  endfacet
  facet normal -0 0 1
    outer loop
      vertex 30.9197 -0.159515 4.305
      vertex 30.9275 -1.3266 4.305
      vertex 30.9275 0 4.305
    endloop
  endfacet
  facet normal -0 0 1
    outer loop
      vertex 30.8962 -0.317505 4.305
      vertex 30.9275 -1.3266 4.305
      vertex 30.9197 -0.159515 4.305
    endloop
  endfacet
  facet normal -0 0 1
    outer loop
      vertex 30.8574 -0.472427 4.305
      vertex 30.9275 -1.3266 4.305
      vertex 30.8962 -0.317505 4.305
    endloop
  endfacet
  facet normal -0 0 1
    outer loop
      vertex 30.8036 -0.622803 4.305
      vertex 30.9275 -1.3266 4.305
      vertex 30.8574 -0.472427 4.305
    endloop
  endfacet
  facet normal -0 0 1
    outer loop
      vertex 30.7353 -0.767197 4.305
      vertex 30.9275 -1.3266 4.305
      vertex 30.8036 -0.622803 4.305
    endloop
  endfacet
  facet normal -0 0 1
    outer loop
      vertex 30.6532 -0.90419 4.305
      vertex 30.9275 -1.3266 4.305
      vertex 30.7353 -0.767197 4.305
    endloop
  endfacet
  facet normal -0 0 1
    outer loop
      vertex 30.5581 -1.03247 4.305
      vertex 30.9275 -1.3266 4.305
      vertex 30.6532 -0.90419 4.305
    endloop
  endfacet
  facet normal 0 0 1
    outer loop
      vertex 30.9275 -1.3266 4.305
      vertex 30.5581 -1.03247 4.305
      vertex 30.7849 -1.48491 4.305
    endloop
  endfacet
  facet normal -0 0 1
    outer loop
      vertex 30.4508 -1.1508 4.305
      vertex 30.7849 -1.48491 4.305
      vertex 30.5581 -1.03247 4.305
    endloop
  endfacet
  facet normal 0 0 1
    outer loop
      vertex 30.7849 -1.48491 4.305
      vertex 30.4508 -1.1508 4.305
      vertex 30.6322 -1.62332 4.305
    endloop
  endfacet
  facet normal -0 0 1
    outer loop
      vertex 30.3325 -1.25807 4.305
      vertex 30.6322 -1.62332 4.305
      vertex 30.4508 -1.1508 4.305
    endloop
  endfacet
  facet normal 0 0 1
    outer loop
      vertex 30.6322 -1.62332 4.305
      vertex 30.3325 -1.25807 4.305
      vertex 30.4667 -1.74608 4.305
    endloop
  endfacet
  facet normal -0 0 1
    outer loop
      vertex 30.2042 -1.35321 4.305
      vertex 30.4667 -1.74608 4.305
      vertex 30.3325 -1.25807 4.305
    endloop
  endfacet
  facet normal 0 0 1
    outer loop
      vertex 30.4667 -1.74608 4.305
      vertex 30.2042 -1.35321 4.305
      vertex 30.2899 -1.85202 4.305
    endloop
  endfacet
  facet normal -0 0 1
    outer loop
      vertex 30.0672 -1.43532 4.305
      vertex 30.2899 -1.85202 4.305
      vertex 30.2042 -1.35321 4.305
    endloop
  endfacet
  facet normal 0 0 1
    outer loop
      vertex 30.2899 -1.85202 4.305
      vertex 30.0672 -1.43532 4.305
      vertex 30.1036 -1.94014 4.305
    endloop
  endfacet
  facet normal -0 0 1
    outer loop
      vertex 29.9228 -1.5036 4.305
      vertex 30.1036 -1.94014 4.305
      vertex 30.0672 -1.43532 4.305
    endloop
  endfacet
  facet normal 0 0 1
    outer loop
      vertex 29.9228 -1.5036 4.305
      vertex 29.9096 -2.00957 4.305
      vertex 30.1036 -1.94014 4.305
    endloop
  endfacet
  facet normal -0 0 1
    outer loop
      vertex 29.7724 -1.55742 4.305
      vertex 29.9096 -2.00957 4.305
      vertex 29.9228 -1.5036 4.305
    endloop
  endfacet
  facet normal 0 0 1
    outer loop
      vertex 29.7724 -1.55742 4.305
      vertex 29.7097 -2.05965 4.305
      vertex 29.9096 -2.00957 4.305
    endloop
  endfacet
  facet normal -0 0 1
    outer loop
      vertex 29.6175 -1.59622 4.305
      vertex 29.7097 -2.05965 4.305
      vertex 29.7724 -1.55742 4.305
    endloop
  endfacet
  facet normal 0 0 1
    outer loop
      vertex 29.6175 -1.59622 4.305
      vertex 29.5058 -2.08987 4.305
      vertex 29.7097 -2.05965 4.305
    endloop
  endfacet
  facet normal -0 0 1
    outer loop
      vertex 29.4595 -1.61966 4.305
      vertex 29.5058 -2.08987 4.305
      vertex 29.6175 -1.59622 4.305
    endloop
  endfacet
  facet normal -0 0 1
    outer loop
      vertex 29.3 -1.62749 4.305
      vertex 29.5058 -2.08987 4.305
      vertex 29.4595 -1.61966 4.305
    endloop
  endfacet
  facet normal 0 0 1
    outer loop
      vertex 29.3 -1.62749 4.305
      vertex 29.3 -2.09999 4.305
      vertex 29.5058 -2.08987 4.305
    endloop
  endfacet
  facet normal 0 0 1
    outer loop
      vertex 29.1405 -1.61966 4.305
      vertex 29.3 -2.09999 4.305
      vertex 29.3 -1.62749 4.305
    endloop
  endfacet
  facet normal 0 0 1
    outer loop
      vertex 29.1405 -1.61966 4.305
      vertex 29.0942 -2.08987 4.305
      vertex 29.3 -2.09999 4.305
    endloop
  endfacet
  facet normal 0 0 1
    outer loop
      vertex 28.9825 -1.59622 4.305
      vertex 29.0942 -2.08987 4.305
      vertex 29.1405 -1.61966 4.305
    endloop
  endfacet
  facet normal 0 0 1
    outer loop
      vertex 28.9825 -1.59622 4.305
      vertex 28.8903 -2.05965 4.305
      vertex 29.0942 -2.08987 4.305
    endloop
  endfacet
  facet normal 0 0 1
    outer loop
      vertex 28.8276 -1.55742 4.305
      vertex 28.8903 -2.05965 4.305
      vertex 28.9825 -1.59622 4.305
    endloop
  endfacet
  facet normal 0 0 1
    outer loop
      vertex 28.8276 -1.55742 4.305
      vertex 28.6904 -2.00957 4.305
      vertex 28.8903 -2.05965 4.305
    endloop
  endfacet
  facet normal 0 0 1
    outer loop
      vertex 28.6772 -1.5036 4.305
      vertex 28.6904 -2.00957 4.305
      vertex 28.8276 -1.55742 4.305
    endloop
  endfacet
  facet normal 0 0 1
    outer loop
      vertex 28.4964 -1.94014 4.305
      vertex 28.6772 -1.5036 4.305
      vertex 28.5328 -1.43532 4.305
    endloop
  endfacet
  facet normal 0 0 1
    outer loop
      vertex 28.6772 -1.5036 4.305
      vertex 28.4964 -1.94014 4.305
      vertex 28.6904 -2.00957 4.305
    endloop
  endfacet
  facet normal 0 0 1
    outer loop
      vertex 28.3101 -1.85202 4.305
      vertex 28.5328 -1.43532 4.305
      vertex 28.3958 -1.35321 4.305
    endloop
  endfacet
  facet normal 0 0 1
    outer loop
      vertex 28.5328 -1.43532 4.305
      vertex 28.3101 -1.85202 4.305
      vertex 28.4964 -1.94014 4.305
    endloop
  endfacet
  facet normal 0 0 1
    outer loop
      vertex 28.1333 -1.74608 4.305
      vertex 28.3958 -1.35321 4.305
      vertex 28.2675 -1.25807 4.305
    endloop
  endfacet
  facet normal 0 0 1
    outer loop
      vertex 27.9678 -1.62332 4.305
      vertex 28.2675 -1.25807 4.305
      vertex 28.1492 -1.1508 4.305
    endloop
  endfacet
  facet normal 0 0 1
    outer loop
      vertex 28.3958 -1.35321 4.305
      vertex 28.1333 -1.74608 4.305
      vertex 28.3101 -1.85202 4.305
    endloop
  endfacet
  facet normal 0 0 1
    outer loop
      vertex 27.8151 -1.48491 4.305
      vertex 28.1492 -1.1508 4.305
      vertex 28.0419 -1.03247 4.305
    endloop
  endfacet
  facet normal 0 0 1
    outer loop
      vertex 28.2675 -1.25807 4.305
      vertex 27.9678 -1.62332 4.305
      vertex 28.1333 -1.74608 4.305
    endloop
  endfacet
  facet normal 0 0 1
    outer loop
      vertex 27.6767 -1.33221 4.305
      vertex 28.0419 -1.03247 4.305
      vertex 27.9468 -0.90419 4.305
    endloop
  endfacet
  facet normal 0 0 1
    outer loop
      vertex 27.5539 -1.16669 4.305
      vertex 27.9468 -0.90419 4.305
      vertex 27.8647 -0.767197 4.305
    endloop
  endfacet
  facet normal 0 0 1
    outer loop
      vertex 28.1492 -1.1508 4.305
      vertex 27.8151 -1.48491 4.305
      vertex 27.9678 -1.62332 4.305
    endloop
  endfacet
  facet normal 0 0 1
    outer loop
      vertex 27.448 -0.989929 4.305
      vertex 27.8647 -0.767197 4.305
      vertex 27.7964 -0.622803 4.305
    endloop
  endfacet
  facet normal 0 0 1
    outer loop
      vertex 27.3599 -0.803635 4.305
      vertex 27.7964 -0.622803 4.305
      vertex 27.7426 -0.472427 4.305
    endloop
  endfacet
  facet normal 0 0 1
    outer loop
      vertex 27.2904 -0.609589 4.305
      vertex 27.7426 -0.472427 4.305
      vertex 27.7038 -0.317505 4.305
    endloop
  endfacet
  facet normal 0 0 1
    outer loop
      vertex 27.2404 -0.409683 4.305
      vertex 27.7038 -0.317505 4.305
      vertex 27.6803 -0.159515 4.305
    endloop
  endfacet
  facet normal 0 0 1
    outer loop
      vertex 28.0419 -1.03247 4.305
      vertex 27.6767 -1.33221 4.305
      vertex 27.8151 -1.48491 4.305
    endloop
  endfacet
  facet normal 0 0 1
    outer loop
      vertex 27.2101 -0.205826 4.305
      vertex 27.6803 -0.159515 4.305
      vertex 27.6725 0 4.305
    endloop
  endfacet
  facet normal 0 0 1
    outer loop
      vertex 27.7964 0.622803 4.305
      vertex 27.3599 0.803635 4.305
      vertex 27.7426 0.472427 4.305
    endloop
  endfacet
  facet normal -0 0 1
    outer loop
      vertex 27.2904 0.609589 4.305
      vertex 27.7426 0.472427 4.305
      vertex 27.3599 0.803635 4.305
    endloop
  endfacet
  facet normal 0 0 1
    outer loop
      vertex 27.7426 0.472427 4.305
      vertex 27.2904 0.609589 4.305
      vertex 27.7038 0.317505 4.305
    endloop
  endfacet
  facet normal 0 0 1
    outer loop
      vertex 27.9468 -0.90419 4.305
      vertex 27.5539 -1.16669 4.305
      vertex 27.6767 -1.33221 4.305
    endloop
  endfacet
  facet normal -0 0 1
    outer loop
      vertex 27.2404 0.409683 4.305
      vertex 27.7038 0.317505 4.305
      vertex 27.2904 0.609589 4.305
    endloop
  endfacet
  facet normal 0 0 1
    outer loop
      vertex 27.8647 -0.767197 4.305
      vertex 27.448 -0.989929 4.305
      vertex 27.5539 -1.16669 4.305
    endloop
  endfacet
  facet normal 0 0 1
    outer loop
      vertex 27.7038 0.317505 4.305
      vertex 27.2404 0.409683 4.305
      vertex 27.6803 0.159515 4.305
    endloop
  endfacet
  facet normal 0 0 1
    outer loop
      vertex 27.7964 -0.622803 4.305
      vertex 27.3599 -0.803635 4.305
      vertex 27.448 -0.989929 4.305
    endloop
  endfacet
  facet normal -0 0 1
    outer loop
      vertex 27.2101 0.205826 4.305
      vertex 27.6803 0.159515 4.305
      vertex 27.2404 0.409683 4.305
    endloop
  endfacet
  facet normal 0 0 1
    outer loop
      vertex 27.7426 -0.472427 4.305
      vertex 27.2904 -0.609589 4.305
      vertex 27.3599 -0.803635 4.305
    endloop
  endfacet
  facet normal 0 0 1
    outer loop
      vertex 27.6803 0.159515 4.305
      vertex 27.2101 0.205826 4.305
      vertex 27.6725 0 4.305
    endloop
  endfacet
  facet normal 0 0 1
    outer loop
      vertex 27.7038 -0.317505 4.305
      vertex 27.2404 -0.409683 4.305
      vertex 27.2904 -0.609589 4.305
    endloop
  endfacet
  facet normal 0 0 1
    outer loop
      vertex 27.2 0 4.305
      vertex 27.6725 0 4.305
      vertex 27.2101 0.205826 4.305
    endloop
  endfacet
  facet normal 0 0 1
    outer loop
      vertex 27.6803 -0.159515 4.305
      vertex 27.2101 -0.205826 4.305
      vertex 27.2404 -0.409683 4.305
    endloop
  endfacet
  facet normal 0 0 1
    outer loop
      vertex 27.6725 0 4.305
      vertex 27.2 0 4.305
      vertex 27.2101 -0.205826 4.305
    endloop
  endfacet
  facet normal 0 1 0
    outer loop
      vertex 31.5 4 6.505
      vertex 30.99 4 4.305
      vertex 30.99 4 6.505
    endloop
  endfacet
  facet normal 0 1 0
    outer loop
      vertex 31.5 4 0
      vertex 30.15 4 4.305
      vertex 30.99 4 4.305
    endloop
  endfacet
  facet normal 0 1 0
    outer loop
      vertex 30.15 4 4.305
      vertex 31.5 4 0
      vertex 28.45 4 4.305
    endloop
  endfacet
  facet normal 0 1 0
    outer loop
      vertex 27.1 4 0
      vertex 28.45 4 4.305
      vertex 31.5 4 0
    endloop
  endfacet
  facet normal 0 1 -0
    outer loop
      vertex 31.5 4 0
      vertex 30.99 4 4.305
      vertex 31.5 4 6.505
    endloop
  endfacet
  facet normal 0 1 -0
    outer loop
      vertex 30.15 4 4.305
      vertex 28.45 4 6.505
      vertex 30.15 4 6.505
    endloop
  endfacet
  facet normal 0 1 0
    outer loop
      vertex 28.45 4 6.505
      vertex 30.15 4 4.305
      vertex 28.45 4 4.305
    endloop
  endfacet
  facet normal 0 1 -0
    outer loop
      vertex 27.61 4 4.305
      vertex 27.1 4 6.505
      vertex 27.61 4 6.505
    endloop
  endfacet
  facet normal 0 1 0
    outer loop
      vertex 27.61 4 4.305
      vertex 27.1 4 0
      vertex 27.1 4 6.505
    endloop
  endfacet
  facet normal 0 1 0
    outer loop
      vertex 28.45 4 4.305
      vertex 27.1 4 0
      vertex 27.61 4 4.305
    endloop
  endfacet
  facet normal -1 0 0
    outer loop
      vertex 27.1 -4 0
      vertex 27.1 4 6.505
      vertex 27.1 4 0
    endloop
  endfacet
  facet normal -1 -0 0
    outer loop
      vertex 27.1 4 6.505
      vertex 27.1 -4 0
      vertex 27.1 -4 6.505
    endloop
  endfacet
  facet normal 0 -1 0
    outer loop
      vertex 27.1 -4 0
      vertex 31.5 -4 6.505
      vertex 27.1 -4 6.505
    endloop
  endfacet
  facet normal 0 -1 -0
    outer loop
      vertex 31.5 -4 6.505
      vertex 27.1 -4 0
      vertex 31.5 -4 0
    endloop
  endfacet
  facet normal 1 -0 0
    outer loop
      vertex 31.5 -4 6.505
      vertex 31.5 4 0
      vertex 31.5 4 6.505
    endloop
  endfacet
  facet normal 1 0 0
    outer loop
      vertex 31.5 4 0
      vertex 31.5 -4 6.505
      vertex 31.5 -4 0
    endloop
  endfacet
  facet normal 0.146743 0.989175 -0
    outer loop
      vertex 29.1405 -1.61966 0
      vertex 28.9825 -1.59622 4.305
      vertex 29.1405 -1.61966 4.305
    endloop
  endfacet
  facet normal 0.146743 0.989175 0
    outer loop
      vertex 28.9825 -1.59622 4.305
      vertex 29.1405 -1.61966 0
      vertex 28.9825 -1.59622 0
    endloop
  endfacet
  facet normal 0.242963 0.970036 -0
    outer loop
      vertex 28.9825 -1.59622 0
      vertex 28.8276 -1.55742 4.305
      vertex 28.9825 -1.59622 4.305
    endloop
  endfacet
  facet normal 0.242963 0.970036 0
    outer loop
      vertex 28.8276 -1.55742 4.305
      vertex 28.9825 -1.59622 0
      vertex 28.8276 -1.55742 0
    endloop
  endfacet
  facet normal 0.33696 0.941519 -0
    outer loop
      vertex 28.8276 -1.55742 0
      vertex 28.6772 -1.5036 4.305
      vertex 28.8276 -1.55742 4.305
    endloop
  endfacet
  facet normal 0.33696 0.941519 0
    outer loop
      vertex 28.6772 -1.5036 4.305
      vertex 28.8276 -1.55742 0
      vertex 28.6772 -1.5036 0
    endloop
  endfacet
  facet normal 0.427503 0.904014 -0
    outer loop
      vertex 28.6772 -1.5036 0
      vertex 28.5328 -1.43532 4.305
      vertex 28.6772 -1.5036 4.305
    endloop
  endfacet
  facet normal 0.427503 0.904014 0
    outer loop
      vertex 28.5328 -1.43532 4.305
      vertex 28.6772 -1.5036 0
      vertex 28.5328 -1.43532 0
    endloop
  endfacet
  facet normal 0.514088 0.857737 -0
    outer loop
      vertex 28.5328 -1.43532 0
      vertex 28.3958 -1.35321 4.305
      vertex 28.5328 -1.43532 4.305
    endloop
  endfacet
  facet normal 0.514088 0.857737 0
    outer loop
      vertex 28.3958 -1.35321 4.305
      vertex 28.5328 -1.43532 0
      vertex 28.3958 -1.35321 0
    endloop
  endfacet
  facet normal 0.595696 0.80321 -0
    outer loop
      vertex 28.3958 -1.35321 0
      vertex 28.2675 -1.25807 4.305
      vertex 28.3958 -1.35321 4.305
    endloop
  endfacet
  facet normal 0.595696 0.80321 0
    outer loop
      vertex 28.2675 -1.25807 4.305
      vertex 28.3958 -1.35321 0
      vertex 28.2675 -1.25807 0
    endloop
  endfacet
  facet normal 0.671626 0.74089 -0
    outer loop
      vertex 28.2675 -1.25807 0
      vertex 28.1492 -1.1508 4.305
      vertex 28.2675 -1.25807 4.305
    endloop
  endfacet
  facet normal 0.671626 0.74089 0
    outer loop
      vertex 28.1492 -1.1508 4.305
      vertex 28.2675 -1.25807 0
      vertex 28.1492 -1.1508 0
    endloop
  endfacet
  facet normal 0.74089 0.671626 0
    outer loop
      vertex 28.1492 -1.1508 4.305
      vertex 28.0419 -1.03247 0
      vertex 28.0419 -1.03247 4.305
    endloop
  endfacet
  facet normal 0.74089 0.671626 0
    outer loop
      vertex 28.0419 -1.03247 0
      vertex 28.1492 -1.1508 4.305
      vertex 28.1492 -1.1508 0
    endloop
  endfacet
  facet normal 0.80321 0.595696 0
    outer loop
      vertex 28.0419 -1.03247 4.305
      vertex 27.9468 -0.90419 0
      vertex 27.9468 -0.90419 4.305
    endloop
  endfacet
  facet normal 0.80321 0.595696 0
    outer loop
      vertex 27.9468 -0.90419 0
      vertex 28.0419 -1.03247 4.305
      vertex 28.0419 -1.03247 0
    endloop
  endfacet
  facet normal 0.857737 0.514088 0
    outer loop
      vertex 27.9468 -0.90419 4.305
      vertex 27.8647 -0.767197 0
      vertex 27.8647 -0.767197 4.305
    endloop
  endfacet
  facet normal 0.857737 0.514088 0
    outer loop
      vertex 27.8647 -0.767197 0
      vertex 27.9468 -0.90419 4.305
      vertex 27.9468 -0.90419 0
    endloop
  endfacet
  facet normal 0.904014 0.427503 0
    outer loop
      vertex 27.8647 -0.767197 4.305
      vertex 27.7964 -0.622803 0
      vertex 27.7964 -0.622803 4.305
    endloop
  endfacet
  facet normal 0.904014 0.427503 0
    outer loop
      vertex 27.7964 -0.622803 0
      vertex 27.8647 -0.767197 4.305
      vertex 27.8647 -0.767197 0
    endloop
  endfacet
  facet normal 0.941519 0.33696 0
    outer loop
      vertex 27.7964 -0.622803 4.305
      vertex 27.7426 -0.472427 0
      vertex 27.7426 -0.472427 4.305
    endloop
  endfacet
  facet normal 0.941519 0.33696 0
    outer loop
      vertex 27.7426 -0.472427 0
      vertex 27.7964 -0.622803 4.305
      vertex 27.7964 -0.622803 0
    endloop
  endfacet
  facet normal 0.970036 0.242963 0
    outer loop
      vertex 27.7426 -0.472427 4.305
      vertex 27.7038 -0.317505 0
      vertex 27.7038 -0.317505 4.305
    endloop
  endfacet
  facet normal 0.970036 0.242963 0
    outer loop
      vertex 27.7038 -0.317505 0
      vertex 27.7426 -0.472427 4.305
      vertex 27.7426 -0.472427 0
    endloop
  endfacet
  facet normal 0.989175 0.146743 0
    outer loop
      vertex 27.7038 -0.317505 4.305
      vertex 27.6803 -0.159515 0
      vertex 27.6803 -0.159515 4.305
    endloop
  endfacet
  facet normal 0.989175 0.146743 0
    outer loop
      vertex 27.6803 -0.159515 0
      vertex 27.7038 -0.317505 4.305
      vertex 27.7038 -0.317505 0
    endloop
  endfacet
  facet normal 0.998798 0.0490131 0
    outer loop
      vertex 27.6803 -0.159515 4.305
      vertex 27.6725 0 0
      vertex 27.6725 0 4.305
    endloop
  endfacet
  facet normal 0.998798 0.0490131 0
    outer loop
      vertex 27.6725 0 0
      vertex 27.6803 -0.159515 4.305
      vertex 27.6803 -0.159515 0
    endloop
  endfacet
  facet normal 0.998798 -0.0490131 0
    outer loop
      vertex 27.6725 0 4.305
      vertex 27.6803 0.159515 0
      vertex 27.6803 0.159515 4.305
    endloop
  endfacet
  facet normal 0.998798 -0.0490131 0
    outer loop
      vertex 27.6803 0.159515 0
      vertex 27.6725 0 4.305
      vertex 27.6725 0 0
    endloop
  endfacet
  facet normal 0.989175 -0.146743 0
    outer loop
      vertex 27.6803 0.159515 4.305
      vertex 27.7038 0.317505 0
      vertex 27.7038 0.317505 4.305
    endloop
  endfacet
  facet normal 0.989175 -0.146743 0
    outer loop
      vertex 27.7038 0.317505 0
      vertex 27.6803 0.159515 4.305
      vertex 27.6803 0.159515 0
    endloop
  endfacet
  facet normal 0.970036 -0.242963 0
    outer loop
      vertex 27.7038 0.317505 4.305
      vertex 27.7426 0.472427 0
      vertex 27.7426 0.472427 4.305
    endloop
  endfacet
  facet normal 0.970036 -0.242963 0
    outer loop
      vertex 27.7426 0.472427 0
      vertex 27.7038 0.317505 4.305
      vertex 27.7038 0.317505 0
    endloop
  endfacet
  facet normal 0.941519 -0.33696 0
    outer loop
      vertex 27.7426 0.472427 4.305
      vertex 27.7964 0.622803 0
      vertex 27.7964 0.622803 4.305
    endloop
  endfacet
  facet normal 0.941519 -0.33696 0
    outer loop
      vertex 27.7964 0.622803 0
      vertex 27.7426 0.472427 4.305
      vertex 27.7426 0.472427 0
    endloop
  endfacet
  facet normal 0.904014 -0.427503 0
    outer loop
      vertex 27.7964 0.622803 4.305
      vertex 27.8647 0.767197 0
      vertex 27.8647 0.767197 4.305
    endloop
  endfacet
  facet normal 0.904014 -0.427503 0
    outer loop
      vertex 27.8647 0.767197 0
      vertex 27.7964 0.622803 4.305
      vertex 27.7964 0.622803 0
    endloop
  endfacet
  facet normal 0.857737 -0.514088 0
    outer loop
      vertex 27.8647 0.767197 4.305
      vertex 27.9468 0.90419 0
      vertex 27.9468 0.90419 4.305
    endloop
  endfacet
  facet normal 0.857737 -0.514088 0
    outer loop
      vertex 27.9468 0.90419 0
      vertex 27.8647 0.767197 4.305
      vertex 27.8647 0.767197 0
    endloop
  endfacet
  facet normal 0.80321 -0.595696 0
    outer loop
      vertex 27.9468 0.90419 4.305
      vertex 28.0419 1.03247 0
      vertex 28.0419 1.03247 4.305
    endloop
  endfacet
  facet normal 0.80321 -0.595696 0
    outer loop
      vertex 28.0419 1.03247 0
      vertex 27.9468 0.90419 4.305
      vertex 27.9468 0.90419 0
    endloop
  endfacet
  facet normal 0.74089 -0.671626 0
    outer loop
      vertex 28.0419 1.03247 4.305
      vertex 28.1492 1.1508 0
      vertex 28.1492 1.1508 4.305
    endloop
  endfacet
  facet normal 0.74089 -0.671626 0
    outer loop
      vertex 28.1492 1.1508 0
      vertex 28.0419 1.03247 4.305
      vertex 28.0419 1.03247 0
    endloop
  endfacet
  facet normal 0.671626 -0.74089 0
    outer loop
      vertex 28.1492 1.1508 0
      vertex 28.2675 1.25807 4.305
      vertex 28.1492 1.1508 4.305
    endloop
  endfacet
  facet normal 0.671626 -0.74089 0
    outer loop
      vertex 28.2675 1.25807 4.305
      vertex 28.1492 1.1508 0
      vertex 28.2675 1.25807 0
    endloop
  endfacet
  facet normal 0.595696 -0.80321 0
    outer loop
      vertex 28.2675 1.25807 0
      vertex 28.3958 1.35321 4.305
      vertex 28.2675 1.25807 4.305
    endloop
  endfacet
  facet normal 0.595696 -0.80321 0
    outer loop
      vertex 28.3958 1.35321 4.305
      vertex 28.2675 1.25807 0
      vertex 28.3958 1.35321 0
    endloop
  endfacet
  facet normal 0.514088 -0.857737 0
    outer loop
      vertex 28.3958 1.35321 0
      vertex 28.5328 1.43532 4.305
      vertex 28.3958 1.35321 4.305
    endloop
  endfacet
  facet normal 0.514088 -0.857737 0
    outer loop
      vertex 28.5328 1.43532 4.305
      vertex 28.3958 1.35321 0
      vertex 28.5328 1.43532 0
    endloop
  endfacet
  facet normal 0.427503 -0.904014 0
    outer loop
      vertex 28.5328 1.43532 0
      vertex 28.6772 1.5036 4.305
      vertex 28.5328 1.43532 4.305
    endloop
  endfacet
  facet normal 0.427503 -0.904014 0
    outer loop
      vertex 28.6772 1.5036 4.305
      vertex 28.5328 1.43532 0
      vertex 28.6772 1.5036 0
    endloop
  endfacet
  facet normal 0.33696 -0.941519 0
    outer loop
      vertex 28.6772 1.5036 0
      vertex 28.8276 1.55742 4.305
      vertex 28.6772 1.5036 4.305
    endloop
  endfacet
  facet normal 0.33696 -0.941519 0
    outer loop
      vertex 28.8276 1.55742 4.305
      vertex 28.6772 1.5036 0
      vertex 28.8276 1.55742 0
    endloop
  endfacet
  facet normal 0.242963 -0.970036 0
    outer loop
      vertex 28.8276 1.55742 0
      vertex 28.9825 1.59622 4.305
      vertex 28.8276 1.55742 4.305
    endloop
  endfacet
  facet normal 0.242963 -0.970036 0
    outer loop
      vertex 28.9825 1.59622 4.305
      vertex 28.8276 1.55742 0
      vertex 28.9825 1.59622 0
    endloop
  endfacet
  facet normal 0.146743 -0.989175 0
    outer loop
      vertex 28.9825 1.59622 0
      vertex 29.1405 1.61966 4.305
      vertex 28.9825 1.59622 4.305
    endloop
  endfacet
  facet normal 0.146743 -0.989175 0
    outer loop
      vertex 29.1405 1.61966 4.305
      vertex 28.9825 1.59622 0
      vertex 29.1405 1.61966 0
    endloop
  endfacet
  facet normal 0.0490131 -0.998798 0
    outer loop
      vertex 29.1405 1.61966 0
      vertex 29.3 1.62749 4.305
      vertex 29.1405 1.61966 4.305
    endloop
  endfacet
  facet normal 0.0490131 -0.998798 0
    outer loop
      vertex 29.3 1.62749 4.305
      vertex 29.1405 1.61966 0
      vertex 29.3 1.62749 0
    endloop
  endfacet
  facet normal -0.0490131 -0.998798 0
    outer loop
      vertex 29.3 1.62749 0
      vertex 29.4595 1.61966 4.305
      vertex 29.3 1.62749 4.305
    endloop
  endfacet
  facet normal -0.0490131 -0.998798 -0
    outer loop
      vertex 29.4595 1.61966 4.305
      vertex 29.3 1.62749 0
      vertex 29.4595 1.61966 0
    endloop
  endfacet
  facet normal -0.146743 -0.989175 0
    outer loop
      vertex 29.4595 1.61966 0
      vertex 29.6175 1.59622 4.305
      vertex 29.4595 1.61966 4.305
    endloop
  endfacet
  facet normal -0.146743 -0.989175 -0
    outer loop
      vertex 29.6175 1.59622 4.305
      vertex 29.4595 1.61966 0
      vertex 29.6175 1.59622 0
    endloop
  endfacet
  facet normal -0.242963 -0.970036 0
    outer loop
      vertex 29.6175 1.59622 0
      vertex 29.7724 1.55742 4.305
      vertex 29.6175 1.59622 4.305
    endloop
  endfacet
  facet normal -0.242963 -0.970036 -0
    outer loop
      vertex 29.7724 1.55742 4.305
      vertex 29.6175 1.59622 0
      vertex 29.7724 1.55742 0
    endloop
  endfacet
  facet normal -0.33696 -0.941519 0
    outer loop
      vertex 29.7724 1.55742 0
      vertex 29.9228 1.5036 4.305
      vertex 29.7724 1.55742 4.305
    endloop
  endfacet
  facet normal -0.33696 -0.941519 -0
    outer loop
      vertex 29.9228 1.5036 4.305
      vertex 29.7724 1.55742 0
      vertex 29.9228 1.5036 0
    endloop
  endfacet
  facet normal -0.427503 -0.904014 0
    outer loop
      vertex 29.9228 1.5036 0
      vertex 30.0672 1.43532 4.305
      vertex 29.9228 1.5036 4.305
    endloop
  endfacet
  facet normal -0.427503 -0.904014 -0
    outer loop
      vertex 30.0672 1.43532 4.305
      vertex 29.9228 1.5036 0
      vertex 30.0672 1.43532 0
    endloop
  endfacet
  facet normal -0.514088 -0.857737 0
    outer loop
      vertex 30.0672 1.43532 0
      vertex 30.2042 1.35321 4.305
      vertex 30.0672 1.43532 4.305
    endloop
  endfacet
  facet normal -0.514088 -0.857737 -0
    outer loop
      vertex 30.2042 1.35321 4.305
      vertex 30.0672 1.43532 0
      vertex 30.2042 1.35321 0
    endloop
  endfacet
  facet normal -0.595696 -0.80321 0
    outer loop
      vertex 30.2042 1.35321 0
      vertex 30.3325 1.25807 4.305
      vertex 30.2042 1.35321 4.305
    endloop
  endfacet
  facet normal -0.595696 -0.80321 -0
    outer loop
      vertex 30.3325 1.25807 4.305
      vertex 30.2042 1.35321 0
      vertex 30.3325 1.25807 0
    endloop
  endfacet
  facet normal -0.671626 -0.74089 0
    outer loop
      vertex 30.3325 1.25807 0
      vertex 30.4508 1.1508 4.305
      vertex 30.3325 1.25807 4.305
    endloop
  endfacet
  facet normal -0.671626 -0.74089 -0
    outer loop
      vertex 30.4508 1.1508 4.305
      vertex 30.3325 1.25807 0
      vertex 30.4508 1.1508 0
    endloop
  endfacet
  facet normal -0.74089 -0.671626 0
    outer loop
      vertex 30.5581 1.03247 0
      vertex 30.4508 1.1508 4.305
      vertex 30.4508 1.1508 0
    endloop
  endfacet
  facet normal -0.74089 -0.671626 0
    outer loop
      vertex 30.4508 1.1508 4.305
      vertex 30.5581 1.03247 0
      vertex 30.5581 1.03247 4.305
    endloop
  endfacet
  facet normal -0.80321 -0.595696 0
    outer loop
      vertex 30.6532 0.90419 0
      vertex 30.5581 1.03247 4.305
      vertex 30.5581 1.03247 0
    endloop
  endfacet
  facet normal -0.80321 -0.595696 0
    outer loop
      vertex 30.5581 1.03247 4.305
      vertex 30.6532 0.90419 0
      vertex 30.6532 0.90419 4.305
    endloop
  endfacet
  facet normal -0.857737 -0.514088 0
    outer loop
      vertex 30.7353 0.767197 0
      vertex 30.6532 0.90419 4.305
      vertex 30.6532 0.90419 0
    endloop
  endfacet
  facet normal -0.857737 -0.514088 0
    outer loop
      vertex 30.6532 0.90419 4.305
      vertex 30.7353 0.767197 0
      vertex 30.7353 0.767197 4.305
    endloop
  endfacet
  facet normal -0.904014 -0.427503 0
    outer loop
      vertex 30.8036 0.622803 0
      vertex 30.7353 0.767197 4.305
      vertex 30.7353 0.767197 0
    endloop
  endfacet
  facet normal -0.904014 -0.427503 0
    outer loop
      vertex 30.7353 0.767197 4.305
      vertex 30.8036 0.622803 0
      vertex 30.8036 0.622803 4.305
    endloop
  endfacet
  facet normal -0.941519 -0.33696 0
    outer loop
      vertex 30.8574 0.472427 0
      vertex 30.8036 0.622803 4.305
      vertex 30.8036 0.622803 0
    endloop
  endfacet
  facet normal -0.941519 -0.33696 0
    outer loop
      vertex 30.8036 0.622803 4.305
      vertex 30.8574 0.472427 0
      vertex 30.8574 0.472427 4.305
    endloop
  endfacet
  facet normal -0.970036 -0.242963 0
    outer loop
      vertex 30.8962 0.317505 0
      vertex 30.8574 0.472427 4.305
      vertex 30.8574 0.472427 0
    endloop
  endfacet
  facet normal -0.970036 -0.242963 0
    outer loop
      vertex 30.8574 0.472427 4.305
      vertex 30.8962 0.317505 0
      vertex 30.8962 0.317505 4.305
    endloop
  endfacet
  facet normal -0.989175 -0.146743 0
    outer loop
      vertex 30.9197 0.159515 0
      vertex 30.8962 0.317505 4.305
      vertex 30.8962 0.317505 0
    endloop
  endfacet
  facet normal -0.989175 -0.146743 0
    outer loop
      vertex 30.8962 0.317505 4.305
      vertex 30.9197 0.159515 0
      vertex 30.9197 0.159515 4.305
    endloop
  endfacet
  facet normal -0.998798 -0.0490131 0
    outer loop
      vertex 30.9275 0 0
      vertex 30.9197 0.159515 4.305
      vertex 30.9197 0.159515 0
    endloop
  endfacet
  facet normal -0.998798 -0.0490131 0
    outer loop
      vertex 30.9197 0.159515 4.305
      vertex 30.9275 0 0
      vertex 30.9275 0 4.305
    endloop
  endfacet
  facet normal -0.998798 0.0490131 0
    outer loop
      vertex 30.9197 -0.159515 0
      vertex 30.9275 0 4.305
      vertex 30.9275 0 0
    endloop
  endfacet
  facet normal -0.998798 0.0490131 0
    outer loop
      vertex 30.9275 0 4.305
      vertex 30.9197 -0.159515 0
      vertex 30.9197 -0.159515 4.305
    endloop
  endfacet
  facet normal -0.989175 0.146743 0
    outer loop
      vertex 30.8962 -0.317505 0
      vertex 30.9197 -0.159515 4.305
      vertex 30.9197 -0.159515 0
    endloop
  endfacet
  facet normal -0.989175 0.146743 0
    outer loop
      vertex 30.9197 -0.159515 4.305
      vertex 30.8962 -0.317505 0
      vertex 30.8962 -0.317505 4.305
    endloop
  endfacet
  facet normal -0.970036 0.242963 0
    outer loop
      vertex 30.8574 -0.472427 0
      vertex 30.8962 -0.317505 4.305
      vertex 30.8962 -0.317505 0
    endloop
  endfacet
  facet normal -0.970036 0.242963 0
    outer loop
      vertex 30.8962 -0.317505 4.305
      vertex 30.8574 -0.472427 0
      vertex 30.8574 -0.472427 4.305
    endloop
  endfacet
  facet normal -0.941519 0.33696 0
    outer loop
      vertex 30.8036 -0.622803 0
      vertex 30.8574 -0.472427 4.305
      vertex 30.8574 -0.472427 0
    endloop
  endfacet
  facet normal -0.941519 0.33696 0
    outer loop
      vertex 30.8574 -0.472427 4.305
      vertex 30.8036 -0.622803 0
      vertex 30.8036 -0.622803 4.305
    endloop
  endfacet
  facet normal -0.904014 0.427503 0
    outer loop
      vertex 30.7353 -0.767197 0
      vertex 30.8036 -0.622803 4.305
      vertex 30.8036 -0.622803 0
    endloop
  endfacet
  facet normal -0.904014 0.427503 0
    outer loop
      vertex 30.8036 -0.622803 4.305
      vertex 30.7353 -0.767197 0
      vertex 30.7353 -0.767197 4.305
    endloop
  endfacet
  facet normal -0.857737 0.514088 0
    outer loop
      vertex 30.6532 -0.90419 0
      vertex 30.7353 -0.767197 4.305
      vertex 30.7353 -0.767197 0
    endloop
  endfacet
  facet normal -0.857737 0.514088 0
    outer loop
      vertex 30.7353 -0.767197 4.305
      vertex 30.6532 -0.90419 0
      vertex 30.6532 -0.90419 4.305
    endloop
  endfacet
  facet normal -0.80321 0.595696 0
    outer loop
      vertex 30.5581 -1.03247 0
      vertex 30.6532 -0.90419 4.305
      vertex 30.6532 -0.90419 0
    endloop
  endfacet
  facet normal -0.80321 0.595696 0
    outer loop
      vertex 30.6532 -0.90419 4.305
      vertex 30.5581 -1.03247 0
      vertex 30.5581 -1.03247 4.305
    endloop
  endfacet
  facet normal -0.74089 0.671626 0
    outer loop
      vertex 30.4508 -1.1508 0
      vertex 30.5581 -1.03247 4.305
      vertex 30.5581 -1.03247 0
    endloop
  endfacet
  facet normal -0.74089 0.671626 0
    outer loop
      vertex 30.5581 -1.03247 4.305
      vertex 30.4508 -1.1508 0
      vertex 30.4508 -1.1508 4.305
    endloop
  endfacet
  facet normal -0.671626 0.74089 0
    outer loop
      vertex 30.4508 -1.1508 0
      vertex 30.3325 -1.25807 4.305
      vertex 30.4508 -1.1508 4.305
    endloop
  endfacet
  facet normal -0.671626 0.74089 0
    outer loop
      vertex 30.3325 -1.25807 4.305
      vertex 30.4508 -1.1508 0
      vertex 30.3325 -1.25807 0
    endloop
  endfacet
  facet normal -0.595696 0.80321 0
    outer loop
      vertex 30.3325 -1.25807 0
      vertex 30.2042 -1.35321 4.305
      vertex 30.3325 -1.25807 4.305
    endloop
  endfacet
  facet normal -0.595696 0.80321 0
    outer loop
      vertex 30.2042 -1.35321 4.305
      vertex 30.3325 -1.25807 0
      vertex 30.2042 -1.35321 0
    endloop
  endfacet
  facet normal -0.514088 0.857737 0
    outer loop
      vertex 30.2042 -1.35321 0
      vertex 30.0672 -1.43532 4.305
      vertex 30.2042 -1.35321 4.305
    endloop
  endfacet
  facet normal -0.514088 0.857737 0
    outer loop
      vertex 30.0672 -1.43532 4.305
      vertex 30.2042 -1.35321 0
      vertex 30.0672 -1.43532 0
    endloop
  endfacet
  facet normal -0.427503 0.904014 0
    outer loop
      vertex 30.0672 -1.43532 0
      vertex 29.9228 -1.5036 4.305
      vertex 30.0672 -1.43532 4.305
    endloop
  endfacet
  facet normal -0.427503 0.904014 0
    outer loop
      vertex 29.9228 -1.5036 4.305
      vertex 30.0672 -1.43532 0
      vertex 29.9228 -1.5036 0
    endloop
  endfacet
  facet normal -0.33696 0.941519 0
    outer loop
      vertex 29.9228 -1.5036 0
      vertex 29.7724 -1.55742 4.305
      vertex 29.9228 -1.5036 4.305
    endloop
  endfacet
  facet normal -0.33696 0.941519 0
    outer loop
      vertex 29.7724 -1.55742 4.305
      vertex 29.9228 -1.5036 0
      vertex 29.7724 -1.55742 0
    endloop
  endfacet
  facet normal -0.242963 0.970036 0
    outer loop
      vertex 29.7724 -1.55742 0
      vertex 29.6175 -1.59622 4.305
      vertex 29.7724 -1.55742 4.305
    endloop
  endfacet
  facet normal -0.242963 0.970036 0
    outer loop
      vertex 29.6175 -1.59622 4.305
      vertex 29.7724 -1.55742 0
      vertex 29.6175 -1.59622 0
    endloop
  endfacet
  facet normal -0.146743 0.989175 0
    outer loop
      vertex 29.6175 -1.59622 0
      vertex 29.4595 -1.61966 4.305
      vertex 29.6175 -1.59622 4.305
    endloop
  endfacet
  facet normal -0.146743 0.989175 0
    outer loop
      vertex 29.4595 -1.61966 4.305
      vertex 29.6175 -1.59622 0
      vertex 29.4595 -1.61966 0
    endloop
  endfacet
  facet normal -0.0490131 0.998798 0
    outer loop
      vertex 29.4595 -1.61966 0
      vertex 29.3 -1.62749 4.305
      vertex 29.4595 -1.61966 4.305
    endloop
  endfacet
  facet normal -0.0490131 0.998798 0
    outer loop
      vertex 29.3 -1.62749 4.305
      vertex 29.4595 -1.61966 0
      vertex 29.3 -1.62749 0
    endloop
  endfacet
  facet normal 0.0490131 0.998798 -0
    outer loop
      vertex 29.3 -1.62749 0
      vertex 29.1405 -1.61966 4.305
      vertex 29.3 -1.62749 4.305
    endloop
  endfacet
  facet normal 0.0490131 0.998798 0
    outer loop
      vertex 29.1405 -1.61966 4.305
      vertex 29.3 -1.62749 0
      vertex 29.1405 -1.61966 0
    endloop
  endfacet
  facet normal -0 0 1
    outer loop
      vertex 27.1 4 6.505
      vertex 27.61 1.24232 6.505
      vertex 27.61 4 6.505
    endloop
  endfacet
  facet normal 0 0 1
    outer loop
      vertex 27.61 1.24232 6.505
      vertex 27.1 4 6.505
      vertex 27.5539 1.16669 6.505
    endloop
  endfacet
  facet normal 0 0 1
    outer loop
      vertex 27.5539 1.16669 6.505
      vertex 27.1 4 6.505
      vertex 27.448 0.989929 6.505
    endloop
  endfacet
  facet normal 0 0 1
    outer loop
      vertex 27.448 0.989929 6.505
      vertex 27.1 4 6.505
      vertex 27.3599 0.803635 6.505
    endloop
  endfacet
  facet normal 0 0 1
    outer loop
      vertex 27.3599 0.803635 6.505
      vertex 27.1 4 6.505
      vertex 27.2904 0.609589 6.505
    endloop
  endfacet
  facet normal 0 0 1
    outer loop
      vertex 27.2904 0.609589 6.505
      vertex 27.1 4 6.505
      vertex 27.2404 0.409683 6.505
    endloop
  endfacet
  facet normal 0 0 1
    outer loop
      vertex 27.2101 0.205826 6.505
      vertex 27.1 4 6.505
      vertex 27.2 0 6.505
    endloop
  endfacet
  facet normal 0 0 1
    outer loop
      vertex 27.2404 0.409683 6.505
      vertex 27.1 4 6.505
      vertex 27.2101 0.205826 6.505
    endloop
  endfacet
  facet normal 0 0 1
    outer loop
      vertex 30.99 0 6.505
      vertex 31.5 4 6.505
      vertex 30.99 4 6.505
    endloop
  endfacet
  facet normal 0 0 1
    outer loop
      vertex 31.5 4 6.505
      vertex 30.99 0 6.505
      vertex 31.5 -4 6.505
    endloop
  endfacet
  facet normal 0 0 1
    outer loop
      vertex 30.9275 -1.3266 6.505
      vertex 30.99 0 6.505
      vertex 30.9275 0 6.505
    endloop
  endfacet
  facet normal 0 0 1
    outer loop
      vertex 30.99 0 6.505
      vertex 30.9275 -1.3266 6.505
      vertex 31.5 -4 6.505
    endloop
  endfacet
  facet normal -0 0 1
    outer loop
      vertex 30.7849 -1.48491 6.505
      vertex 31.5 -4 6.505
      vertex 30.9275 -1.3266 6.505
    endloop
  endfacet
  facet normal -0 0 1
    outer loop
      vertex 30.6322 -1.62332 6.505
      vertex 31.5 -4 6.505
      vertex 30.7849 -1.48491 6.505
    endloop
  endfacet
  facet normal -0 0 1
    outer loop
      vertex 30.4667 -1.74608 6.505
      vertex 31.5 -4 6.505
      vertex 30.6322 -1.62332 6.505
    endloop
  endfacet
  facet normal -0 0 1
    outer loop
      vertex 30.2899 -1.85202 6.505
      vertex 31.5 -4 6.505
      vertex 30.4667 -1.74608 6.505
    endloop
  endfacet
  facet normal -0 0 1
    outer loop
      vertex 30.1036 -1.94014 6.505
      vertex 31.5 -4 6.505
      vertex 30.2899 -1.85202 6.505
    endloop
  endfacet
  facet normal -0 0 1
    outer loop
      vertex 29.9096 -2.00957 6.505
      vertex 31.5 -4 6.505
      vertex 30.1036 -1.94014 6.505
    endloop
  endfacet
  facet normal -0 0 1
    outer loop
      vertex 29.7097 -2.05965 6.505
      vertex 31.5 -4 6.505
      vertex 29.9096 -2.00957 6.505
    endloop
  endfacet
  facet normal -0 0 1
    outer loop
      vertex 29.5058 -2.08987 6.505
      vertex 31.5 -4 6.505
      vertex 29.7097 -2.05965 6.505
    endloop
  endfacet
  facet normal -0 0 1
    outer loop
      vertex 29.3 -2.09999 6.505
      vertex 31.5 -4 6.505
      vertex 29.5058 -2.08987 6.505
    endloop
  endfacet
  facet normal 0 0 1
    outer loop
      vertex 27.1 -4 6.505
      vertex 29.3 -2.09999 6.505
      vertex 29.0942 -2.08987 6.505
    endloop
  endfacet
  facet normal 0 0 1
    outer loop
      vertex 27.1 -4 6.505
      vertex 29.0942 -2.08987 6.505
      vertex 28.8903 -2.05965 6.505
    endloop
  endfacet
  facet normal 0 0 1
    outer loop
      vertex 27.1 -4 6.505
      vertex 28.8903 -2.05965 6.505
      vertex 28.6904 -2.00957 6.505
    endloop
  endfacet
  facet normal 0 0 1
    outer loop
      vertex 27.1 -4 6.505
      vertex 28.6904 -2.00957 6.505
      vertex 28.4964 -1.94014 6.505
    endloop
  endfacet
  facet normal 0 0 1
    outer loop
      vertex 27.1 -4 6.505
      vertex 28.4964 -1.94014 6.505
      vertex 28.3101 -1.85202 6.505
    endloop
  endfacet
  facet normal 0 0 1
    outer loop
      vertex 27.1 -4 6.505
      vertex 28.3101 -1.85202 6.505
      vertex 28.1333 -1.74608 6.505
    endloop
  endfacet
  facet normal 0 0 1
    outer loop
      vertex 29.3 -2.09999 6.505
      vertex 27.1 -4 6.505
      vertex 31.5 -4 6.505
    endloop
  endfacet
  facet normal 0 0 1
    outer loop
      vertex 27.9678 -1.62332 6.505
      vertex 27.1 -4 6.505
      vertex 28.1333 -1.74608 6.505
    endloop
  endfacet
  facet normal 0 0 1
    outer loop
      vertex 27.8151 -1.48491 6.505
      vertex 27.1 -4 6.505
      vertex 27.9678 -1.62332 6.505
    endloop
  endfacet
  facet normal 0 0 1
    outer loop
      vertex 27.6767 -1.33221 6.505
      vertex 27.1 -4 6.505
      vertex 27.8151 -1.48491 6.505
    endloop
  endfacet
  facet normal 0 0 1
    outer loop
      vertex 27.5539 -1.16669 6.505
      vertex 27.1 -4 6.505
      vertex 27.6767 -1.33221 6.505
    endloop
  endfacet
  facet normal 0 0 1
    outer loop
      vertex 27.448 -0.989929 6.505
      vertex 27.1 -4 6.505
      vertex 27.5539 -1.16669 6.505
    endloop
  endfacet
  facet normal 0 0 1
    outer loop
      vertex 27.3599 -0.803635 6.505
      vertex 27.1 -4 6.505
      vertex 27.448 -0.989929 6.505
    endloop
  endfacet
  facet normal 0 0 1
    outer loop
      vertex 27.2904 -0.609589 6.505
      vertex 27.1 -4 6.505
      vertex 27.3599 -0.803635 6.505
    endloop
  endfacet
  facet normal 0 0 1
    outer loop
      vertex 27.2404 -0.409683 6.505
      vertex 27.1 -4 6.505
      vertex 27.2904 -0.609589 6.505
    endloop
  endfacet
  facet normal 0 0 1
    outer loop
      vertex 27.2101 -0.205826 6.505
      vertex 27.1 -4 6.505
      vertex 27.2404 -0.409683 6.505
    endloop
  endfacet
  facet normal 0 0 1
    outer loop
      vertex 27.2 0 6.505
      vertex 27.1 -4 6.505
      vertex 27.2101 -0.205826 6.505
    endloop
  endfacet
  facet normal 0 0 1
    outer loop
      vertex 27.1 -4 6.505
      vertex 27.2 0 6.505
      vertex 27.1 4 6.505
    endloop
  endfacet
  facet normal 0 0 1
    outer loop
      vertex 30.15 4 6.505
      vertex 30.1036 1.94014 6.505
      vertex 30.15 1.91821 6.505
    endloop
  endfacet
  facet normal 0 0 1
    outer loop
      vertex 30.15 4 6.505
      vertex 29.9096 2.00957 6.505
      vertex 30.1036 1.94014 6.505
    endloop
  endfacet
  facet normal 0 0 1
    outer loop
      vertex 30.15 4 6.505
      vertex 29.7097 2.05965 6.505
      vertex 29.9096 2.00957 6.505
    endloop
  endfacet
  facet normal 0 0 1
    outer loop
      vertex 30.15 4 6.505
      vertex 29.5058 2.08987 6.505
      vertex 29.7097 2.05965 6.505
    endloop
  endfacet
  facet normal 0 0 1
    outer loop
      vertex 30.15 4 6.505
      vertex 29.3 2.09999 6.505
      vertex 29.5058 2.08987 6.505
    endloop
  endfacet
  facet normal -0 0 1
    outer loop
      vertex 28.45 4 6.505
      vertex 29.3 2.09999 6.505
      vertex 30.15 4 6.505
    endloop
  endfacet
  facet normal 0 0 1
    outer loop
      vertex 29.3 2.09999 6.505
      vertex 28.45 4 6.505
      vertex 29.0942 2.08987 6.505
    endloop
  endfacet
  facet normal 0 0 1
    outer loop
      vertex 29.0942 2.08987 6.505
      vertex 28.45 4 6.505
      vertex 28.8903 2.05965 6.505
    endloop
  endfacet
  facet normal 0 0 1
    outer loop
      vertex 28.8903 2.05965 6.505
      vertex 28.45 4 6.505
      vertex 28.6904 2.00957 6.505
    endloop
  endfacet
  facet normal 0 0 1
    outer loop
      vertex 28.6904 2.00957 6.505
      vertex 28.45 4 6.505
      vertex 28.4964 1.94014 6.505
    endloop
  endfacet
  facet normal 0 0 1
    outer loop
      vertex 28.4964 1.94014 6.505
      vertex 28.45 4 6.505
      vertex 28.45 1.91821 6.505
    endloop
  endfacet
  facet normal -1 0 0
    outer loop
      vertex 30.99 0 4.305
      vertex 30.99 4 6.505
      vertex 30.99 4 4.305
    endloop
  endfacet
  facet normal -1 -0 0
    outer loop
      vertex 30.99 4 6.505
      vertex 30.99 0 4.305
      vertex 30.99 0 6.505
    endloop
  endfacet
  facet normal 0 1 -0
    outer loop
      vertex 30.99 0 4.305
      vertex 30.9275 0 6.505
      vertex 30.99 0 6.505
    endloop
  endfacet
  facet normal 0 1 0
    outer loop
      vertex 30.9275 0 6.505
      vertex 30.99 0 4.305
      vertex 30.9275 0 4.305
    endloop
  endfacet
  facet normal -1 0 0
    outer loop
      vertex 30.9275 -1.3266 4.305
      vertex 30.9275 0 6.505
      vertex 30.9275 0 4.305
    endloop
  endfacet
  facet normal -1 -0 0
    outer loop
      vertex 30.9275 0 6.505
      vertex 30.9275 -1.3266 4.305
      vertex 30.9275 -1.3266 6.505
    endloop
  endfacet
  facet normal -0.743063 0.669222 0
    outer loop
      vertex 30.7849 -1.48491 4.305
      vertex 30.9275 -1.3266 6.505
      vertex 30.9275 -1.3266 4.305
    endloop
  endfacet
  facet normal -0.743063 0.669222 0
    outer loop
      vertex 30.9275 -1.3266 6.505
      vertex 30.7849 -1.48491 4.305
      vertex 30.7849 -1.48491 6.505
    endloop
  endfacet
  facet normal -0.671607 0.740908 0
    outer loop
      vertex 30.7849 -1.48491 4.305
      vertex 30.6322 -1.62332 6.505
      vertex 30.7849 -1.48491 6.505
    endloop
  endfacet
  facet normal -0.671607 0.740908 0
    outer loop
      vertex 30.6322 -1.62332 6.505
      vertex 30.7849 -1.48491 4.305
      vertex 30.6322 -1.62332 4.305
    endloop
  endfacet
  facet normal -0.595679 0.803223 0
    outer loop
      vertex 30.6322 -1.62332 4.305
      vertex 30.4667 -1.74608 6.505
      vertex 30.6322 -1.62332 6.505
    endloop
  endfacet
  facet normal -0.595679 0.803223 0
    outer loop
      vertex 30.4667 -1.74608 6.505
      vertex 30.6322 -1.62332 4.305
      vertex 30.4667 -1.74608 4.305
    endloop
  endfacet
  facet normal -0.514093 0.857735 0
    outer loop
      vertex 30.4667 -1.74608 4.305
      vertex 30.2899 -1.85202 6.505
      vertex 30.4667 -1.74608 6.505
    endloop
  endfacet
  facet normal -0.514093 0.857735 0
    outer loop
      vertex 30.2899 -1.85202 6.505
      vertex 30.4667 -1.74608 4.305
      vertex 30.2899 -1.85202 4.305
    endloop
  endfacet
  facet normal -0.42759 0.903973 0
    outer loop
      vertex 30.2899 -1.85202 4.305
      vertex 30.1036 -1.94014 6.505
      vertex 30.2899 -1.85202 6.505
    endloop
  endfacet
  facet normal -0.42759 0.903973 0
    outer loop
      vertex 30.1036 -1.94014 6.505
      vertex 30.2899 -1.85202 4.305
      vertex 30.1036 -1.94014 4.305
    endloop
  endfacet
  facet normal -0.336876 0.941549 0
    outer loop
      vertex 30.1036 -1.94014 4.305
      vertex 29.9096 -2.00957 6.505
      vertex 30.1036 -1.94014 6.505
    endloop
  endfacet
  facet normal -0.336876 0.941549 0
    outer loop
      vertex 29.9096 -2.00957 6.505
      vertex 30.1036 -1.94014 4.305
      vertex 29.9096 -2.00957 4.305
    endloop
  endfacet
  facet normal -0.243006 0.970025 0
    outer loop
      vertex 29.9096 -2.00957 4.305
      vertex 29.7097 -2.05965 6.505
      vertex 29.9096 -2.00957 6.505
    endloop
  endfacet
  facet normal -0.243006 0.970025 0
    outer loop
      vertex 29.7097 -2.05965 6.505
      vertex 29.9096 -2.00957 4.305
      vertex 29.7097 -2.05965 4.305
    endloop
  endfacet
  facet normal -0.146675 0.989185 0
    outer loop
      vertex 29.7097 -2.05965 4.305
      vertex 29.5058 -2.08987 6.505
      vertex 29.7097 -2.05965 6.505
    endloop
  endfacet
  facet normal -0.146675 0.989185 0
    outer loop
      vertex 29.5058 -2.08987 6.505
      vertex 29.7097 -2.05965 4.305
      vertex 29.5058 -2.08987 4.305
    endloop
  endfacet
  facet normal -0.0490919 0.998794 0
    outer loop
      vertex 29.5058 -2.08987 4.305
      vertex 29.3 -2.09999 6.505
      vertex 29.5058 -2.08987 6.505
    endloop
  endfacet
  facet normal -0.0490919 0.998794 0
    outer loop
      vertex 29.3 -2.09999 6.505
      vertex 29.5058 -2.08987 4.305
      vertex 29.3 -2.09999 4.305
    endloop
  endfacet
  facet normal 0.0490919 0.998794 -0
    outer loop
      vertex 29.3 -2.09999 4.305
      vertex 29.0942 -2.08987 6.505
      vertex 29.3 -2.09999 6.505
    endloop
  endfacet
  facet normal 0.0490919 0.998794 0
    outer loop
      vertex 29.0942 -2.08987 6.505
      vertex 29.3 -2.09999 4.305
      vertex 29.0942 -2.08987 4.305
    endloop
  endfacet
  facet normal 0.146675 0.989185 -0
    outer loop
      vertex 29.0942 -2.08987 4.305
      vertex 28.8903 -2.05965 6.505
      vertex 29.0942 -2.08987 6.505
    endloop
  endfacet
  facet normal 0.146675 0.989185 0
    outer loop
      vertex 28.8903 -2.05965 6.505
      vertex 29.0942 -2.08987 4.305
      vertex 28.8903 -2.05965 4.305
    endloop
  endfacet
  facet normal 0.243006 0.970025 -0
    outer loop
      vertex 28.8903 -2.05965 4.305
      vertex 28.6904 -2.00957 6.505
      vertex 28.8903 -2.05965 6.505
    endloop
  endfacet
  facet normal 0.243006 0.970025 0
    outer loop
      vertex 28.6904 -2.00957 6.505
      vertex 28.8903 -2.05965 4.305
      vertex 28.6904 -2.00957 4.305
    endloop
  endfacet
  facet normal 0.336876 0.941549 -0
    outer loop
      vertex 28.6904 -2.00957 4.305
      vertex 28.4964 -1.94014 6.505
      vertex 28.6904 -2.00957 6.505
    endloop
  endfacet
  facet normal 0.336876 0.941549 0
    outer loop
      vertex 28.4964 -1.94014 6.505
      vertex 28.6904 -2.00957 4.305
      vertex 28.4964 -1.94014 4.305
    endloop
  endfacet
  facet normal 0.42759 0.903973 -0
    outer loop
      vertex 28.4964 -1.94014 4.305
      vertex 28.3101 -1.85202 6.505
      vertex 28.4964 -1.94014 6.505
    endloop
  endfacet
  facet normal 0.42759 0.903973 0
    outer loop
      vertex 28.3101 -1.85202 6.505
      vertex 28.4964 -1.94014 4.305
      vertex 28.3101 -1.85202 4.305
    endloop
  endfacet
  facet normal 0.514093 0.857735 -0
    outer loop
      vertex 28.3101 -1.85202 4.305
      vertex 28.1333 -1.74608 6.505
      vertex 28.3101 -1.85202 6.505
    endloop
  endfacet
  facet normal 0.514093 0.857735 0
    outer loop
      vertex 28.1333 -1.74608 6.505
      vertex 28.3101 -1.85202 4.305
      vertex 28.1333 -1.74608 4.305
    endloop
  endfacet
  facet normal 0.595679 0.803223 -0
    outer loop
      vertex 28.1333 -1.74608 4.305
      vertex 27.9678 -1.62332 6.505
      vertex 28.1333 -1.74608 6.505
    endloop
  endfacet
  facet normal 0.595679 0.803223 0
    outer loop
      vertex 27.9678 -1.62332 6.505
      vertex 28.1333 -1.74608 4.305
      vertex 27.9678 -1.62332 4.305
    endloop
  endfacet
  facet normal 0.671607 0.740908 -0
    outer loop
      vertex 27.9678 -1.62332 4.305
      vertex 27.8151 -1.48491 6.505
      vertex 27.9678 -1.62332 6.505
    endloop
  endfacet
  facet normal 0.671607 0.740908 0
    outer loop
      vertex 27.8151 -1.48491 6.505
      vertex 27.9678 -1.62332 4.305
      vertex 27.8151 -1.48491 4.305
    endloop
  endfacet
  facet normal 0.740908 0.671607 0
    outer loop
      vertex 27.8151 -1.48491 6.505
      vertex 27.6767 -1.33221 4.305
      vertex 27.6767 -1.33221 6.505
    endloop
  endfacet
  facet normal 0.740908 0.671607 0
    outer loop
      vertex 27.6767 -1.33221 4.305
      vertex 27.8151 -1.48491 6.505
      vertex 27.8151 -1.48491 4.305
    endloop
  endfacet
  facet normal 0.803223 0.595679 0
    outer loop
      vertex 27.6767 -1.33221 6.505
      vertex 27.5539 -1.16669 4.305
      vertex 27.5539 -1.16669 6.505
    endloop
  endfacet
  facet normal 0.803223 0.595679 0
    outer loop
      vertex 27.5539 -1.16669 4.305
      vertex 27.6767 -1.33221 6.505
      vertex 27.6767 -1.33221 4.305
    endloop
  endfacet
  facet normal 0.857735 0.514093 0
    outer loop
      vertex 27.5539 -1.16669 6.505
      vertex 27.448 -0.989929 4.305
      vertex 27.448 -0.989929 6.505
    endloop
  endfacet
  facet normal 0.857735 0.514093 0
    outer loop
      vertex 27.448 -0.989929 4.305
      vertex 27.5539 -1.16669 6.505
      vertex 27.5539 -1.16669 4.305
    endloop
  endfacet
  facet normal 0.903973 0.42759 0
    outer loop
      vertex 27.448 -0.989929 6.505
      vertex 27.3599 -0.803635 4.305
      vertex 27.3599 -0.803635 6.505
    endloop
  endfacet
  facet normal 0.903973 0.42759 0
    outer loop
      vertex 27.3599 -0.803635 4.305
      vertex 27.448 -0.989929 6.505
      vertex 27.448 -0.989929 4.305
    endloop
  endfacet
  facet normal 0.941549 0.336876 0
    outer loop
      vertex 27.3599 -0.803635 6.505
      vertex 27.2904 -0.609589 4.305
      vertex 27.2904 -0.609589 6.505
    endloop
  endfacet
  facet normal 0.941549 0.336876 0
    outer loop
      vertex 27.2904 -0.609589 4.305
      vertex 27.3599 -0.803635 6.505
      vertex 27.3599 -0.803635 4.305
    endloop
  endfacet
  facet normal 0.970025 0.243006 0
    outer loop
      vertex 27.2904 -0.609589 6.505
      vertex 27.2404 -0.409683 4.305
      vertex 27.2404 -0.409683 6.505
    endloop
  endfacet
  facet normal 0.970025 0.243006 0
    outer loop
      vertex 27.2404 -0.409683 4.305
      vertex 27.2904 -0.609589 6.505
      vertex 27.2904 -0.609589 4.305
    endloop
  endfacet
  facet normal 0.989185 0.146675 0
    outer loop
      vertex 27.2404 -0.409683 6.505
      vertex 27.2101 -0.205826 4.305
      vertex 27.2101 -0.205826 6.505
    endloop
  endfacet
  facet normal 0.989185 0.146675 0
    outer loop
      vertex 27.2101 -0.205826 4.305
      vertex 27.2404 -0.409683 6.505
      vertex 27.2404 -0.409683 4.305
    endloop
  endfacet
  facet normal 0.998794 0.0490919 0
    outer loop
      vertex 27.2101 -0.205826 6.505
      vertex 27.2 0 4.305
      vertex 27.2 0 6.505
    endloop
  endfacet
  facet normal 0.998794 0.0490919 0
    outer loop
      vertex 27.2 0 4.305
      vertex 27.2101 -0.205826 6.505
      vertex 27.2101 -0.205826 4.305
    endloop
  endfacet
  facet normal 0.998794 -0.0490919 0
    outer loop
      vertex 27.2 0 6.505
      vertex 27.2101 0.205826 4.305
      vertex 27.2101 0.205826 6.505
    endloop
  endfacet
  facet normal 0.998794 -0.0490919 0
    outer loop
      vertex 27.2101 0.205826 4.305
      vertex 27.2 0 6.505
      vertex 27.2 0 4.305
    endloop
  endfacet
  facet normal 0.989185 -0.146675 0
    outer loop
      vertex 27.2101 0.205826 6.505
      vertex 27.2404 0.409683 4.305
      vertex 27.2404 0.409683 6.505
    endloop
  endfacet
  facet normal 0.989185 -0.146675 0
    outer loop
      vertex 27.2404 0.409683 4.305
      vertex 27.2101 0.205826 6.505
      vertex 27.2101 0.205826 4.305
    endloop
  endfacet
  facet normal 0.970025 -0.243006 0
    outer loop
      vertex 27.2404 0.409683 6.505
      vertex 27.2904 0.609589 4.305
      vertex 27.2904 0.609589 6.505
    endloop
  endfacet
  facet normal 0.970025 -0.243006 0
    outer loop
      vertex 27.2904 0.609589 4.305
      vertex 27.2404 0.409683 6.505
      vertex 27.2404 0.409683 4.305
    endloop
  endfacet
  facet normal 0.941549 -0.336876 0
    outer loop
      vertex 27.2904 0.609589 6.505
      vertex 27.3599 0.803635 4.305
      vertex 27.3599 0.803635 6.505
    endloop
  endfacet
  facet normal 0.941549 -0.336876 0
    outer loop
      vertex 27.3599 0.803635 4.305
      vertex 27.2904 0.609589 6.505
      vertex 27.2904 0.609589 4.305
    endloop
  endfacet
  facet normal 0.903973 -0.42759 0
    outer loop
      vertex 27.3599 0.803635 6.505
      vertex 27.448 0.989929 4.305
      vertex 27.448 0.989929 6.505
    endloop
  endfacet
  facet normal 0.903973 -0.42759 0
    outer loop
      vertex 27.448 0.989929 4.305
      vertex 27.3599 0.803635 6.505
      vertex 27.3599 0.803635 4.305
    endloop
  endfacet
  facet normal 0.857735 -0.514093 0
    outer loop
      vertex 27.448 0.989929 6.505
      vertex 27.5539 1.16669 4.305
      vertex 27.5539 1.16669 6.505
    endloop
  endfacet
  facet normal 0.857735 -0.514093 0
    outer loop
      vertex 27.5539 1.16669 4.305
      vertex 27.448 0.989929 6.505
      vertex 27.448 0.989929 4.305
    endloop
  endfacet
  facet normal 0.803236 -0.595661 0
    outer loop
      vertex 27.5539 1.16669 6.505
      vertex 27.61 1.24232 4.305
      vertex 27.61 1.24232 6.505
    endloop
  endfacet
  facet normal 0.803236 -0.595661 0
    outer loop
      vertex 27.61 1.24232 4.305
      vertex 27.5539 1.16669 6.505
      vertex 27.5539 1.16669 4.305
    endloop
  endfacet
  facet normal 1 -0 0
    outer loop
      vertex 27.61 1.24232 6.505
      vertex 27.61 4 4.305
      vertex 27.61 4 6.505
    endloop
  endfacet
  facet normal 1 0 0
    outer loop
      vertex 27.61 4 4.305
      vertex 27.61 1.24232 6.505
      vertex 27.61 1.24232 4.305
    endloop
  endfacet
  facet normal -1 0 0
    outer loop
      vertex 28.45 1.91821 4.305
      vertex 28.45 4 6.505
      vertex 28.45 4 4.305
    endloop
  endfacet
  facet normal -1 -0 0
    outer loop
      vertex 28.45 4 6.505
      vertex 28.45 1.91821 4.305
      vertex 28.45 1.91821 6.505
    endloop
  endfacet
  facet normal 0.427587 -0.903974 0
    outer loop
      vertex 28.45 1.91821 4.305
      vertex 28.4964 1.94014 6.505
      vertex 28.45 1.91821 6.505
    endloop
  endfacet
  facet normal 0.427587 -0.903974 0
    outer loop
      vertex 28.4964 1.94014 6.505
      vertex 28.45 1.91821 4.305
      vertex 28.4964 1.94014 4.305
    endloop
  endfacet
  facet normal 0.336876 -0.941549 0
    outer loop
      vertex 28.4964 1.94014 4.305
      vertex 28.6904 2.00957 6.505
      vertex 28.4964 1.94014 6.505
    endloop
  endfacet
  facet normal 0.336876 -0.941549 0
    outer loop
      vertex 28.6904 2.00957 6.505
      vertex 28.4964 1.94014 4.305
      vertex 28.6904 2.00957 4.305
    endloop
  endfacet
  facet normal 0.243006 -0.970025 0
    outer loop
      vertex 28.6904 2.00957 4.305
      vertex 28.8903 2.05965 6.505
      vertex 28.6904 2.00957 6.505
    endloop
  endfacet
  facet normal 0.243006 -0.970025 0
    outer loop
      vertex 28.8903 2.05965 6.505
      vertex 28.6904 2.00957 4.305
      vertex 28.8903 2.05965 4.305
    endloop
  endfacet
  facet normal 0.146675 -0.989185 0
    outer loop
      vertex 28.8903 2.05965 4.305
      vertex 29.0942 2.08987 6.505
      vertex 28.8903 2.05965 6.505
    endloop
  endfacet
  facet normal 0.146675 -0.989185 0
    outer loop
      vertex 29.0942 2.08987 6.505
      vertex 28.8903 2.05965 4.305
      vertex 29.0942 2.08987 4.305
    endloop
  endfacet
  facet normal 0.0490919 -0.998794 0
    outer loop
      vertex 29.0942 2.08987 4.305
      vertex 29.3 2.09999 6.505
      vertex 29.0942 2.08987 6.505
    endloop
  endfacet
  facet normal 0.0490919 -0.998794 0
    outer loop
      vertex 29.3 2.09999 6.505
      vertex 29.0942 2.08987 4.305
      vertex 29.3 2.09999 4.305
    endloop
  endfacet
  facet normal -0.0490919 -0.998794 0
    outer loop
      vertex 29.3 2.09999 4.305
      vertex 29.5058 2.08987 6.505
      vertex 29.3 2.09999 6.505
    endloop
  endfacet
  facet normal -0.0490919 -0.998794 -0
    outer loop
      vertex 29.5058 2.08987 6.505
      vertex 29.3 2.09999 4.305
      vertex 29.5058 2.08987 4.305
    endloop
  endfacet
  facet normal -0.146675 -0.989185 0
    outer loop
      vertex 29.5058 2.08987 4.305
      vertex 29.7097 2.05965 6.505
      vertex 29.5058 2.08987 6.505
    endloop
  endfacet
  facet normal -0.146675 -0.989185 -0
    outer loop
      vertex 29.7097 2.05965 6.505
      vertex 29.5058 2.08987 4.305
      vertex 29.7097 2.05965 4.305
    endloop
  endfacet
  facet normal -0.243006 -0.970025 0
    outer loop
      vertex 29.7097 2.05965 4.305
      vertex 29.9096 2.00957 6.505
      vertex 29.7097 2.05965 6.505
    endloop
  endfacet
  facet normal -0.243006 -0.970025 -0
    outer loop
      vertex 29.9096 2.00957 6.505
      vertex 29.7097 2.05965 4.305
      vertex 29.9096 2.00957 4.305
    endloop
  endfacet
  facet normal -0.336876 -0.941549 0
    outer loop
      vertex 29.9096 2.00957 4.305
      vertex 30.1036 1.94014 6.505
      vertex 29.9096 2.00957 6.505
    endloop
  endfacet
  facet normal -0.336876 -0.941549 -0
    outer loop
      vertex 30.1036 1.94014 6.505
      vertex 29.9096 2.00957 4.305
      vertex 30.1036 1.94014 4.305
    endloop
  endfacet
  facet normal -0.427587 -0.903974 0
    outer loop
      vertex 30.1036 1.94014 4.305
      vertex 30.15 1.91821 6.505
      vertex 30.1036 1.94014 6.505
    endloop
  endfacet
  facet normal -0.427587 -0.903974 -0
    outer loop
      vertex 30.15 1.91821 6.505
      vertex 30.1036 1.94014 4.305
      vertex 30.15 1.91821 4.305
    endloop
  endfacet
  facet normal 1 -0 0
    outer loop
      vertex 30.15 1.91821 6.505
      vertex 30.15 4 4.305
      vertex 30.15 4 6.505
    endloop
  endfacet
  facet normal 1 0 0
    outer loop
      vertex 30.15 4 4.305
      vertex 30.15 1.91821 6.505
      vertex 30.15 1.91821 4.305
    endloop
  endfacet
  facet normal 0 0 -1
    outer loop
      vertex 35.9 -4 0
      vertex 35.3275 0 0
      vertex 35.9 4 0
    endloop
  endfacet
  facet normal 0 0 -1
    outer loop
      vertex 35.9 -4 0
      vertex 35.3197 -0.159515 0
      vertex 35.3275 0 0
    endloop
  endfacet
  facet normal 0 0 -1
    outer loop
      vertex 35.9 -4 0
      vertex 35.2962 -0.317505 0
      vertex 35.3197 -0.159515 0
    endloop
  endfacet
  facet normal 0 0 -1
    outer loop
      vertex 35.9 -4 0
      vertex 35.2574 -0.472427 0
      vertex 35.2962 -0.317505 0
    endloop
  endfacet
  facet normal 0 0 -1
    outer loop
      vertex 35.9 -4 0
      vertex 35.2036 -0.622803 0
      vertex 35.2574 -0.472427 0
    endloop
  endfacet
  facet normal 0 0 -1
    outer loop
      vertex 35.9 -4 0
      vertex 35.1353 -0.767197 0
      vertex 35.2036 -0.622803 0
    endloop
  endfacet
  facet normal 0 0 -1
    outer loop
      vertex 35.9 -4 0
      vertex 35.0532 -0.90419 0
      vertex 35.1353 -0.767197 0
    endloop
  endfacet
  facet normal 0 0 -1
    outer loop
      vertex 35.9 -4 0
      vertex 34.9581 -1.03247 0
      vertex 35.0532 -0.90419 0
    endloop
  endfacet
  facet normal 0 0 -1
    outer loop
      vertex 35.9 -4 0
      vertex 34.8508 -1.1508 0
      vertex 34.9581 -1.03247 0
    endloop
  endfacet
  facet normal 0 0 -1
    outer loop
      vertex 35.9 -4 0
      vertex 34.7325 -1.25807 0
      vertex 34.8508 -1.1508 0
    endloop
  endfacet
  facet normal 0 0 -1
    outer loop
      vertex 35.9 -4 0
      vertex 34.6042 -1.35321 0
      vertex 34.7325 -1.25807 0
    endloop
  endfacet
  facet normal 0 0 -1
    outer loop
      vertex 35.9 -4 0
      vertex 34.4672 -1.43532 0
      vertex 34.6042 -1.35321 0
    endloop
  endfacet
  facet normal 0 0 -1
    outer loop
      vertex 35.9 -4 0
      vertex 34.3228 -1.5036 0
      vertex 34.4672 -1.43532 0
    endloop
  endfacet
  facet normal 0 0 -1
    outer loop
      vertex 35.9 -4 0
      vertex 34.1724 -1.55742 0
      vertex 34.3228 -1.5036 0
    endloop
  endfacet
  facet normal 0 0 -1
    outer loop
      vertex 35.9 -4 0
      vertex 34.0175 -1.59622 0
      vertex 34.1724 -1.55742 0
    endloop
  endfacet
  facet normal 0 0 -1
    outer loop
      vertex 35.9 -4 0
      vertex 33.8595 -1.61966 0
      vertex 34.0175 -1.59622 0
    endloop
  endfacet
  facet normal 0 0 -1
    outer loop
      vertex 35.9 -4 0
      vertex 33.7 -1.62749 0
      vertex 33.8595 -1.61966 0
    endloop
  endfacet
  facet normal 0 0 -1
    outer loop
      vertex 31.5 -4 0
      vertex 33.7 -1.62749 0
      vertex 35.9 -4 0
    endloop
  endfacet
  facet normal -0 0 -1
    outer loop
      vertex 33.7 -1.62749 0
      vertex 31.5 -4 0
      vertex 33.5405 -1.61966 0
    endloop
  endfacet
  facet normal -0 0 -1
    outer loop
      vertex 33.5405 -1.61966 0
      vertex 31.5 -4 0
      vertex 33.3825 -1.59622 0
    endloop
  endfacet
  facet normal -0 0 -1
    outer loop
      vertex 33.3825 -1.59622 0
      vertex 31.5 -4 0
      vertex 33.2276 -1.55742 0
    endloop
  endfacet
  facet normal -0 0 -1
    outer loop
      vertex 33.2276 -1.55742 0
      vertex 31.5 -4 0
      vertex 33.0772 -1.5036 0
    endloop
  endfacet
  facet normal -0 0 -1
    outer loop
      vertex 33.0772 -1.5036 0
      vertex 31.5 -4 0
      vertex 32.9328 -1.43532 0
    endloop
  endfacet
  facet normal -0 0 -1
    outer loop
      vertex 32.9328 -1.43532 0
      vertex 31.5 -4 0
      vertex 32.7958 -1.35321 0
    endloop
  endfacet
  facet normal -0 0 -1
    outer loop
      vertex 32.0803 -0.159515 0
      vertex 31.5 -4 0
      vertex 32.0725 0 0
    endloop
  endfacet
  facet normal -0 0 -1
    outer loop
      vertex 32.1038 -0.317505 0
      vertex 31.5 -4 0
      vertex 32.0803 -0.159515 0
    endloop
  endfacet
  facet normal -0 0 -1
    outer loop
      vertex 32.1426 -0.472427 0
      vertex 31.5 -4 0
      vertex 32.1038 -0.317505 0
    endloop
  endfacet
  facet normal -0 0 -1
    outer loop
      vertex 32.1964 -0.622803 0
      vertex 31.5 -4 0
      vertex 32.1426 -0.472427 0
    endloop
  endfacet
  facet normal -0 0 -1
    outer loop
      vertex 32.2647 -0.767197 0
      vertex 31.5 -4 0
      vertex 32.1964 -0.622803 0
    endloop
  endfacet
  facet normal -0 0 -1
    outer loop
      vertex 32.3468 -0.90419 0
      vertex 31.5 -4 0
      vertex 32.2647 -0.767197 0
    endloop
  endfacet
  facet normal -0 0 -1
    outer loop
      vertex 32.4419 -1.03247 0
      vertex 31.5 -4 0
      vertex 32.3468 -0.90419 0
    endloop
  endfacet
  facet normal -0 0 -1
    outer loop
      vertex 32.5492 -1.1508 0
      vertex 31.5 -4 0
      vertex 32.4419 -1.03247 0
    endloop
  endfacet
  facet normal -0 0 -1
    outer loop
      vertex 32.6675 -1.25807 0
      vertex 31.5 -4 0
      vertex 32.5492 -1.1508 0
    endloop
  endfacet
  facet normal -0 0 -1
    outer loop
      vertex 32.7958 -1.35321 0
      vertex 31.5 -4 0
      vertex 32.6675 -1.25807 0
    endloop
  endfacet
  facet normal 0 0 -1
    outer loop
      vertex 35.3197 0.159515 0
      vertex 35.9 4 0
      vertex 35.3275 0 0
    endloop
  endfacet
  facet normal 0 0 -1
    outer loop
      vertex 35.2962 0.317505 0
      vertex 35.9 4 0
      vertex 35.3197 0.159515 0
    endloop
  endfacet
  facet normal 0 0 -1
    outer loop
      vertex 35.2574 0.472427 0
      vertex 35.9 4 0
      vertex 35.2962 0.317505 0
    endloop
  endfacet
  facet normal 0 0 -1
    outer loop
      vertex 35.2036 0.622803 0
      vertex 35.9 4 0
      vertex 35.2574 0.472427 0
    endloop
  endfacet
  facet normal 0 0 -1
    outer loop
      vertex 35.1353 0.767197 0
      vertex 35.9 4 0
      vertex 35.2036 0.622803 0
    endloop
  endfacet
  facet normal 0 0 -1
    outer loop
      vertex 35.0532 0.90419 0
      vertex 35.9 4 0
      vertex 35.1353 0.767197 0
    endloop
  endfacet
  facet normal 0 0 -1
    outer loop
      vertex 34.9581 1.03247 0
      vertex 35.9 4 0
      vertex 35.0532 0.90419 0
    endloop
  endfacet
  facet normal 0 0 -1
    outer loop
      vertex 34.8508 1.1508 0
      vertex 35.9 4 0
      vertex 34.9581 1.03247 0
    endloop
  endfacet
  facet normal 0 0 -1
    outer loop
      vertex 34.7325 1.25807 0
      vertex 35.9 4 0
      vertex 34.8508 1.1508 0
    endloop
  endfacet
  facet normal 0 0 -1
    outer loop
      vertex 34.6042 1.35321 0
      vertex 35.9 4 0
      vertex 34.7325 1.25807 0
    endloop
  endfacet
  facet normal 0 0 -1
    outer loop
      vertex 34.4672 1.43532 0
      vertex 35.9 4 0
      vertex 34.6042 1.35321 0
    endloop
  endfacet
  facet normal 0 0 -1
    outer loop
      vertex 34.3228 1.5036 0
      vertex 35.9 4 0
      vertex 34.4672 1.43532 0
    endloop
  endfacet
  facet normal 0 0 -1
    outer loop
      vertex 34.1724 1.55742 0
      vertex 35.9 4 0
      vertex 34.3228 1.5036 0
    endloop
  endfacet
  facet normal 0 0 -1
    outer loop
      vertex 34.0175 1.59622 0
      vertex 35.9 4 0
      vertex 34.1724 1.55742 0
    endloop
  endfacet
  facet normal 0 0 -1
    outer loop
      vertex 33.8595 1.61966 0
      vertex 35.9 4 0
      vertex 34.0175 1.59622 0
    endloop
  endfacet
  facet normal 0 0 -1
    outer loop
      vertex 33.7 1.62749 0
      vertex 35.9 4 0
      vertex 33.8595 1.61966 0
    endloop
  endfacet
  facet normal 0 0 -1
    outer loop
      vertex 31.5 4 0
      vertex 33.7 1.62749 0
      vertex 33.5405 1.61966 0
    endloop
  endfacet
  facet normal 0 0 -1
    outer loop
      vertex 31.5 4 0
      vertex 33.5405 1.61966 0
      vertex 33.3825 1.59622 0
    endloop
  endfacet
  facet normal 0 0 -1
    outer loop
      vertex 31.5 4 0
      vertex 33.3825 1.59622 0
      vertex 33.2276 1.55742 0
    endloop
  endfacet
  facet normal 0 0 -1
    outer loop
      vertex 31.5 4 0
      vertex 33.2276 1.55742 0
      vertex 33.0772 1.5036 0
    endloop
  endfacet
  facet normal 0 0 -1
    outer loop
      vertex 31.5 4 0
      vertex 33.0772 1.5036 0
      vertex 32.9328 1.43532 0
    endloop
  endfacet
  facet normal 0 0 -1
    outer loop
      vertex 31.5 4 0
      vertex 32.9328 1.43532 0
      vertex 32.7958 1.35321 0
    endloop
  endfacet
  facet normal 0 0 -1
    outer loop
      vertex 31.5 4 0
      vertex 32.7958 1.35321 0
      vertex 32.6675 1.25807 0
    endloop
  endfacet
  facet normal 0 0 -1
    outer loop
      vertex 31.5 4 0
      vertex 32.0725 0 0
      vertex 31.5 -4 0
    endloop
  endfacet
  facet normal 0 0 -1
    outer loop
      vertex 33.7 1.62749 0
      vertex 31.5 4 0
      vertex 35.9 4 0
    endloop
  endfacet
  facet normal 0 0 -1
    outer loop
      vertex 32.5492 1.1508 0
      vertex 31.5 4 0
      vertex 32.6675 1.25807 0
    endloop
  endfacet
  facet normal 0 0 -1
    outer loop
      vertex 32.4419 1.03247 0
      vertex 31.5 4 0
      vertex 32.5492 1.1508 0
    endloop
  endfacet
  facet normal 0 0 -1
    outer loop
      vertex 32.3468 0.90419 0
      vertex 31.5 4 0
      vertex 32.4419 1.03247 0
    endloop
  endfacet
  facet normal 0 0 -1
    outer loop
      vertex 32.2647 0.767197 0
      vertex 31.5 4 0
      vertex 32.3468 0.90419 0
    endloop
  endfacet
  facet normal 0 0 -1
    outer loop
      vertex 32.1964 0.622803 0
      vertex 31.5 4 0
      vertex 32.2647 0.767197 0
    endloop
  endfacet
  facet normal 0 0 -1
    outer loop
      vertex 32.1426 0.472427 0
      vertex 31.5 4 0
      vertex 32.1964 0.622803 0
    endloop
  endfacet
  facet normal 0 0 -1
    outer loop
      vertex 32.1038 0.317505 0
      vertex 31.5 4 0
      vertex 32.1426 0.472427 0
    endloop
  endfacet
  facet normal 0 0 -1
    outer loop
      vertex 32.0803 0.159515 0
      vertex 31.5 4 0
      vertex 32.1038 0.317505 0
    endloop
  endfacet
  facet normal 0 0 -1
    outer loop
      vertex 32.0725 0 0
      vertex 31.5 4 0
      vertex 32.0803 0.159515 0
    endloop
  endfacet
  facet normal -0 0 1
    outer loop
      vertex 32.01 4 4.305
      vertex 32.85 1.91821 4.305
      vertex 32.85 4 4.305
    endloop
  endfacet
  facet normal 0 0 1
    outer loop
      vertex 32.01 1.24232 4.305
      vertex 32.85 1.91821 4.305
      vertex 32.01 4 4.305
    endloop
  endfacet
  facet normal 0 -0 1
    outer loop
      vertex 32.6675 1.25807 4.305
      vertex 32.85 1.91821 4.305
      vertex 32.01 1.24232 4.305
    endloop
  endfacet
  facet normal 0 0 1
    outer loop
      vertex 32.6675 1.25807 4.305
      vertex 32.01 1.24232 4.305
      vertex 32.5492 1.1508 4.305
    endloop
  endfacet
  facet normal 0 0 1
    outer loop
      vertex 32.5492 1.1508 4.305
      vertex 32.01 1.24232 4.305
      vertex 32.4419 1.03247 4.305
    endloop
  endfacet
  facet normal 0 0 1
    outer loop
      vertex 32.4419 1.03247 4.305
      vertex 32.01 1.24232 4.305
      vertex 32.3468 0.90419 4.305
    endloop
  endfacet
  facet normal -0 0 1
    outer loop
      vertex 31.9539 1.16669 4.305
      vertex 32.3468 0.90419 4.305
      vertex 32.01 1.24232 4.305
    endloop
  endfacet
  facet normal 0 0 1
    outer loop
      vertex 32.3468 0.90419 4.305
      vertex 31.9539 1.16669 4.305
      vertex 32.2647 0.767197 4.305
    endloop
  endfacet
  facet normal -0 0 1
    outer loop
      vertex 31.848 0.989929 4.305
      vertex 32.2647 0.767197 4.305
      vertex 31.9539 1.16669 4.305
    endloop
  endfacet
  facet normal -0 0 1
    outer loop
      vertex 31.7599 0.803635 4.305
      vertex 32.1964 0.622803 4.305
      vertex 31.848 0.989929 4.305
    endloop
  endfacet
  facet normal 0 0 1
    outer loop
      vertex 32.2647 0.767197 4.305
      vertex 31.848 0.989929 4.305
      vertex 32.1964 0.622803 4.305
    endloop
  endfacet
  facet normal 0 0 1
    outer loop
      vertex 32.85 1.91821 4.305
      vertex 32.6675 1.25807 4.305
      vertex 32.7958 1.35321 4.305
    endloop
  endfacet
  facet normal -0 0 1
    outer loop
      vertex 35.2962 0.317505 4.305
      vertex 35.39 0 4.305
      vertex 35.39 4 4.305
    endloop
  endfacet
  facet normal 0 0 1
    outer loop
      vertex 35.39 0 4.305
      vertex 35.3197 0.159515 4.305
      vertex 35.3275 0 4.305
    endloop
  endfacet
  facet normal 0 0 1
    outer loop
      vertex 35.39 0 4.305
      vertex 35.2962 0.317505 4.305
      vertex 35.3197 0.159515 4.305
    endloop
  endfacet
  facet normal 0 0 1
    outer loop
      vertex 35.39 4 4.305
      vertex 35.2574 0.472427 4.305
      vertex 35.2962 0.317505 4.305
    endloop
  endfacet
  facet normal 0 0 1
    outer loop
      vertex 35.39 4 4.305
      vertex 35.2036 0.622803 4.305
      vertex 35.2574 0.472427 4.305
    endloop
  endfacet
  facet normal 0 0 1
    outer loop
      vertex 35.39 4 4.305
      vertex 35.1353 0.767197 4.305
      vertex 35.2036 0.622803 4.305
    endloop
  endfacet
  facet normal 0 0 1
    outer loop
      vertex 35.39 4 4.305
      vertex 35.0532 0.90419 4.305
      vertex 35.1353 0.767197 4.305
    endloop
  endfacet
  facet normal 0 0 1
    outer loop
      vertex 35.39 4 4.305
      vertex 34.9581 1.03247 4.305
      vertex 35.0532 0.90419 4.305
    endloop
  endfacet
  facet normal -0 0 1
    outer loop
      vertex 34.55 1.91821 4.305
      vertex 34.9581 1.03247 4.305
      vertex 35.39 4 4.305
    endloop
  endfacet
  facet normal 0 0 1
    outer loop
      vertex 34.9581 1.03247 4.305
      vertex 34.55 1.91821 4.305
      vertex 34.8508 1.1508 4.305
    endloop
  endfacet
  facet normal 0 0 1
    outer loop
      vertex 34.8508 1.1508 4.305
      vertex 34.55 1.91821 4.305
      vertex 34.7325 1.25807 4.305
    endloop
  endfacet
  facet normal 0 0 1
    outer loop
      vertex 34.55 1.91821 4.305
      vertex 35.39 4 4.305
      vertex 34.55 4 4.305
    endloop
  endfacet
  facet normal 0 0 1
    outer loop
      vertex 34.7325 1.25807 4.305
      vertex 34.55 1.91821 4.305
      vertex 34.6042 1.35321 4.305
    endloop
  endfacet
  facet normal 0 0 1
    outer loop
      vertex 34.3228 1.5036 4.305
      vertex 34.55 1.91821 4.305
      vertex 34.5036 1.94014 4.305
    endloop
  endfacet
  facet normal 0 0 1
    outer loop
      vertex 34.55 1.91821 4.305
      vertex 34.4672 1.43532 4.305
      vertex 34.6042 1.35321 4.305
    endloop
  endfacet
  facet normal 0 0 1
    outer loop
      vertex 34.55 1.91821 4.305
      vertex 34.3228 1.5036 4.305
      vertex 34.4672 1.43532 4.305
    endloop
  endfacet
  facet normal 0 0 1
    outer loop
      vertex 34.3096 2.00957 4.305
      vertex 34.3228 1.5036 4.305
      vertex 34.5036 1.94014 4.305
    endloop
  endfacet
  facet normal 0 0 1
    outer loop
      vertex 34.3096 2.00957 4.305
      vertex 34.1724 1.55742 4.305
      vertex 34.3228 1.5036 4.305
    endloop
  endfacet
  facet normal 0 0 1
    outer loop
      vertex 34.1097 2.05965 4.305
      vertex 34.1724 1.55742 4.305
      vertex 34.3096 2.00957 4.305
    endloop
  endfacet
  facet normal 0 0 1
    outer loop
      vertex 34.1097 2.05965 4.305
      vertex 34.0175 1.59622 4.305
      vertex 34.1724 1.55742 4.305
    endloop
  endfacet
  facet normal 0 0 1
    outer loop
      vertex 33.9058 2.08987 4.305
      vertex 34.0175 1.59622 4.305
      vertex 34.1097 2.05965 4.305
    endloop
  endfacet
  facet normal 0 0 1
    outer loop
      vertex 33.9058 2.08987 4.305
      vertex 33.8595 1.61966 4.305
      vertex 34.0175 1.59622 4.305
    endloop
  endfacet
  facet normal 0 0 1
    outer loop
      vertex 33.7 2.09999 4.305
      vertex 33.8595 1.61966 4.305
      vertex 33.9058 2.08987 4.305
    endloop
  endfacet
  facet normal 0 0 1
    outer loop
      vertex 33.7 2.09999 4.305
      vertex 33.7 1.62749 4.305
      vertex 33.8595 1.61966 4.305
    endloop
  endfacet
  facet normal 0 0 1
    outer loop
      vertex 33.7 2.09999 4.305
      vertex 33.5405 1.61966 4.305
      vertex 33.7 1.62749 4.305
    endloop
  endfacet
  facet normal -0 0 1
    outer loop
      vertex 33.4942 2.08987 4.305
      vertex 33.5405 1.61966 4.305
      vertex 33.7 2.09999 4.305
    endloop
  endfacet
  facet normal 0 0 1
    outer loop
      vertex 33.4942 2.08987 4.305
      vertex 33.3825 1.59622 4.305
      vertex 33.5405 1.61966 4.305
    endloop
  endfacet
  facet normal -0 0 1
    outer loop
      vertex 33.2903 2.05965 4.305
      vertex 33.3825 1.59622 4.305
      vertex 33.4942 2.08987 4.305
    endloop
  endfacet
  facet normal 0 0 1
    outer loop
      vertex 33.2903 2.05965 4.305
      vertex 33.2276 1.55742 4.305
      vertex 33.3825 1.59622 4.305
    endloop
  endfacet
  facet normal -0 0 1
    outer loop
      vertex 33.0904 2.00957 4.305
      vertex 33.2276 1.55742 4.305
      vertex 33.2903 2.05965 4.305
    endloop
  endfacet
  facet normal 0 0 1
    outer loop
      vertex 33.0904 2.00957 4.305
      vertex 33.0772 1.5036 4.305
      vertex 33.2276 1.55742 4.305
    endloop
  endfacet
  facet normal -0 0 1
    outer loop
      vertex 32.8964 1.94014 4.305
      vertex 33.0772 1.5036 4.305
      vertex 33.0904 2.00957 4.305
    endloop
  endfacet
  facet normal -0 0 1
    outer loop
      vertex 32.85 1.91821 4.305
      vertex 33.0772 1.5036 4.305
      vertex 32.8964 1.94014 4.305
    endloop
  endfacet
  facet normal 0 0 1
    outer loop
      vertex 33.0772 1.5036 4.305
      vertex 32.85 1.91821 4.305
      vertex 32.9328 1.43532 4.305
    endloop
  endfacet
  facet normal 0 0 1
    outer loop
      vertex 32.9328 1.43532 4.305
      vertex 32.85 1.91821 4.305
      vertex 32.7958 1.35321 4.305
    endloop
  endfacet
  facet normal -0 0 1
    outer loop
      vertex 35.3197 -0.159515 4.305
      vertex 35.3275 -1.3266 4.305
      vertex 35.3275 0 4.305
    endloop
  endfacet
  facet normal -0 0 1
    outer loop
      vertex 35.2962 -0.317505 4.305
      vertex 35.3275 -1.3266 4.305
      vertex 35.3197 -0.159515 4.305
    endloop
  endfacet
  facet normal -0 0 1
    outer loop
      vertex 35.2574 -0.472427 4.305
      vertex 35.3275 -1.3266 4.305
      vertex 35.2962 -0.317505 4.305
    endloop
  endfacet
  facet normal -0 0 1
    outer loop
      vertex 35.2036 -0.622803 4.305
      vertex 35.3275 -1.3266 4.305
      vertex 35.2574 -0.472427 4.305
    endloop
  endfacet
  facet normal -0 0 1
    outer loop
      vertex 35.1353 -0.767197 4.305
      vertex 35.3275 -1.3266 4.305
      vertex 35.2036 -0.622803 4.305
    endloop
  endfacet
  facet normal -0 0 1
    outer loop
      vertex 35.0532 -0.90419 4.305
      vertex 35.3275 -1.3266 4.305
      vertex 35.1353 -0.767197 4.305
    endloop
  endfacet
  facet normal -0 0 1
    outer loop
      vertex 34.9581 -1.03247 4.305
      vertex 35.3275 -1.3266 4.305
      vertex 35.0532 -0.90419 4.305
    endloop
  endfacet
  facet normal 0 0 1
    outer loop
      vertex 35.3275 -1.3266 4.305
      vertex 34.9581 -1.03247 4.305
      vertex 35.1849 -1.48491 4.305
    endloop
  endfacet
  facet normal -0 0 1
    outer loop
      vertex 34.8508 -1.1508 4.305
      vertex 35.1849 -1.48491 4.305
      vertex 34.9581 -1.03247 4.305
    endloop
  endfacet
  facet normal 0 0 1
    outer loop
      vertex 35.1849 -1.48491 4.305
      vertex 34.8508 -1.1508 4.305
      vertex 35.0322 -1.62332 4.305
    endloop
  endfacet
  facet normal -0 0 1
    outer loop
      vertex 34.7325 -1.25807 4.305
      vertex 35.0322 -1.62332 4.305
      vertex 34.8508 -1.1508 4.305
    endloop
  endfacet
  facet normal 0 0 1
    outer loop
      vertex 35.0322 -1.62332 4.305
      vertex 34.7325 -1.25807 4.305
      vertex 34.8667 -1.74608 4.305
    endloop
  endfacet
  facet normal -0 0 1
    outer loop
      vertex 34.6042 -1.35321 4.305
      vertex 34.8667 -1.74608 4.305
      vertex 34.7325 -1.25807 4.305
    endloop
  endfacet
  facet normal 0 0 1
    outer loop
      vertex 34.8667 -1.74608 4.305
      vertex 34.6042 -1.35321 4.305
      vertex 34.6899 -1.85202 4.305
    endloop
  endfacet
  facet normal -0 0 1
    outer loop
      vertex 34.4672 -1.43532 4.305
      vertex 34.6899 -1.85202 4.305
      vertex 34.6042 -1.35321 4.305
    endloop
  endfacet
  facet normal 0 0 1
    outer loop
      vertex 34.6899 -1.85202 4.305
      vertex 34.4672 -1.43532 4.305
      vertex 34.5036 -1.94014 4.305
    endloop
  endfacet
  facet normal -0 0 1
    outer loop
      vertex 34.3228 -1.5036 4.305
      vertex 34.5036 -1.94014 4.305
      vertex 34.4672 -1.43532 4.305
    endloop
  endfacet
  facet normal 0 0 1
    outer loop
      vertex 34.3228 -1.5036 4.305
      vertex 34.3096 -2.00957 4.305
      vertex 34.5036 -1.94014 4.305
    endloop
  endfacet
  facet normal -0 0 1
    outer loop
      vertex 34.1724 -1.55742 4.305
      vertex 34.3096 -2.00957 4.305
      vertex 34.3228 -1.5036 4.305
    endloop
  endfacet
  facet normal 0 0 1
    outer loop
      vertex 34.1724 -1.55742 4.305
      vertex 34.1097 -2.05965 4.305
      vertex 34.3096 -2.00957 4.305
    endloop
  endfacet
  facet normal -0 0 1
    outer loop
      vertex 34.0175 -1.59622 4.305
      vertex 34.1097 -2.05965 4.305
      vertex 34.1724 -1.55742 4.305
    endloop
  endfacet
  facet normal 0 0 1
    outer loop
      vertex 34.0175 -1.59622 4.305
      vertex 33.9058 -2.08987 4.305
      vertex 34.1097 -2.05965 4.305
    endloop
  endfacet
  facet normal -0 0 1
    outer loop
      vertex 33.8595 -1.61966 4.305
      vertex 33.9058 -2.08987 4.305
      vertex 34.0175 -1.59622 4.305
    endloop
  endfacet
  facet normal -0 0 1
    outer loop
      vertex 33.7 -1.62749 4.305
      vertex 33.9058 -2.08987 4.305
      vertex 33.8595 -1.61966 4.305
    endloop
  endfacet
  facet normal 0 0 1
    outer loop
      vertex 33.7 -1.62749 4.305
      vertex 33.7 -2.09999 4.305
      vertex 33.9058 -2.08987 4.305
    endloop
  endfacet
  facet normal 0 0 1
    outer loop
      vertex 33.5405 -1.61966 4.305
      vertex 33.7 -2.09999 4.305
      vertex 33.7 -1.62749 4.305
    endloop
  endfacet
  facet normal 0 0 1
    outer loop
      vertex 33.5405 -1.61966 4.305
      vertex 33.4942 -2.08987 4.305
      vertex 33.7 -2.09999 4.305
    endloop
  endfacet
  facet normal 0 0 1
    outer loop
      vertex 33.3825 -1.59622 4.305
      vertex 33.4942 -2.08987 4.305
      vertex 33.5405 -1.61966 4.305
    endloop
  endfacet
  facet normal 0 0 1
    outer loop
      vertex 33.3825 -1.59622 4.305
      vertex 33.2903 -2.05965 4.305
      vertex 33.4942 -2.08987 4.305
    endloop
  endfacet
  facet normal 0 0 1
    outer loop
      vertex 33.2276 -1.55742 4.305
      vertex 33.2903 -2.05965 4.305
      vertex 33.3825 -1.59622 4.305
    endloop
  endfacet
  facet normal 0 0 1
    outer loop
      vertex 33.2276 -1.55742 4.305
      vertex 33.0904 -2.00957 4.305
      vertex 33.2903 -2.05965 4.305
    endloop
  endfacet
  facet normal 0 0 1
    outer loop
      vertex 33.0772 -1.5036 4.305
      vertex 33.0904 -2.00957 4.305
      vertex 33.2276 -1.55742 4.305
    endloop
  endfacet
  facet normal 0 0 1
    outer loop
      vertex 32.8964 -1.94014 4.305
      vertex 33.0772 -1.5036 4.305
      vertex 32.9328 -1.43532 4.305
    endloop
  endfacet
  facet normal 0 0 1
    outer loop
      vertex 33.0772 -1.5036 4.305
      vertex 32.8964 -1.94014 4.305
      vertex 33.0904 -2.00957 4.305
    endloop
  endfacet
  facet normal 0 0 1
    outer loop
      vertex 32.7101 -1.85202 4.305
      vertex 32.9328 -1.43532 4.305
      vertex 32.7958 -1.35321 4.305
    endloop
  endfacet
  facet normal 0 0 1
    outer loop
      vertex 32.9328 -1.43532 4.305
      vertex 32.7101 -1.85202 4.305
      vertex 32.8964 -1.94014 4.305
    endloop
  endfacet
  facet normal 0 0 1
    outer loop
      vertex 32.5333 -1.74608 4.305
      vertex 32.7958 -1.35321 4.305
      vertex 32.6675 -1.25807 4.305
    endloop
  endfacet
  facet normal 0 0 1
    outer loop
      vertex 32.3678 -1.62332 4.305
      vertex 32.6675 -1.25807 4.305
      vertex 32.5492 -1.1508 4.305
    endloop
  endfacet
  facet normal 0 0 1
    outer loop
      vertex 32.7958 -1.35321 4.305
      vertex 32.5333 -1.74608 4.305
      vertex 32.7101 -1.85202 4.305
    endloop
  endfacet
  facet normal 0 0 1
    outer loop
      vertex 32.2151 -1.48491 4.305
      vertex 32.5492 -1.1508 4.305
      vertex 32.4419 -1.03247 4.305
    endloop
  endfacet
  facet normal 0 0 1
    outer loop
      vertex 32.6675 -1.25807 4.305
      vertex 32.3678 -1.62332 4.305
      vertex 32.5333 -1.74608 4.305
    endloop
  endfacet
  facet normal 0 0 1
    outer loop
      vertex 32.0767 -1.33221 4.305
      vertex 32.4419 -1.03247 4.305
      vertex 32.3468 -0.90419 4.305
    endloop
  endfacet
  facet normal 0 0 1
    outer loop
      vertex 31.9539 -1.16669 4.305
      vertex 32.3468 -0.90419 4.305
      vertex 32.2647 -0.767197 4.305
    endloop
  endfacet
  facet normal 0 0 1
    outer loop
      vertex 32.5492 -1.1508 4.305
      vertex 32.2151 -1.48491 4.305
      vertex 32.3678 -1.62332 4.305
    endloop
  endfacet
  facet normal 0 0 1
    outer loop
      vertex 31.848 -0.989929 4.305
      vertex 32.2647 -0.767197 4.305
      vertex 32.1964 -0.622803 4.305
    endloop
  endfacet
  facet normal 0 0 1
    outer loop
      vertex 31.7599 -0.803635 4.305
      vertex 32.1964 -0.622803 4.305
      vertex 32.1426 -0.472427 4.305
    endloop
  endfacet
  facet normal 0 0 1
    outer loop
      vertex 31.6904 -0.609589 4.305
      vertex 32.1426 -0.472427 4.305
      vertex 32.1038 -0.317505 4.305
    endloop
  endfacet
  facet normal 0 0 1
    outer loop
      vertex 31.6404 -0.409683 4.305
      vertex 32.1038 -0.317505 4.305
      vertex 32.0803 -0.159515 4.305
    endloop
  endfacet
  facet normal 0 0 1
    outer loop
      vertex 32.4419 -1.03247 4.305
      vertex 32.0767 -1.33221 4.305
      vertex 32.2151 -1.48491 4.305
    endloop
  endfacet
  facet normal 0 0 1
    outer loop
      vertex 31.6101 -0.205826 4.305
      vertex 32.0803 -0.159515 4.305
      vertex 32.0725 0 4.305
    endloop
  endfacet
  facet normal 0 0 1
    outer loop
      vertex 32.1964 0.622803 4.305
      vertex 31.7599 0.803635 4.305
      vertex 32.1426 0.472427 4.305
    endloop
  endfacet
  facet normal -0 0 1
    outer loop
      vertex 31.6904 0.609589 4.305
      vertex 32.1426 0.472427 4.305
      vertex 31.7599 0.803635 4.305
    endloop
  endfacet
  facet normal 0 0 1
    outer loop
      vertex 32.1426 0.472427 4.305
      vertex 31.6904 0.609589 4.305
      vertex 32.1038 0.317505 4.305
    endloop
  endfacet
  facet normal 0 0 1
    outer loop
      vertex 32.3468 -0.90419 4.305
      vertex 31.9539 -1.16669 4.305
      vertex 32.0767 -1.33221 4.305
    endloop
  endfacet
  facet normal -0 0 1
    outer loop
      vertex 31.6404 0.409683 4.305
      vertex 32.1038 0.317505 4.305
      vertex 31.6904 0.609589 4.305
    endloop
  endfacet
  facet normal 0 0 1
    outer loop
      vertex 32.2647 -0.767197 4.305
      vertex 31.848 -0.989929 4.305
      vertex 31.9539 -1.16669 4.305
    endloop
  endfacet
  facet normal 0 0 1
    outer loop
      vertex 32.1038 0.317505 4.305
      vertex 31.6404 0.409683 4.305
      vertex 32.0803 0.159515 4.305
    endloop
  endfacet
  facet normal 0 0 1
    outer loop
      vertex 32.1964 -0.622803 4.305
      vertex 31.7599 -0.803635 4.305
      vertex 31.848 -0.989929 4.305
    endloop
  endfacet
  facet normal -0 0 1
    outer loop
      vertex 31.6101 0.205826 4.305
      vertex 32.0803 0.159515 4.305
      vertex 31.6404 0.409683 4.305
    endloop
  endfacet
  facet normal 0 0 1
    outer loop
      vertex 32.1426 -0.472427 4.305
      vertex 31.6904 -0.609589 4.305
      vertex 31.7599 -0.803635 4.305
    endloop
  endfacet
  facet normal 0 0 1
    outer loop
      vertex 32.0803 0.159515 4.305
      vertex 31.6101 0.205826 4.305
      vertex 32.0725 0 4.305
    endloop
  endfacet
  facet normal 0 0 1
    outer loop
      vertex 32.1038 -0.317505 4.305
      vertex 31.6404 -0.409683 4.305
      vertex 31.6904 -0.609589 4.305
    endloop
  endfacet
  facet normal 0 0 1
    outer loop
      vertex 31.6 0 4.305
      vertex 32.0725 0 4.305
      vertex 31.6101 0.205826 4.305
    endloop
  endfacet
  facet normal 0 0 1
    outer loop
      vertex 32.0803 -0.159515 4.305
      vertex 31.6101 -0.205826 4.305
      vertex 31.6404 -0.409683 4.305
    endloop
  endfacet
  facet normal 0 0 1
    outer loop
      vertex 32.0725 0 4.305
      vertex 31.6 0 4.305
      vertex 31.6101 -0.205826 4.305
    endloop
  endfacet
  facet normal 0 1 0
    outer loop
      vertex 35.9 4 6.505
      vertex 35.39 4 4.305
      vertex 35.39 4 6.505
    endloop
  endfacet
  facet normal 0 1 0
    outer loop
      vertex 35.9 4 0
      vertex 34.55 4 4.305
      vertex 35.39 4 4.305
    endloop
  endfacet
  facet normal 0 1 0
    outer loop
      vertex 34.55 4 4.305
      vertex 35.9 4 0
      vertex 32.85 4 4.305
    endloop
  endfacet
  facet normal 0 1 0
    outer loop
      vertex 31.5 4 0
      vertex 32.85 4 4.305
      vertex 35.9 4 0
    endloop
  endfacet
  facet normal 0 1 -0
    outer loop
      vertex 35.9 4 0
      vertex 35.39 4 4.305
      vertex 35.9 4 6.505
    endloop
  endfacet
  facet normal 0 1 -0
    outer loop
      vertex 34.55 4 4.305
      vertex 32.85 4 6.505
      vertex 34.55 4 6.505
    endloop
  endfacet
  facet normal 0 1 0
    outer loop
      vertex 32.85 4 6.505
      vertex 34.55 4 4.305
      vertex 32.85 4 4.305
    endloop
  endfacet
  facet normal 0 1 -0
    outer loop
      vertex 32.01 4 4.305
      vertex 31.5 4 6.505
      vertex 32.01 4 6.505
    endloop
  endfacet
  facet normal 0 1 0
    outer loop
      vertex 32.01 4 4.305
      vertex 31.5 4 0
      vertex 31.5 4 6.505
    endloop
  endfacet
  facet normal 0 1 0
    outer loop
      vertex 32.85 4 4.305
      vertex 31.5 4 0
      vertex 32.01 4 4.305
    endloop
  endfacet
  facet normal -1 0 0
    outer loop
      vertex 31.5 -4 0
      vertex 31.5 4 6.505
      vertex 31.5 4 0
    endloop
  endfacet
  facet normal -1 -0 0
    outer loop
      vertex 31.5 4 6.505
      vertex 31.5 -4 0
      vertex 31.5 -4 6.505
    endloop
  endfacet
  facet normal 0 -1 0
    outer loop
      vertex 31.5 -4 0
      vertex 35.9 -4 6.505
      vertex 31.5 -4 6.505
    endloop
  endfacet
  facet normal 0 -1 -0
    outer loop
      vertex 35.9 -4 6.505
      vertex 31.5 -4 0
      vertex 35.9 -4 0
    endloop
  endfacet
  facet normal 1 -0 0
    outer loop
      vertex 35.9 -4 6.505
      vertex 35.9 4 0
      vertex 35.9 4 6.505
    endloop
  endfacet
  facet normal 1 0 0
    outer loop
      vertex 35.9 4 0
      vertex 35.9 -4 6.505
      vertex 35.9 -4 0
    endloop
  endfacet
  facet normal 0.146743 0.989175 -0
    outer loop
      vertex 33.5405 -1.61966 0
      vertex 33.3825 -1.59622 4.305
      vertex 33.5405 -1.61966 4.305
    endloop
  endfacet
  facet normal 0.146743 0.989175 0
    outer loop
      vertex 33.3825 -1.59622 4.305
      vertex 33.5405 -1.61966 0
      vertex 33.3825 -1.59622 0
    endloop
  endfacet
  facet normal 0.242963 0.970036 -0
    outer loop
      vertex 33.3825 -1.59622 0
      vertex 33.2276 -1.55742 4.305
      vertex 33.3825 -1.59622 4.305
    endloop
  endfacet
  facet normal 0.242963 0.970036 0
    outer loop
      vertex 33.2276 -1.55742 4.305
      vertex 33.3825 -1.59622 0
      vertex 33.2276 -1.55742 0
    endloop
  endfacet
  facet normal 0.33696 0.941519 -0
    outer loop
      vertex 33.2276 -1.55742 0
      vertex 33.0772 -1.5036 4.305
      vertex 33.2276 -1.55742 4.305
    endloop
  endfacet
  facet normal 0.33696 0.941519 0
    outer loop
      vertex 33.0772 -1.5036 4.305
      vertex 33.2276 -1.55742 0
      vertex 33.0772 -1.5036 0
    endloop
  endfacet
  facet normal 0.427503 0.904014 -0
    outer loop
      vertex 33.0772 -1.5036 0
      vertex 32.9328 -1.43532 4.305
      vertex 33.0772 -1.5036 4.305
    endloop
  endfacet
  facet normal 0.427503 0.904014 0
    outer loop
      vertex 32.9328 -1.43532 4.305
      vertex 33.0772 -1.5036 0
      vertex 32.9328 -1.43532 0
    endloop
  endfacet
  facet normal 0.514088 0.857737 -0
    outer loop
      vertex 32.9328 -1.43532 0
      vertex 32.7958 -1.35321 4.305
      vertex 32.9328 -1.43532 4.305
    endloop
  endfacet
  facet normal 0.514088 0.857737 0
    outer loop
      vertex 32.7958 -1.35321 4.305
      vertex 32.9328 -1.43532 0
      vertex 32.7958 -1.35321 0
    endloop
  endfacet
  facet normal 0.595696 0.80321 -0
    outer loop
      vertex 32.7958 -1.35321 0
      vertex 32.6675 -1.25807 4.305
      vertex 32.7958 -1.35321 4.305
    endloop
  endfacet
  facet normal 0.595696 0.80321 0
    outer loop
      vertex 32.6675 -1.25807 4.305
      vertex 32.7958 -1.35321 0
      vertex 32.6675 -1.25807 0
    endloop
  endfacet
  facet normal 0.671626 0.74089 -0
    outer loop
      vertex 32.6675 -1.25807 0
      vertex 32.5492 -1.1508 4.305
      vertex 32.6675 -1.25807 4.305
    endloop
  endfacet
  facet normal 0.671626 0.74089 0
    outer loop
      vertex 32.5492 -1.1508 4.305
      vertex 32.6675 -1.25807 0
      vertex 32.5492 -1.1508 0
    endloop
  endfacet
  facet normal 0.74089 0.671626 0
    outer loop
      vertex 32.5492 -1.1508 4.305
      vertex 32.4419 -1.03247 0
      vertex 32.4419 -1.03247 4.305
    endloop
  endfacet
  facet normal 0.74089 0.671626 0
    outer loop
      vertex 32.4419 -1.03247 0
      vertex 32.5492 -1.1508 4.305
      vertex 32.5492 -1.1508 0
    endloop
  endfacet
  facet normal 0.80321 0.595696 0
    outer loop
      vertex 32.4419 -1.03247 4.305
      vertex 32.3468 -0.90419 0
      vertex 32.3468 -0.90419 4.305
    endloop
  endfacet
  facet normal 0.80321 0.595696 0
    outer loop
      vertex 32.3468 -0.90419 0
      vertex 32.4419 -1.03247 4.305
      vertex 32.4419 -1.03247 0
    endloop
  endfacet
  facet normal 0.857737 0.514088 0
    outer loop
      vertex 32.3468 -0.90419 4.305
      vertex 32.2647 -0.767197 0
      vertex 32.2647 -0.767197 4.305
    endloop
  endfacet
  facet normal 0.857737 0.514088 0
    outer loop
      vertex 32.2647 -0.767197 0
      vertex 32.3468 -0.90419 4.305
      vertex 32.3468 -0.90419 0
    endloop
  endfacet
  facet normal 0.904014 0.427503 0
    outer loop
      vertex 32.2647 -0.767197 4.305
      vertex 32.1964 -0.622803 0
      vertex 32.1964 -0.622803 4.305
    endloop
  endfacet
  facet normal 0.904014 0.427503 0
    outer loop
      vertex 32.1964 -0.622803 0
      vertex 32.2647 -0.767197 4.305
      vertex 32.2647 -0.767197 0
    endloop
  endfacet
  facet normal 0.941519 0.33696 0
    outer loop
      vertex 32.1964 -0.622803 4.305
      vertex 32.1426 -0.472427 0
      vertex 32.1426 -0.472427 4.305
    endloop
  endfacet
  facet normal 0.941519 0.33696 0
    outer loop
      vertex 32.1426 -0.472427 0
      vertex 32.1964 -0.622803 4.305
      vertex 32.1964 -0.622803 0
    endloop
  endfacet
  facet normal 0.970036 0.242963 0
    outer loop
      vertex 32.1426 -0.472427 4.305
      vertex 32.1038 -0.317505 0
      vertex 32.1038 -0.317505 4.305
    endloop
  endfacet
  facet normal 0.970036 0.242963 0
    outer loop
      vertex 32.1038 -0.317505 0
      vertex 32.1426 -0.472427 4.305
      vertex 32.1426 -0.472427 0
    endloop
  endfacet
  facet normal 0.989175 0.146743 0
    outer loop
      vertex 32.1038 -0.317505 4.305
      vertex 32.0803 -0.159515 0
      vertex 32.0803 -0.159515 4.305
    endloop
  endfacet
  facet normal 0.989175 0.146743 0
    outer loop
      vertex 32.0803 -0.159515 0
      vertex 32.1038 -0.317505 4.305
      vertex 32.1038 -0.317505 0
    endloop
  endfacet
  facet normal 0.998798 0.0490131 0
    outer loop
      vertex 32.0803 -0.159515 4.305
      vertex 32.0725 0 0
      vertex 32.0725 0 4.305
    endloop
  endfacet
  facet normal 0.998798 0.0490131 0
    outer loop
      vertex 32.0725 0 0
      vertex 32.0803 -0.159515 4.305
      vertex 32.0803 -0.159515 0
    endloop
  endfacet
  facet normal 0.998798 -0.0490131 0
    outer loop
      vertex 32.0725 0 4.305
      vertex 32.0803 0.159515 0
      vertex 32.0803 0.159515 4.305
    endloop
  endfacet
  facet normal 0.998798 -0.0490131 0
    outer loop
      vertex 32.0803 0.159515 0
      vertex 32.0725 0 4.305
      vertex 32.0725 0 0
    endloop
  endfacet
  facet normal 0.989175 -0.146743 0
    outer loop
      vertex 32.0803 0.159515 4.305
      vertex 32.1038 0.317505 0
      vertex 32.1038 0.317505 4.305
    endloop
  endfacet
  facet normal 0.989175 -0.146743 0
    outer loop
      vertex 32.1038 0.317505 0
      vertex 32.0803 0.159515 4.305
      vertex 32.0803 0.159515 0
    endloop
  endfacet
  facet normal 0.970036 -0.242963 0
    outer loop
      vertex 32.1038 0.317505 4.305
      vertex 32.1426 0.472427 0
      vertex 32.1426 0.472427 4.305
    endloop
  endfacet
  facet normal 0.970036 -0.242963 0
    outer loop
      vertex 32.1426 0.472427 0
      vertex 32.1038 0.317505 4.305
      vertex 32.1038 0.317505 0
    endloop
  endfacet
  facet normal 0.941519 -0.33696 0
    outer loop
      vertex 32.1426 0.472427 4.305
      vertex 32.1964 0.622803 0
      vertex 32.1964 0.622803 4.305
    endloop
  endfacet
  facet normal 0.941519 -0.33696 0
    outer loop
      vertex 32.1964 0.622803 0
      vertex 32.1426 0.472427 4.305
      vertex 32.1426 0.472427 0
    endloop
  endfacet
  facet normal 0.904014 -0.427503 0
    outer loop
      vertex 32.1964 0.622803 4.305
      vertex 32.2647 0.767197 0
      vertex 32.2647 0.767197 4.305
    endloop
  endfacet
  facet normal 0.904014 -0.427503 0
    outer loop
      vertex 32.2647 0.767197 0
      vertex 32.1964 0.622803 4.305
      vertex 32.1964 0.622803 0
    endloop
  endfacet
  facet normal 0.857737 -0.514088 0
    outer loop
      vertex 32.2647 0.767197 4.305
      vertex 32.3468 0.90419 0
      vertex 32.3468 0.90419 4.305
    endloop
  endfacet
  facet normal 0.857737 -0.514088 0
    outer loop
      vertex 32.3468 0.90419 0
      vertex 32.2647 0.767197 4.305
      vertex 32.2647 0.767197 0
    endloop
  endfacet
  facet normal 0.80321 -0.595696 0
    outer loop
      vertex 32.3468 0.90419 4.305
      vertex 32.4419 1.03247 0
      vertex 32.4419 1.03247 4.305
    endloop
  endfacet
  facet normal 0.80321 -0.595696 0
    outer loop
      vertex 32.4419 1.03247 0
      vertex 32.3468 0.90419 4.305
      vertex 32.3468 0.90419 0
    endloop
  endfacet
  facet normal 0.74089 -0.671626 0
    outer loop
      vertex 32.4419 1.03247 4.305
      vertex 32.5492 1.1508 0
      vertex 32.5492 1.1508 4.305
    endloop
  endfacet
  facet normal 0.74089 -0.671626 0
    outer loop
      vertex 32.5492 1.1508 0
      vertex 32.4419 1.03247 4.305
      vertex 32.4419 1.03247 0
    endloop
  endfacet
  facet normal 0.671626 -0.74089 0
    outer loop
      vertex 32.5492 1.1508 0
      vertex 32.6675 1.25807 4.305
      vertex 32.5492 1.1508 4.305
    endloop
  endfacet
  facet normal 0.671626 -0.74089 0
    outer loop
      vertex 32.6675 1.25807 4.305
      vertex 32.5492 1.1508 0
      vertex 32.6675 1.25807 0
    endloop
  endfacet
  facet normal 0.595696 -0.80321 0
    outer loop
      vertex 32.6675 1.25807 0
      vertex 32.7958 1.35321 4.305
      vertex 32.6675 1.25807 4.305
    endloop
  endfacet
  facet normal 0.595696 -0.80321 0
    outer loop
      vertex 32.7958 1.35321 4.305
      vertex 32.6675 1.25807 0
      vertex 32.7958 1.35321 0
    endloop
  endfacet
  facet normal 0.514088 -0.857737 0
    outer loop
      vertex 32.7958 1.35321 0
      vertex 32.9328 1.43532 4.305
      vertex 32.7958 1.35321 4.305
    endloop
  endfacet
  facet normal 0.514088 -0.857737 0
    outer loop
      vertex 32.9328 1.43532 4.305
      vertex 32.7958 1.35321 0
      vertex 32.9328 1.43532 0
    endloop
  endfacet
  facet normal 0.427503 -0.904014 0
    outer loop
      vertex 32.9328 1.43532 0
      vertex 33.0772 1.5036 4.305
      vertex 32.9328 1.43532 4.305
    endloop
  endfacet
  facet normal 0.427503 -0.904014 0
    outer loop
      vertex 33.0772 1.5036 4.305
      vertex 32.9328 1.43532 0
      vertex 33.0772 1.5036 0
    endloop
  endfacet
  facet normal 0.33696 -0.941519 0
    outer loop
      vertex 33.0772 1.5036 0
      vertex 33.2276 1.55742 4.305
      vertex 33.0772 1.5036 4.305
    endloop
  endfacet
  facet normal 0.33696 -0.941519 0
    outer loop
      vertex 33.2276 1.55742 4.305
      vertex 33.0772 1.5036 0
      vertex 33.2276 1.55742 0
    endloop
  endfacet
  facet normal 0.242963 -0.970036 0
    outer loop
      vertex 33.2276 1.55742 0
      vertex 33.3825 1.59622 4.305
      vertex 33.2276 1.55742 4.305
    endloop
  endfacet
  facet normal 0.242963 -0.970036 0
    outer loop
      vertex 33.3825 1.59622 4.305
      vertex 33.2276 1.55742 0
      vertex 33.3825 1.59622 0
    endloop
  endfacet
  facet normal 0.146743 -0.989175 0
    outer loop
      vertex 33.3825 1.59622 0
      vertex 33.5405 1.61966 4.305
      vertex 33.3825 1.59622 4.305
    endloop
  endfacet
  facet normal 0.146743 -0.989175 0
    outer loop
      vertex 33.5405 1.61966 4.305
      vertex 33.3825 1.59622 0
      vertex 33.5405 1.61966 0
    endloop
  endfacet
  facet normal 0.0490131 -0.998798 0
    outer loop
      vertex 33.5405 1.61966 0
      vertex 33.7 1.62749 4.305
      vertex 33.5405 1.61966 4.305
    endloop
  endfacet
  facet normal 0.0490131 -0.998798 0
    outer loop
      vertex 33.7 1.62749 4.305
      vertex 33.5405 1.61966 0
      vertex 33.7 1.62749 0
    endloop
  endfacet
  facet normal -0.0490131 -0.998798 0
    outer loop
      vertex 33.7 1.62749 0
      vertex 33.8595 1.61966 4.305
      vertex 33.7 1.62749 4.305
    endloop
  endfacet
  facet normal -0.0490131 -0.998798 -0
    outer loop
      vertex 33.8595 1.61966 4.305
      vertex 33.7 1.62749 0
      vertex 33.8595 1.61966 0
    endloop
  endfacet
  facet normal -0.146743 -0.989175 0
    outer loop
      vertex 33.8595 1.61966 0
      vertex 34.0175 1.59622 4.305
      vertex 33.8595 1.61966 4.305
    endloop
  endfacet
  facet normal -0.146743 -0.989175 -0
    outer loop
      vertex 34.0175 1.59622 4.305
      vertex 33.8595 1.61966 0
      vertex 34.0175 1.59622 0
    endloop
  endfacet
  facet normal -0.242963 -0.970036 0
    outer loop
      vertex 34.0175 1.59622 0
      vertex 34.1724 1.55742 4.305
      vertex 34.0175 1.59622 4.305
    endloop
  endfacet
  facet normal -0.242963 -0.970036 -0
    outer loop
      vertex 34.1724 1.55742 4.305
      vertex 34.0175 1.59622 0
      vertex 34.1724 1.55742 0
    endloop
  endfacet
  facet normal -0.33696 -0.941519 0
    outer loop
      vertex 34.1724 1.55742 0
      vertex 34.3228 1.5036 4.305
      vertex 34.1724 1.55742 4.305
    endloop
  endfacet
  facet normal -0.33696 -0.941519 -0
    outer loop
      vertex 34.3228 1.5036 4.305
      vertex 34.1724 1.55742 0
      vertex 34.3228 1.5036 0
    endloop
  endfacet
  facet normal -0.427503 -0.904014 0
    outer loop
      vertex 34.3228 1.5036 0
      vertex 34.4672 1.43532 4.305
      vertex 34.3228 1.5036 4.305
    endloop
  endfacet
  facet normal -0.427503 -0.904014 -0
    outer loop
      vertex 34.4672 1.43532 4.305
      vertex 34.3228 1.5036 0
      vertex 34.4672 1.43532 0
    endloop
  endfacet
  facet normal -0.514088 -0.857737 0
    outer loop
      vertex 34.4672 1.43532 0
      vertex 34.6042 1.35321 4.305
      vertex 34.4672 1.43532 4.305
    endloop
  endfacet
  facet normal -0.514088 -0.857737 -0
    outer loop
      vertex 34.6042 1.35321 4.305
      vertex 34.4672 1.43532 0
      vertex 34.6042 1.35321 0
    endloop
  endfacet
  facet normal -0.595696 -0.80321 0
    outer loop
      vertex 34.6042 1.35321 0
      vertex 34.7325 1.25807 4.305
      vertex 34.6042 1.35321 4.305
    endloop
  endfacet
  facet normal -0.595696 -0.80321 -0
    outer loop
      vertex 34.7325 1.25807 4.305
      vertex 34.6042 1.35321 0
      vertex 34.7325 1.25807 0
    endloop
  endfacet
  facet normal -0.671626 -0.74089 0
    outer loop
      vertex 34.7325 1.25807 0
      vertex 34.8508 1.1508 4.305
      vertex 34.7325 1.25807 4.305
    endloop
  endfacet
  facet normal -0.671626 -0.74089 -0
    outer loop
      vertex 34.8508 1.1508 4.305
      vertex 34.7325 1.25807 0
      vertex 34.8508 1.1508 0
    endloop
  endfacet
  facet normal -0.74089 -0.671626 0
    outer loop
      vertex 34.9581 1.03247 0
      vertex 34.8508 1.1508 4.305
      vertex 34.8508 1.1508 0
    endloop
  endfacet
  facet normal -0.74089 -0.671626 0
    outer loop
      vertex 34.8508 1.1508 4.305
      vertex 34.9581 1.03247 0
      vertex 34.9581 1.03247 4.305
    endloop
  endfacet
  facet normal -0.80321 -0.595696 0
    outer loop
      vertex 35.0532 0.90419 0
      vertex 34.9581 1.03247 4.305
      vertex 34.9581 1.03247 0
    endloop
  endfacet
  facet normal -0.80321 -0.595696 0
    outer loop
      vertex 34.9581 1.03247 4.305
      vertex 35.0532 0.90419 0
      vertex 35.0532 0.90419 4.305
    endloop
  endfacet
  facet normal -0.857737 -0.514088 0
    outer loop
      vertex 35.1353 0.767197 0
      vertex 35.0532 0.90419 4.305
      vertex 35.0532 0.90419 0
    endloop
  endfacet
  facet normal -0.857737 -0.514088 0
    outer loop
      vertex 35.0532 0.90419 4.305
      vertex 35.1353 0.767197 0
      vertex 35.1353 0.767197 4.305
    endloop
  endfacet
  facet normal -0.904014 -0.427503 0
    outer loop
      vertex 35.2036 0.622803 0
      vertex 35.1353 0.767197 4.305
      vertex 35.1353 0.767197 0
    endloop
  endfacet
  facet normal -0.904014 -0.427503 0
    outer loop
      vertex 35.1353 0.767197 4.305
      vertex 35.2036 0.622803 0
      vertex 35.2036 0.622803 4.305
    endloop
  endfacet
  facet normal -0.941519 -0.33696 0
    outer loop
      vertex 35.2574 0.472427 0
      vertex 35.2036 0.622803 4.305
      vertex 35.2036 0.622803 0
    endloop
  endfacet
  facet normal -0.941519 -0.33696 0
    outer loop
      vertex 35.2036 0.622803 4.305
      vertex 35.2574 0.472427 0
      vertex 35.2574 0.472427 4.305
    endloop
  endfacet
  facet normal -0.970036 -0.242963 0
    outer loop
      vertex 35.2962 0.317505 0
      vertex 35.2574 0.472427 4.305
      vertex 35.2574 0.472427 0
    endloop
  endfacet
  facet normal -0.970036 -0.242963 0
    outer loop
      vertex 35.2574 0.472427 4.305
      vertex 35.2962 0.317505 0
      vertex 35.2962 0.317505 4.305
    endloop
  endfacet
  facet normal -0.989175 -0.146743 0
    outer loop
      vertex 35.3197 0.159515 0
      vertex 35.2962 0.317505 4.305
      vertex 35.2962 0.317505 0
    endloop
  endfacet
  facet normal -0.989175 -0.146743 0
    outer loop
      vertex 35.2962 0.317505 4.305
      vertex 35.3197 0.159515 0
      vertex 35.3197 0.159515 4.305
    endloop
  endfacet
  facet normal -0.998798 -0.0490131 0
    outer loop
      vertex 35.3275 0 0
      vertex 35.3197 0.159515 4.305
      vertex 35.3197 0.159515 0
    endloop
  endfacet
  facet normal -0.998798 -0.0490131 0
    outer loop
      vertex 35.3197 0.159515 4.305
      vertex 35.3275 0 0
      vertex 35.3275 0 4.305
    endloop
  endfacet
  facet normal -0.998798 0.0490131 0
    outer loop
      vertex 35.3197 -0.159515 0
      vertex 35.3275 0 4.305
      vertex 35.3275 0 0
    endloop
  endfacet
  facet normal -0.998798 0.0490131 0
    outer loop
      vertex 35.3275 0 4.305
      vertex 35.3197 -0.159515 0
      vertex 35.3197 -0.159515 4.305
    endloop
  endfacet
  facet normal -0.989175 0.146743 0
    outer loop
      vertex 35.2962 -0.317505 0
      vertex 35.3197 -0.159515 4.305
      vertex 35.3197 -0.159515 0
    endloop
  endfacet
  facet normal -0.989175 0.146743 0
    outer loop
      vertex 35.3197 -0.159515 4.305
      vertex 35.2962 -0.317505 0
      vertex 35.2962 -0.317505 4.305
    endloop
  endfacet
  facet normal -0.970036 0.242963 0
    outer loop
      vertex 35.2574 -0.472427 0
      vertex 35.2962 -0.317505 4.305
      vertex 35.2962 -0.317505 0
    endloop
  endfacet
  facet normal -0.970036 0.242963 0
    outer loop
      vertex 35.2962 -0.317505 4.305
      vertex 35.2574 -0.472427 0
      vertex 35.2574 -0.472427 4.305
    endloop
  endfacet
  facet normal -0.941519 0.33696 0
    outer loop
      vertex 35.2036 -0.622803 0
      vertex 35.2574 -0.472427 4.305
      vertex 35.2574 -0.472427 0
    endloop
  endfacet
  facet normal -0.941519 0.33696 0
    outer loop
      vertex 35.2574 -0.472427 4.305
      vertex 35.2036 -0.622803 0
      vertex 35.2036 -0.622803 4.305
    endloop
  endfacet
  facet normal -0.904014 0.427503 0
    outer loop
      vertex 35.1353 -0.767197 0
      vertex 35.2036 -0.622803 4.305
      vertex 35.2036 -0.622803 0
    endloop
  endfacet
  facet normal -0.904014 0.427503 0
    outer loop
      vertex 35.2036 -0.622803 4.305
      vertex 35.1353 -0.767197 0
      vertex 35.1353 -0.767197 4.305
    endloop
  endfacet
  facet normal -0.857737 0.514088 0
    outer loop
      vertex 35.0532 -0.90419 0
      vertex 35.1353 -0.767197 4.305
      vertex 35.1353 -0.767197 0
    endloop
  endfacet
  facet normal -0.857737 0.514088 0
    outer loop
      vertex 35.1353 -0.767197 4.305
      vertex 35.0532 -0.90419 0
      vertex 35.0532 -0.90419 4.305
    endloop
  endfacet
  facet normal -0.80321 0.595696 0
    outer loop
      vertex 34.9581 -1.03247 0
      vertex 35.0532 -0.90419 4.305
      vertex 35.0532 -0.90419 0
    endloop
  endfacet
  facet normal -0.80321 0.595696 0
    outer loop
      vertex 35.0532 -0.90419 4.305
      vertex 34.9581 -1.03247 0
      vertex 34.9581 -1.03247 4.305
    endloop
  endfacet
  facet normal -0.74089 0.671626 0
    outer loop
      vertex 34.8508 -1.1508 0
      vertex 34.9581 -1.03247 4.305
      vertex 34.9581 -1.03247 0
    endloop
  endfacet
  facet normal -0.74089 0.671626 0
    outer loop
      vertex 34.9581 -1.03247 4.305
      vertex 34.8508 -1.1508 0
      vertex 34.8508 -1.1508 4.305
    endloop
  endfacet
  facet normal -0.671626 0.74089 0
    outer loop
      vertex 34.8508 -1.1508 0
      vertex 34.7325 -1.25807 4.305
      vertex 34.8508 -1.1508 4.305
    endloop
  endfacet
  facet normal -0.671626 0.74089 0
    outer loop
      vertex 34.7325 -1.25807 4.305
      vertex 34.8508 -1.1508 0
      vertex 34.7325 -1.25807 0
    endloop
  endfacet
  facet normal -0.595696 0.80321 0
    outer loop
      vertex 34.7325 -1.25807 0
      vertex 34.6042 -1.35321 4.305
      vertex 34.7325 -1.25807 4.305
    endloop
  endfacet
  facet normal -0.595696 0.80321 0
    outer loop
      vertex 34.6042 -1.35321 4.305
      vertex 34.7325 -1.25807 0
      vertex 34.6042 -1.35321 0
    endloop
  endfacet
  facet normal -0.514088 0.857737 0
    outer loop
      vertex 34.6042 -1.35321 0
      vertex 34.4672 -1.43532 4.305
      vertex 34.6042 -1.35321 4.305
    endloop
  endfacet
  facet normal -0.514088 0.857737 0
    outer loop
      vertex 34.4672 -1.43532 4.305
      vertex 34.6042 -1.35321 0
      vertex 34.4672 -1.43532 0
    endloop
  endfacet
  facet normal -0.427503 0.904014 0
    outer loop
      vertex 34.4672 -1.43532 0
      vertex 34.3228 -1.5036 4.305
      vertex 34.4672 -1.43532 4.305
    endloop
  endfacet
  facet normal -0.427503 0.904014 0
    outer loop
      vertex 34.3228 -1.5036 4.305
      vertex 34.4672 -1.43532 0
      vertex 34.3228 -1.5036 0
    endloop
  endfacet
  facet normal -0.33696 0.941519 0
    outer loop
      vertex 34.3228 -1.5036 0
      vertex 34.1724 -1.55742 4.305
      vertex 34.3228 -1.5036 4.305
    endloop
  endfacet
  facet normal -0.33696 0.941519 0
    outer loop
      vertex 34.1724 -1.55742 4.305
      vertex 34.3228 -1.5036 0
      vertex 34.1724 -1.55742 0
    endloop
  endfacet
  facet normal -0.242963 0.970036 0
    outer loop
      vertex 34.1724 -1.55742 0
      vertex 34.0175 -1.59622 4.305
      vertex 34.1724 -1.55742 4.305
    endloop
  endfacet
  facet normal -0.242963 0.970036 0
    outer loop
      vertex 34.0175 -1.59622 4.305
      vertex 34.1724 -1.55742 0
      vertex 34.0175 -1.59622 0
    endloop
  endfacet
  facet normal -0.146743 0.989175 0
    outer loop
      vertex 34.0175 -1.59622 0
      vertex 33.8595 -1.61966 4.305
      vertex 34.0175 -1.59622 4.305
    endloop
  endfacet
  facet normal -0.146743 0.989175 0
    outer loop
      vertex 33.8595 -1.61966 4.305
      vertex 34.0175 -1.59622 0
      vertex 33.8595 -1.61966 0
    endloop
  endfacet
  facet normal -0.0490131 0.998798 0
    outer loop
      vertex 33.8595 -1.61966 0
      vertex 33.7 -1.62749 4.305
      vertex 33.8595 -1.61966 4.305
    endloop
  endfacet
  facet normal -0.0490131 0.998798 0
    outer loop
      vertex 33.7 -1.62749 4.305
      vertex 33.8595 -1.61966 0
      vertex 33.7 -1.62749 0
    endloop
  endfacet
  facet normal 0.0490131 0.998798 -0
    outer loop
      vertex 33.7 -1.62749 0
      vertex 33.5405 -1.61966 4.305
      vertex 33.7 -1.62749 4.305
    endloop
  endfacet
  facet normal 0.0490131 0.998798 0
    outer loop
      vertex 33.5405 -1.61966 4.305
      vertex 33.7 -1.62749 0
      vertex 33.5405 -1.61966 0
    endloop
  endfacet
  facet normal -0 0 1
    outer loop
      vertex 31.5 4 6.505
      vertex 32.01 1.24232 6.505
      vertex 32.01 4 6.505
    endloop
  endfacet
  facet normal 0 0 1
    outer loop
      vertex 32.01 1.24232 6.505
      vertex 31.5 4 6.505
      vertex 31.9539 1.16669 6.505
    endloop
  endfacet
  facet normal 0 0 1
    outer loop
      vertex 31.9539 1.16669 6.505
      vertex 31.5 4 6.505
      vertex 31.848 0.989929 6.505
    endloop
  endfacet
  facet normal 0 0 1
    outer loop
      vertex 31.848 0.989929 6.505
      vertex 31.5 4 6.505
      vertex 31.7599 0.803635 6.505
    endloop
  endfacet
  facet normal 0 0 1
    outer loop
      vertex 31.7599 0.803635 6.505
      vertex 31.5 4 6.505
      vertex 31.6904 0.609589 6.505
    endloop
  endfacet
  facet normal 0 0 1
    outer loop
      vertex 31.6904 0.609589 6.505
      vertex 31.5 4 6.505
      vertex 31.6404 0.409683 6.505
    endloop
  endfacet
  facet normal 0 0 1
    outer loop
      vertex 31.6101 0.205826 6.505
      vertex 31.5 4 6.505
      vertex 31.6 0 6.505
    endloop
  endfacet
  facet normal 0 0 1
    outer loop
      vertex 31.6404 0.409683 6.505
      vertex 31.5 4 6.505
      vertex 31.6101 0.205826 6.505
    endloop
  endfacet
  facet normal 0 0 1
    outer loop
      vertex 35.39 0 6.505
      vertex 35.9 4 6.505
      vertex 35.39 4 6.505
    endloop
  endfacet
  facet normal 0 0 1
    outer loop
      vertex 35.9 4 6.505
      vertex 35.39 0 6.505
      vertex 35.9 -4 6.505
    endloop
  endfacet
  facet normal 0 0 1
    outer loop
      vertex 35.3275 -1.3266 6.505
      vertex 35.39 0 6.505
      vertex 35.3275 0 6.505
    endloop
  endfacet
  facet normal 0 0 1
    outer loop
      vertex 35.39 0 6.505
      vertex 35.3275 -1.3266 6.505
      vertex 35.9 -4 6.505
    endloop
  endfacet
  facet normal -0 0 1
    outer loop
      vertex 35.1849 -1.48491 6.505
      vertex 35.9 -4 6.505
      vertex 35.3275 -1.3266 6.505
    endloop
  endfacet
  facet normal -0 0 1
    outer loop
      vertex 35.0322 -1.62332 6.505
      vertex 35.9 -4 6.505
      vertex 35.1849 -1.48491 6.505
    endloop
  endfacet
  facet normal -0 0 1
    outer loop
      vertex 34.8667 -1.74608 6.505
      vertex 35.9 -4 6.505
      vertex 35.0322 -1.62332 6.505
    endloop
  endfacet
  facet normal -0 0 1
    outer loop
      vertex 34.6899 -1.85202 6.505
      vertex 35.9 -4 6.505
      vertex 34.8667 -1.74608 6.505
    endloop
  endfacet
  facet normal -0 0 1
    outer loop
      vertex 34.5036 -1.94014 6.505
      vertex 35.9 -4 6.505
      vertex 34.6899 -1.85202 6.505
    endloop
  endfacet
  facet normal -0 0 1
    outer loop
      vertex 34.3096 -2.00957 6.505
      vertex 35.9 -4 6.505
      vertex 34.5036 -1.94014 6.505
    endloop
  endfacet
  facet normal -0 0 1
    outer loop
      vertex 34.1097 -2.05965 6.505
      vertex 35.9 -4 6.505
      vertex 34.3096 -2.00957 6.505
    endloop
  endfacet
  facet normal -0 0 1
    outer loop
      vertex 33.9058 -2.08987 6.505
      vertex 35.9 -4 6.505
      vertex 34.1097 -2.05965 6.505
    endloop
  endfacet
  facet normal -0 0 1
    outer loop
      vertex 33.7 -2.09999 6.505
      vertex 35.9 -4 6.505
      vertex 33.9058 -2.08987 6.505
    endloop
  endfacet
  facet normal 0 0 1
    outer loop
      vertex 31.5 -4 6.505
      vertex 33.7 -2.09999 6.505
      vertex 33.4942 -2.08987 6.505
    endloop
  endfacet
  facet normal 0 0 1
    outer loop
      vertex 31.5 -4 6.505
      vertex 33.4942 -2.08987 6.505
      vertex 33.2903 -2.05965 6.505
    endloop
  endfacet
  facet normal 0 0 1
    outer loop
      vertex 31.5 -4 6.505
      vertex 33.2903 -2.05965 6.505
      vertex 33.0904 -2.00957 6.505
    endloop
  endfacet
  facet normal 0 0 1
    outer loop
      vertex 31.5 -4 6.505
      vertex 33.0904 -2.00957 6.505
      vertex 32.8964 -1.94014 6.505
    endloop
  endfacet
  facet normal 0 0 1
    outer loop
      vertex 31.5 -4 6.505
      vertex 32.8964 -1.94014 6.505
      vertex 32.7101 -1.85202 6.505
    endloop
  endfacet
  facet normal 0 0 1
    outer loop
      vertex 31.5 -4 6.505
      vertex 32.7101 -1.85202 6.505
      vertex 32.5333 -1.74608 6.505
    endloop
  endfacet
  facet normal 0 0 1
    outer loop
      vertex 33.7 -2.09999 6.505
      vertex 31.5 -4 6.505
      vertex 35.9 -4 6.505
    endloop
  endfacet
  facet normal 0 0 1
    outer loop
      vertex 32.3678 -1.62332 6.505
      vertex 31.5 -4 6.505
      vertex 32.5333 -1.74608 6.505
    endloop
  endfacet
  facet normal 0 0 1
    outer loop
      vertex 32.2151 -1.48491 6.505
      vertex 31.5 -4 6.505
      vertex 32.3678 -1.62332 6.505
    endloop
  endfacet
  facet normal 0 0 1
    outer loop
      vertex 32.0767 -1.33221 6.505
      vertex 31.5 -4 6.505
      vertex 32.2151 -1.48491 6.505
    endloop
  endfacet
  facet normal 0 0 1
    outer loop
      vertex 31.9539 -1.16669 6.505
      vertex 31.5 -4 6.505
      vertex 32.0767 -1.33221 6.505
    endloop
  endfacet
  facet normal 0 0 1
    outer loop
      vertex 31.848 -0.989929 6.505
      vertex 31.5 -4 6.505
      vertex 31.9539 -1.16669 6.505
    endloop
  endfacet
  facet normal 0 0 1
    outer loop
      vertex 31.7599 -0.803635 6.505
      vertex 31.5 -4 6.505
      vertex 31.848 -0.989929 6.505
    endloop
  endfacet
  facet normal 0 0 1
    outer loop
      vertex 31.6904 -0.609589 6.505
      vertex 31.5 -4 6.505
      vertex 31.7599 -0.803635 6.505
    endloop
  endfacet
  facet normal 0 0 1
    outer loop
      vertex 31.6404 -0.409683 6.505
      vertex 31.5 -4 6.505
      vertex 31.6904 -0.609589 6.505
    endloop
  endfacet
  facet normal 0 0 1
    outer loop
      vertex 31.6101 -0.205826 6.505
      vertex 31.5 -4 6.505
      vertex 31.6404 -0.409683 6.505
    endloop
  endfacet
  facet normal 0 0 1
    outer loop
      vertex 31.6 0 6.505
      vertex 31.5 -4 6.505
      vertex 31.6101 -0.205826 6.505
    endloop
  endfacet
  facet normal 0 0 1
    outer loop
      vertex 31.5 -4 6.505
      vertex 31.6 0 6.505
      vertex 31.5 4 6.505
    endloop
  endfacet
  facet normal 0 0 1
    outer loop
      vertex 34.55 4 6.505
      vertex 34.5036 1.94014 6.505
      vertex 34.55 1.91821 6.505
    endloop
  endfacet
  facet normal 0 0 1
    outer loop
      vertex 34.55 4 6.505
      vertex 34.3096 2.00957 6.505
      vertex 34.5036 1.94014 6.505
    endloop
  endfacet
  facet normal 0 0 1
    outer loop
      vertex 34.55 4 6.505
      vertex 34.1097 2.05965 6.505
      vertex 34.3096 2.00957 6.505
    endloop
  endfacet
  facet normal 0 0 1
    outer loop
      vertex 34.55 4 6.505
      vertex 33.9058 2.08987 6.505
      vertex 34.1097 2.05965 6.505
    endloop
  endfacet
  facet normal 0 0 1
    outer loop
      vertex 34.55 4 6.505
      vertex 33.7 2.09999 6.505
      vertex 33.9058 2.08987 6.505
    endloop
  endfacet
  facet normal -0 0 1
    outer loop
      vertex 32.85 4 6.505
      vertex 33.7 2.09999 6.505
      vertex 34.55 4 6.505
    endloop
  endfacet
  facet normal 0 0 1
    outer loop
      vertex 33.7 2.09999 6.505
      vertex 32.85 4 6.505
      vertex 33.4942 2.08987 6.505
    endloop
  endfacet
  facet normal 0 0 1
    outer loop
      vertex 33.4942 2.08987 6.505
      vertex 32.85 4 6.505
      vertex 33.2903 2.05965 6.505
    endloop
  endfacet
  facet normal 0 0 1
    outer loop
      vertex 33.2903 2.05965 6.505
      vertex 32.85 4 6.505
      vertex 33.0904 2.00957 6.505
    endloop
  endfacet
  facet normal 0 0 1
    outer loop
      vertex 33.0904 2.00957 6.505
      vertex 32.85 4 6.505
      vertex 32.8964 1.94014 6.505
    endloop
  endfacet
  facet normal 0 0 1
    outer loop
      vertex 32.8964 1.94014 6.505
      vertex 32.85 4 6.505
      vertex 32.85 1.91821 6.505
    endloop
  endfacet
  facet normal -1 0 0
    outer loop
      vertex 35.39 0 4.305
      vertex 35.39 4 6.505
      vertex 35.39 4 4.305
    endloop
  endfacet
  facet normal -1 -0 0
    outer loop
      vertex 35.39 4 6.505
      vertex 35.39 0 4.305
      vertex 35.39 0 6.505
    endloop
  endfacet
  facet normal 0 1 -0
    outer loop
      vertex 35.39 0 4.305
      vertex 35.3275 0 6.505
      vertex 35.39 0 6.505
    endloop
  endfacet
  facet normal 0 1 0
    outer loop
      vertex 35.3275 0 6.505
      vertex 35.39 0 4.305
      vertex 35.3275 0 4.305
    endloop
  endfacet
  facet normal -1 0 0
    outer loop
      vertex 35.3275 -1.3266 4.305
      vertex 35.3275 0 6.505
      vertex 35.3275 0 4.305
    endloop
  endfacet
  facet normal -1 -0 0
    outer loop
      vertex 35.3275 0 6.505
      vertex 35.3275 -1.3266 4.305
      vertex 35.3275 -1.3266 6.505
    endloop
  endfacet
  facet normal -0.743063 0.669222 0
    outer loop
      vertex 35.1849 -1.48491 4.305
      vertex 35.3275 -1.3266 6.505
      vertex 35.3275 -1.3266 4.305
    endloop
  endfacet
  facet normal -0.743063 0.669222 0
    outer loop
      vertex 35.3275 -1.3266 6.505
      vertex 35.1849 -1.48491 4.305
      vertex 35.1849 -1.48491 6.505
    endloop
  endfacet
  facet normal -0.671607 0.740908 0
    outer loop
      vertex 35.1849 -1.48491 4.305
      vertex 35.0322 -1.62332 6.505
      vertex 35.1849 -1.48491 6.505
    endloop
  endfacet
  facet normal -0.671607 0.740908 0
    outer loop
      vertex 35.0322 -1.62332 6.505
      vertex 35.1849 -1.48491 4.305
      vertex 35.0322 -1.62332 4.305
    endloop
  endfacet
  facet normal -0.595679 0.803223 0
    outer loop
      vertex 35.0322 -1.62332 4.305
      vertex 34.8667 -1.74608 6.505
      vertex 35.0322 -1.62332 6.505
    endloop
  endfacet
  facet normal -0.595679 0.803223 0
    outer loop
      vertex 34.8667 -1.74608 6.505
      vertex 35.0322 -1.62332 4.305
      vertex 34.8667 -1.74608 4.305
    endloop
  endfacet
  facet normal -0.514093 0.857735 0
    outer loop
      vertex 34.8667 -1.74608 4.305
      vertex 34.6899 -1.85202 6.505
      vertex 34.8667 -1.74608 6.505
    endloop
  endfacet
  facet normal -0.514093 0.857735 0
    outer loop
      vertex 34.6899 -1.85202 6.505
      vertex 34.8667 -1.74608 4.305
      vertex 34.6899 -1.85202 4.305
    endloop
  endfacet
  facet normal -0.42759 0.903973 0
    outer loop
      vertex 34.6899 -1.85202 4.305
      vertex 34.5036 -1.94014 6.505
      vertex 34.6899 -1.85202 6.505
    endloop
  endfacet
  facet normal -0.42759 0.903973 0
    outer loop
      vertex 34.5036 -1.94014 6.505
      vertex 34.6899 -1.85202 4.305
      vertex 34.5036 -1.94014 4.305
    endloop
  endfacet
  facet normal -0.336876 0.941549 0
    outer loop
      vertex 34.5036 -1.94014 4.305
      vertex 34.3096 -2.00957 6.505
      vertex 34.5036 -1.94014 6.505
    endloop
  endfacet
  facet normal -0.336876 0.941549 0
    outer loop
      vertex 34.3096 -2.00957 6.505
      vertex 34.5036 -1.94014 4.305
      vertex 34.3096 -2.00957 4.305
    endloop
  endfacet
  facet normal -0.243006 0.970025 0
    outer loop
      vertex 34.3096 -2.00957 4.305
      vertex 34.1097 -2.05965 6.505
      vertex 34.3096 -2.00957 6.505
    endloop
  endfacet
  facet normal -0.243006 0.970025 0
    outer loop
      vertex 34.1097 -2.05965 6.505
      vertex 34.3096 -2.00957 4.305
      vertex 34.1097 -2.05965 4.305
    endloop
  endfacet
  facet normal -0.146675 0.989185 0
    outer loop
      vertex 34.1097 -2.05965 4.305
      vertex 33.9058 -2.08987 6.505
      vertex 34.1097 -2.05965 6.505
    endloop
  endfacet
  facet normal -0.146675 0.989185 0
    outer loop
      vertex 33.9058 -2.08987 6.505
      vertex 34.1097 -2.05965 4.305
      vertex 33.9058 -2.08987 4.305
    endloop
  endfacet
  facet normal -0.0490919 0.998794 0
    outer loop
      vertex 33.9058 -2.08987 4.305
      vertex 33.7 -2.09999 6.505
      vertex 33.9058 -2.08987 6.505
    endloop
  endfacet
  facet normal -0.0490919 0.998794 0
    outer loop
      vertex 33.7 -2.09999 6.505
      vertex 33.9058 -2.08987 4.305
      vertex 33.7 -2.09999 4.305
    endloop
  endfacet
  facet normal 0.0490919 0.998794 -0
    outer loop
      vertex 33.7 -2.09999 4.305
      vertex 33.4942 -2.08987 6.505
      vertex 33.7 -2.09999 6.505
    endloop
  endfacet
  facet normal 0.0490919 0.998794 0
    outer loop
      vertex 33.4942 -2.08987 6.505
      vertex 33.7 -2.09999 4.305
      vertex 33.4942 -2.08987 4.305
    endloop
  endfacet
  facet normal 0.146675 0.989185 -0
    outer loop
      vertex 33.4942 -2.08987 4.305
      vertex 33.2903 -2.05965 6.505
      vertex 33.4942 -2.08987 6.505
    endloop
  endfacet
  facet normal 0.146675 0.989185 0
    outer loop
      vertex 33.2903 -2.05965 6.505
      vertex 33.4942 -2.08987 4.305
      vertex 33.2903 -2.05965 4.305
    endloop
  endfacet
  facet normal 0.243006 0.970025 -0
    outer loop
      vertex 33.2903 -2.05965 4.305
      vertex 33.0904 -2.00957 6.505
      vertex 33.2903 -2.05965 6.505
    endloop
  endfacet
  facet normal 0.243006 0.970025 0
    outer loop
      vertex 33.0904 -2.00957 6.505
      vertex 33.2903 -2.05965 4.305
      vertex 33.0904 -2.00957 4.305
    endloop
  endfacet
  facet normal 0.336876 0.941549 -0
    outer loop
      vertex 33.0904 -2.00957 4.305
      vertex 32.8964 -1.94014 6.505
      vertex 33.0904 -2.00957 6.505
    endloop
  endfacet
  facet normal 0.336876 0.941549 0
    outer loop
      vertex 32.8964 -1.94014 6.505
      vertex 33.0904 -2.00957 4.305
      vertex 32.8964 -1.94014 4.305
    endloop
  endfacet
  facet normal 0.42759 0.903973 -0
    outer loop
      vertex 32.8964 -1.94014 4.305
      vertex 32.7101 -1.85202 6.505
      vertex 32.8964 -1.94014 6.505
    endloop
  endfacet
  facet normal 0.42759 0.903973 0
    outer loop
      vertex 32.7101 -1.85202 6.505
      vertex 32.8964 -1.94014 4.305
      vertex 32.7101 -1.85202 4.305
    endloop
  endfacet
  facet normal 0.514093 0.857735 -0
    outer loop
      vertex 32.7101 -1.85202 4.305
      vertex 32.5333 -1.74608 6.505
      vertex 32.7101 -1.85202 6.505
    endloop
  endfacet
  facet normal 0.514093 0.857735 0
    outer loop
      vertex 32.5333 -1.74608 6.505
      vertex 32.7101 -1.85202 4.305
      vertex 32.5333 -1.74608 4.305
    endloop
  endfacet
  facet normal 0.595679 0.803223 -0
    outer loop
      vertex 32.5333 -1.74608 4.305
      vertex 32.3678 -1.62332 6.505
      vertex 32.5333 -1.74608 6.505
    endloop
  endfacet
  facet normal 0.595679 0.803223 0
    outer loop
      vertex 32.3678 -1.62332 6.505
      vertex 32.5333 -1.74608 4.305
      vertex 32.3678 -1.62332 4.305
    endloop
  endfacet
  facet normal 0.671607 0.740908 -0
    outer loop
      vertex 32.3678 -1.62332 4.305
      vertex 32.2151 -1.48491 6.505
      vertex 32.3678 -1.62332 6.505
    endloop
  endfacet
  facet normal 0.671607 0.740908 0
    outer loop
      vertex 32.2151 -1.48491 6.505
      vertex 32.3678 -1.62332 4.305
      vertex 32.2151 -1.48491 4.305
    endloop
  endfacet
  facet normal 0.740908 0.671607 0
    outer loop
      vertex 32.2151 -1.48491 6.505
      vertex 32.0767 -1.33221 4.305
      vertex 32.0767 -1.33221 6.505
    endloop
  endfacet
  facet normal 0.740908 0.671607 0
    outer loop
      vertex 32.0767 -1.33221 4.305
      vertex 32.2151 -1.48491 6.505
      vertex 32.2151 -1.48491 4.305
    endloop
  endfacet
  facet normal 0.803223 0.595679 0
    outer loop
      vertex 32.0767 -1.33221 6.505
      vertex 31.9539 -1.16669 4.305
      vertex 31.9539 -1.16669 6.505
    endloop
  endfacet
  facet normal 0.803223 0.595679 0
    outer loop
      vertex 31.9539 -1.16669 4.305
      vertex 32.0767 -1.33221 6.505
      vertex 32.0767 -1.33221 4.305
    endloop
  endfacet
  facet normal 0.857735 0.514093 0
    outer loop
      vertex 31.9539 -1.16669 6.505
      vertex 31.848 -0.989929 4.305
      vertex 31.848 -0.989929 6.505
    endloop
  endfacet
  facet normal 0.857735 0.514093 0
    outer loop
      vertex 31.848 -0.989929 4.305
      vertex 31.9539 -1.16669 6.505
      vertex 31.9539 -1.16669 4.305
    endloop
  endfacet
  facet normal 0.903973 0.42759 0
    outer loop
      vertex 31.848 -0.989929 6.505
      vertex 31.7599 -0.803635 4.305
      vertex 31.7599 -0.803635 6.505
    endloop
  endfacet
  facet normal 0.903973 0.42759 0
    outer loop
      vertex 31.7599 -0.803635 4.305
      vertex 31.848 -0.989929 6.505
      vertex 31.848 -0.989929 4.305
    endloop
  endfacet
  facet normal 0.941549 0.336876 0
    outer loop
      vertex 31.7599 -0.803635 6.505
      vertex 31.6904 -0.609589 4.305
      vertex 31.6904 -0.609589 6.505
    endloop
  endfacet
  facet normal 0.941549 0.336876 0
    outer loop
      vertex 31.6904 -0.609589 4.305
      vertex 31.7599 -0.803635 6.505
      vertex 31.7599 -0.803635 4.305
    endloop
  endfacet
  facet normal 0.970025 0.243006 0
    outer loop
      vertex 31.6904 -0.609589 6.505
      vertex 31.6404 -0.409683 4.305
      vertex 31.6404 -0.409683 6.505
    endloop
  endfacet
  facet normal 0.970025 0.243006 0
    outer loop
      vertex 31.6404 -0.409683 4.305
      vertex 31.6904 -0.609589 6.505
      vertex 31.6904 -0.609589 4.305
    endloop
  endfacet
  facet normal 0.989185 0.146675 0
    outer loop
      vertex 31.6404 -0.409683 6.505
      vertex 31.6101 -0.205826 4.305
      vertex 31.6101 -0.205826 6.505
    endloop
  endfacet
  facet normal 0.989185 0.146675 0
    outer loop
      vertex 31.6101 -0.205826 4.305
      vertex 31.6404 -0.409683 6.505
      vertex 31.6404 -0.409683 4.305
    endloop
  endfacet
  facet normal 0.998794 0.0490919 0
    outer loop
      vertex 31.6101 -0.205826 6.505
      vertex 31.6 0 4.305
      vertex 31.6 0 6.505
    endloop
  endfacet
  facet normal 0.998794 0.0490919 0
    outer loop
      vertex 31.6 0 4.305
      vertex 31.6101 -0.205826 6.505
      vertex 31.6101 -0.205826 4.305
    endloop
  endfacet
  facet normal 0.998794 -0.0490919 0
    outer loop
      vertex 31.6 0 6.505
      vertex 31.6101 0.205826 4.305
      vertex 31.6101 0.205826 6.505
    endloop
  endfacet
  facet normal 0.998794 -0.0490919 0
    outer loop
      vertex 31.6101 0.205826 4.305
      vertex 31.6 0 6.505
      vertex 31.6 0 4.305
    endloop
  endfacet
  facet normal 0.989185 -0.146675 0
    outer loop
      vertex 31.6101 0.205826 6.505
      vertex 31.6404 0.409683 4.305
      vertex 31.6404 0.409683 6.505
    endloop
  endfacet
  facet normal 0.989185 -0.146675 0
    outer loop
      vertex 31.6404 0.409683 4.305
      vertex 31.6101 0.205826 6.505
      vertex 31.6101 0.205826 4.305
    endloop
  endfacet
  facet normal 0.970025 -0.243006 0
    outer loop
      vertex 31.6404 0.409683 6.505
      vertex 31.6904 0.609589 4.305
      vertex 31.6904 0.609589 6.505
    endloop
  endfacet
  facet normal 0.970025 -0.243006 0
    outer loop
      vertex 31.6904 0.609589 4.305
      vertex 31.6404 0.409683 6.505
      vertex 31.6404 0.409683 4.305
    endloop
  endfacet
  facet normal 0.941549 -0.336876 0
    outer loop
      vertex 31.6904 0.609589 6.505
      vertex 31.7599 0.803635 4.305
      vertex 31.7599 0.803635 6.505
    endloop
  endfacet
  facet normal 0.941549 -0.336876 0
    outer loop
      vertex 31.7599 0.803635 4.305
      vertex 31.6904 0.609589 6.505
      vertex 31.6904 0.609589 4.305
    endloop
  endfacet
  facet normal 0.903973 -0.42759 0
    outer loop
      vertex 31.7599 0.803635 6.505
      vertex 31.848 0.989929 4.305
      vertex 31.848 0.989929 6.505
    endloop
  endfacet
  facet normal 0.903973 -0.42759 0
    outer loop
      vertex 31.848 0.989929 4.305
      vertex 31.7599 0.803635 6.505
      vertex 31.7599 0.803635 4.305
    endloop
  endfacet
  facet normal 0.857735 -0.514093 0
    outer loop
      vertex 31.848 0.989929 6.505
      vertex 31.9539 1.16669 4.305
      vertex 31.9539 1.16669 6.505
    endloop
  endfacet
  facet normal 0.857735 -0.514093 0
    outer loop
      vertex 31.9539 1.16669 4.305
      vertex 31.848 0.989929 6.505
      vertex 31.848 0.989929 4.305
    endloop
  endfacet
  facet normal 0.803236 -0.595661 0
    outer loop
      vertex 31.9539 1.16669 6.505
      vertex 32.01 1.24232 4.305
      vertex 32.01 1.24232 6.505
    endloop
  endfacet
  facet normal 0.803236 -0.595661 0
    outer loop
      vertex 32.01 1.24232 4.305
      vertex 31.9539 1.16669 6.505
      vertex 31.9539 1.16669 4.305
    endloop
  endfacet
  facet normal 1 -0 0
    outer loop
      vertex 32.01 1.24232 6.505
      vertex 32.01 4 4.305
      vertex 32.01 4 6.505
    endloop
  endfacet
  facet normal 1 0 0
    outer loop
      vertex 32.01 4 4.305
      vertex 32.01 1.24232 6.505
      vertex 32.01 1.24232 4.305
    endloop
  endfacet
  facet normal -1 0 0
    outer loop
      vertex 32.85 1.91821 4.305
      vertex 32.85 4 6.505
      vertex 32.85 4 4.305
    endloop
  endfacet
  facet normal -1 -0 0
    outer loop
      vertex 32.85 4 6.505
      vertex 32.85 1.91821 4.305
      vertex 32.85 1.91821 6.505
    endloop
  endfacet
  facet normal 0.427587 -0.903974 0
    outer loop
      vertex 32.85 1.91821 4.305
      vertex 32.8964 1.94014 6.505
      vertex 32.85 1.91821 6.505
    endloop
  endfacet
  facet normal 0.427587 -0.903974 0
    outer loop
      vertex 32.8964 1.94014 6.505
      vertex 32.85 1.91821 4.305
      vertex 32.8964 1.94014 4.305
    endloop
  endfacet
  facet normal 0.336876 -0.941549 0
    outer loop
      vertex 32.8964 1.94014 4.305
      vertex 33.0904 2.00957 6.505
      vertex 32.8964 1.94014 6.505
    endloop
  endfacet
  facet normal 0.336876 -0.941549 0
    outer loop
      vertex 33.0904 2.00957 6.505
      vertex 32.8964 1.94014 4.305
      vertex 33.0904 2.00957 4.305
    endloop
  endfacet
  facet normal 0.243006 -0.970025 0
    outer loop
      vertex 33.0904 2.00957 4.305
      vertex 33.2903 2.05965 6.505
      vertex 33.0904 2.00957 6.505
    endloop
  endfacet
  facet normal 0.243006 -0.970025 0
    outer loop
      vertex 33.2903 2.05965 6.505
      vertex 33.0904 2.00957 4.305
      vertex 33.2903 2.05965 4.305
    endloop
  endfacet
  facet normal 0.146675 -0.989185 0
    outer loop
      vertex 33.2903 2.05965 4.305
      vertex 33.4942 2.08987 6.505
      vertex 33.2903 2.05965 6.505
    endloop
  endfacet
  facet normal 0.146675 -0.989185 0
    outer loop
      vertex 33.4942 2.08987 6.505
      vertex 33.2903 2.05965 4.305
      vertex 33.4942 2.08987 4.305
    endloop
  endfacet
  facet normal 0.0490919 -0.998794 0
    outer loop
      vertex 33.4942 2.08987 4.305
      vertex 33.7 2.09999 6.505
      vertex 33.4942 2.08987 6.505
    endloop
  endfacet
  facet normal 0.0490919 -0.998794 0
    outer loop
      vertex 33.7 2.09999 6.505
      vertex 33.4942 2.08987 4.305
      vertex 33.7 2.09999 4.305
    endloop
  endfacet
  facet normal -0.0490919 -0.998794 0
    outer loop
      vertex 33.7 2.09999 4.305
      vertex 33.9058 2.08987 6.505
      vertex 33.7 2.09999 6.505
    endloop
  endfacet
  facet normal -0.0490919 -0.998794 -0
    outer loop
      vertex 33.9058 2.08987 6.505
      vertex 33.7 2.09999 4.305
      vertex 33.9058 2.08987 4.305
    endloop
  endfacet
  facet normal -0.146675 -0.989185 0
    outer loop
      vertex 33.9058 2.08987 4.305
      vertex 34.1097 2.05965 6.505
      vertex 33.9058 2.08987 6.505
    endloop
  endfacet
  facet normal -0.146675 -0.989185 -0
    outer loop
      vertex 34.1097 2.05965 6.505
      vertex 33.9058 2.08987 4.305
      vertex 34.1097 2.05965 4.305
    endloop
  endfacet
  facet normal -0.243006 -0.970025 0
    outer loop
      vertex 34.1097 2.05965 4.305
      vertex 34.3096 2.00957 6.505
      vertex 34.1097 2.05965 6.505
    endloop
  endfacet
  facet normal -0.243006 -0.970025 -0
    outer loop
      vertex 34.3096 2.00957 6.505
      vertex 34.1097 2.05965 4.305
      vertex 34.3096 2.00957 4.305
    endloop
  endfacet
  facet normal -0.336876 -0.941549 0
    outer loop
      vertex 34.3096 2.00957 4.305
      vertex 34.5036 1.94014 6.505
      vertex 34.3096 2.00957 6.505
    endloop
  endfacet
  facet normal -0.336876 -0.941549 -0
    outer loop
      vertex 34.5036 1.94014 6.505
      vertex 34.3096 2.00957 4.305
      vertex 34.5036 1.94014 4.305
    endloop
  endfacet
  facet normal -0.427587 -0.903974 0
    outer loop
      vertex 34.5036 1.94014 4.305
      vertex 34.55 1.91821 6.505
      vertex 34.5036 1.94014 6.505
    endloop
  endfacet
  facet normal -0.427587 -0.903974 -0
    outer loop
      vertex 34.55 1.91821 6.505
      vertex 34.5036 1.94014 4.305
      vertex 34.55 1.91821 4.305
    endloop
  endfacet
  facet normal 1 -0 0
    outer loop
      vertex 34.55 1.91821 6.505
      vertex 34.55 4 4.305
      vertex 34.55 4 6.505
    endloop
  endfacet
  facet normal 1 0 0
    outer loop
      vertex 34.55 4 4.305
      vertex 34.55 1.91821 6.505
      vertex 34.55 1.91821 4.305
    endloop
  endfacet
  facet normal 0 0 -1
    outer loop
      vertex 40.3 -4 0
      vertex 39.7275 0 0
      vertex 40.3 4 0
    endloop
  endfacet
  facet normal 0 0 -1
    outer loop
      vertex 40.3 -4 0
      vertex 39.7197 -0.159515 0
      vertex 39.7275 0 0
    endloop
  endfacet
  facet normal 0 0 -1
    outer loop
      vertex 40.3 -4 0
      vertex 39.6962 -0.317505 0
      vertex 39.7197 -0.159515 0
    endloop
  endfacet
  facet normal 0 0 -1
    outer loop
      vertex 40.3 -4 0
      vertex 39.6574 -0.472427 0
      vertex 39.6962 -0.317505 0
    endloop
  endfacet
  facet normal 0 0 -1
    outer loop
      vertex 40.3 -4 0
      vertex 39.6036 -0.622803 0
      vertex 39.6574 -0.472427 0
    endloop
  endfacet
  facet normal 0 0 -1
    outer loop
      vertex 40.3 -4 0
      vertex 39.5353 -0.767197 0
      vertex 39.6036 -0.622803 0
    endloop
  endfacet
  facet normal 0 0 -1
    outer loop
      vertex 40.3 -4 0
      vertex 39.4532 -0.90419 0
      vertex 39.5353 -0.767197 0
    endloop
  endfacet
  facet normal 0 0 -1
    outer loop
      vertex 40.3 -4 0
      vertex 39.3581 -1.03247 0
      vertex 39.4532 -0.90419 0
    endloop
  endfacet
  facet normal 0 0 -1
    outer loop
      vertex 40.3 -4 0
      vertex 39.2508 -1.1508 0
      vertex 39.3581 -1.03247 0
    endloop
  endfacet
  facet normal 0 0 -1
    outer loop
      vertex 40.3 -4 0
      vertex 39.1325 -1.25807 0
      vertex 39.2508 -1.1508 0
    endloop
  endfacet
  facet normal 0 0 -1
    outer loop
      vertex 40.3 -4 0
      vertex 39.0042 -1.35321 0
      vertex 39.1325 -1.25807 0
    endloop
  endfacet
  facet normal 0 0 -1
    outer loop
      vertex 40.3 -4 0
      vertex 38.8672 -1.43532 0
      vertex 39.0042 -1.35321 0
    endloop
  endfacet
  facet normal 0 0 -1
    outer loop
      vertex 40.3 -4 0
      vertex 38.7228 -1.5036 0
      vertex 38.8672 -1.43532 0
    endloop
  endfacet
  facet normal 0 0 -1
    outer loop
      vertex 40.3 -4 0
      vertex 38.5724 -1.55742 0
      vertex 38.7228 -1.5036 0
    endloop
  endfacet
  facet normal 0 0 -1
    outer loop
      vertex 40.3 -4 0
      vertex 38.4175 -1.59622 0
      vertex 38.5724 -1.55742 0
    endloop
  endfacet
  facet normal 0 0 -1
    outer loop
      vertex 40.3 -4 0
      vertex 38.2595 -1.61966 0
      vertex 38.4175 -1.59622 0
    endloop
  endfacet
  facet normal 0 0 -1
    outer loop
      vertex 40.3 -4 0
      vertex 38.1 -1.62749 0
      vertex 38.2595 -1.61966 0
    endloop
  endfacet
  facet normal 0 0 -1
    outer loop
      vertex 35.9 -4 0
      vertex 38.1 -1.62749 0
      vertex 40.3 -4 0
    endloop
  endfacet
  facet normal -0 0 -1
    outer loop
      vertex 38.1 -1.62749 0
      vertex 35.9 -4 0
      vertex 37.9405 -1.61966 0
    endloop
  endfacet
  facet normal -0 0 -1
    outer loop
      vertex 37.9405 -1.61966 0
      vertex 35.9 -4 0
      vertex 37.7825 -1.59622 0
    endloop
  endfacet
  facet normal -0 0 -1
    outer loop
      vertex 37.7825 -1.59622 0
      vertex 35.9 -4 0
      vertex 37.6276 -1.55742 0
    endloop
  endfacet
  facet normal -0 0 -1
    outer loop
      vertex 37.6276 -1.55742 0
      vertex 35.9 -4 0
      vertex 37.4772 -1.5036 0
    endloop
  endfacet
  facet normal -0 0 -1
    outer loop
      vertex 37.4772 -1.5036 0
      vertex 35.9 -4 0
      vertex 37.3328 -1.43532 0
    endloop
  endfacet
  facet normal -0 0 -1
    outer loop
      vertex 37.3328 -1.43532 0
      vertex 35.9 -4 0
      vertex 37.1958 -1.35321 0
    endloop
  endfacet
  facet normal -0 0 -1
    outer loop
      vertex 36.4803 -0.159515 0
      vertex 35.9 -4 0
      vertex 36.4725 0 0
    endloop
  endfacet
  facet normal -0 0 -1
    outer loop
      vertex 36.5038 -0.317505 0
      vertex 35.9 -4 0
      vertex 36.4803 -0.159515 0
    endloop
  endfacet
  facet normal -0 0 -1
    outer loop
      vertex 36.5426 -0.472427 0
      vertex 35.9 -4 0
      vertex 36.5038 -0.317505 0
    endloop
  endfacet
  facet normal -0 0 -1
    outer loop
      vertex 36.5964 -0.622803 0
      vertex 35.9 -4 0
      vertex 36.5426 -0.472427 0
    endloop
  endfacet
  facet normal -0 0 -1
    outer loop
      vertex 36.6647 -0.767197 0
      vertex 35.9 -4 0
      vertex 36.5964 -0.622803 0
    endloop
  endfacet
  facet normal -0 0 -1
    outer loop
      vertex 36.7468 -0.90419 0
      vertex 35.9 -4 0
      vertex 36.6647 -0.767197 0
    endloop
  endfacet
  facet normal -0 0 -1
    outer loop
      vertex 36.8419 -1.03247 0
      vertex 35.9 -4 0
      vertex 36.7468 -0.90419 0
    endloop
  endfacet
  facet normal -0 0 -1
    outer loop
      vertex 36.9492 -1.1508 0
      vertex 35.9 -4 0
      vertex 36.8419 -1.03247 0
    endloop
  endfacet
  facet normal -0 0 -1
    outer loop
      vertex 37.0675 -1.25807 0
      vertex 35.9 -4 0
      vertex 36.9492 -1.1508 0
    endloop
  endfacet
  facet normal -0 0 -1
    outer loop
      vertex 37.1958 -1.35321 0
      vertex 35.9 -4 0
      vertex 37.0675 -1.25807 0
    endloop
  endfacet
  facet normal 0 0 -1
    outer loop
      vertex 39.7197 0.159515 0
      vertex 40.3 4 0
      vertex 39.7275 0 0
    endloop
  endfacet
  facet normal 0 0 -1
    outer loop
      vertex 39.6962 0.317505 0
      vertex 40.3 4 0
      vertex 39.7197 0.159515 0
    endloop
  endfacet
  facet normal 0 0 -1
    outer loop
      vertex 39.6574 0.472427 0
      vertex 40.3 4 0
      vertex 39.6962 0.317505 0
    endloop
  endfacet
  facet normal 0 0 -1
    outer loop
      vertex 39.6036 0.622803 0
      vertex 40.3 4 0
      vertex 39.6574 0.472427 0
    endloop
  endfacet
  facet normal 0 0 -1
    outer loop
      vertex 39.5353 0.767197 0
      vertex 40.3 4 0
      vertex 39.6036 0.622803 0
    endloop
  endfacet
  facet normal 0 0 -1
    outer loop
      vertex 39.4532 0.90419 0
      vertex 40.3 4 0
      vertex 39.5353 0.767197 0
    endloop
  endfacet
  facet normal 0 0 -1
    outer loop
      vertex 39.3581 1.03247 0
      vertex 40.3 4 0
      vertex 39.4532 0.90419 0
    endloop
  endfacet
  facet normal 0 0 -1
    outer loop
      vertex 39.2508 1.1508 0
      vertex 40.3 4 0
      vertex 39.3581 1.03247 0
    endloop
  endfacet
  facet normal 0 0 -1
    outer loop
      vertex 39.1325 1.25807 0
      vertex 40.3 4 0
      vertex 39.2508 1.1508 0
    endloop
  endfacet
  facet normal 0 0 -1
    outer loop
      vertex 39.0042 1.35321 0
      vertex 40.3 4 0
      vertex 39.1325 1.25807 0
    endloop
  endfacet
  facet normal 0 0 -1
    outer loop
      vertex 38.8672 1.43532 0
      vertex 40.3 4 0
      vertex 39.0042 1.35321 0
    endloop
  endfacet
  facet normal 0 0 -1
    outer loop
      vertex 38.7228 1.5036 0
      vertex 40.3 4 0
      vertex 38.8672 1.43532 0
    endloop
  endfacet
  facet normal 0 0 -1
    outer loop
      vertex 38.5724 1.55742 0
      vertex 40.3 4 0
      vertex 38.7228 1.5036 0
    endloop
  endfacet
  facet normal 0 0 -1
    outer loop
      vertex 38.4175 1.59622 0
      vertex 40.3 4 0
      vertex 38.5724 1.55742 0
    endloop
  endfacet
  facet normal 0 0 -1
    outer loop
      vertex 38.2595 1.61966 0
      vertex 40.3 4 0
      vertex 38.4175 1.59622 0
    endloop
  endfacet
  facet normal 0 0 -1
    outer loop
      vertex 38.1 1.62749 0
      vertex 40.3 4 0
      vertex 38.2595 1.61966 0
    endloop
  endfacet
  facet normal 0 0 -1
    outer loop
      vertex 35.9 4 0
      vertex 38.1 1.62749 0
      vertex 37.9405 1.61966 0
    endloop
  endfacet
  facet normal 0 0 -1
    outer loop
      vertex 35.9 4 0
      vertex 37.9405 1.61966 0
      vertex 37.7825 1.59622 0
    endloop
  endfacet
  facet normal 0 0 -1
    outer loop
      vertex 35.9 4 0
      vertex 37.7825 1.59622 0
      vertex 37.6276 1.55742 0
    endloop
  endfacet
  facet normal 0 0 -1
    outer loop
      vertex 35.9 4 0
      vertex 37.6276 1.55742 0
      vertex 37.4772 1.5036 0
    endloop
  endfacet
  facet normal 0 0 -1
    outer loop
      vertex 35.9 4 0
      vertex 37.4772 1.5036 0
      vertex 37.3328 1.43532 0
    endloop
  endfacet
  facet normal 0 0 -1
    outer loop
      vertex 35.9 4 0
      vertex 37.3328 1.43532 0
      vertex 37.1958 1.35321 0
    endloop
  endfacet
  facet normal 0 0 -1
    outer loop
      vertex 35.9 4 0
      vertex 37.1958 1.35321 0
      vertex 37.0675 1.25807 0
    endloop
  endfacet
  facet normal 0 0 -1
    outer loop
      vertex 35.9 4 0
      vertex 36.4725 0 0
      vertex 35.9 -4 0
    endloop
  endfacet
  facet normal 0 0 -1
    outer loop
      vertex 38.1 1.62749 0
      vertex 35.9 4 0
      vertex 40.3 4 0
    endloop
  endfacet
  facet normal 0 0 -1
    outer loop
      vertex 36.9492 1.1508 0
      vertex 35.9 4 0
      vertex 37.0675 1.25807 0
    endloop
  endfacet
  facet normal 0 0 -1
    outer loop
      vertex 36.8419 1.03247 0
      vertex 35.9 4 0
      vertex 36.9492 1.1508 0
    endloop
  endfacet
  facet normal 0 0 -1
    outer loop
      vertex 36.7468 0.90419 0
      vertex 35.9 4 0
      vertex 36.8419 1.03247 0
    endloop
  endfacet
  facet normal 0 0 -1
    outer loop
      vertex 36.6647 0.767197 0
      vertex 35.9 4 0
      vertex 36.7468 0.90419 0
    endloop
  endfacet
  facet normal 0 0 -1
    outer loop
      vertex 36.5964 0.622803 0
      vertex 35.9 4 0
      vertex 36.6647 0.767197 0
    endloop
  endfacet
  facet normal 0 0 -1
    outer loop
      vertex 36.5426 0.472427 0
      vertex 35.9 4 0
      vertex 36.5964 0.622803 0
    endloop
  endfacet
  facet normal 0 0 -1
    outer loop
      vertex 36.5038 0.317505 0
      vertex 35.9 4 0
      vertex 36.5426 0.472427 0
    endloop
  endfacet
  facet normal 0 0 -1
    outer loop
      vertex 36.4803 0.159515 0
      vertex 35.9 4 0
      vertex 36.5038 0.317505 0
    endloop
  endfacet
  facet normal 0 0 -1
    outer loop
      vertex 36.4725 0 0
      vertex 35.9 4 0
      vertex 36.4803 0.159515 0
    endloop
  endfacet
  facet normal -0 0 1
    outer loop
      vertex 36.41 4 4.305
      vertex 37.25 1.91821 4.305
      vertex 37.25 4 4.305
    endloop
  endfacet
  facet normal 0 0 1
    outer loop
      vertex 36.41 1.24232 4.305
      vertex 37.25 1.91821 4.305
      vertex 36.41 4 4.305
    endloop
  endfacet
  facet normal 0 -0 1
    outer loop
      vertex 37.0675 1.25807 4.305
      vertex 37.25 1.91821 4.305
      vertex 36.41 1.24232 4.305
    endloop
  endfacet
  facet normal 0 0 1
    outer loop
      vertex 37.0675 1.25807 4.305
      vertex 36.41 1.24232 4.305
      vertex 36.9492 1.1508 4.305
    endloop
  endfacet
  facet normal 0 0 1
    outer loop
      vertex 36.9492 1.1508 4.305
      vertex 36.41 1.24232 4.305
      vertex 36.8419 1.03247 4.305
    endloop
  endfacet
  facet normal 0 0 1
    outer loop
      vertex 36.8419 1.03247 4.305
      vertex 36.41 1.24232 4.305
      vertex 36.7468 0.90419 4.305
    endloop
  endfacet
  facet normal -0 0 1
    outer loop
      vertex 36.3539 1.16669 4.305
      vertex 36.7468 0.90419 4.305
      vertex 36.41 1.24232 4.305
    endloop
  endfacet
  facet normal 0 0 1
    outer loop
      vertex 36.7468 0.90419 4.305
      vertex 36.3539 1.16669 4.305
      vertex 36.6647 0.767197 4.305
    endloop
  endfacet
  facet normal -0 0 1
    outer loop
      vertex 36.248 0.989929 4.305
      vertex 36.6647 0.767197 4.305
      vertex 36.3539 1.16669 4.305
    endloop
  endfacet
  facet normal -0 0 1
    outer loop
      vertex 36.1599 0.803635 4.305
      vertex 36.5964 0.622803 4.305
      vertex 36.248 0.989929 4.305
    endloop
  endfacet
  facet normal 0 0 1
    outer loop
      vertex 36.6647 0.767197 4.305
      vertex 36.248 0.989929 4.305
      vertex 36.5964 0.622803 4.305
    endloop
  endfacet
  facet normal 0 0 1
    outer loop
      vertex 37.25 1.91821 4.305
      vertex 37.0675 1.25807 4.305
      vertex 37.1958 1.35321 4.305
    endloop
  endfacet
  facet normal -0 0 1
    outer loop
      vertex 39.6962 0.317505 4.305
      vertex 39.79 0 4.305
      vertex 39.79 4 4.305
    endloop
  endfacet
  facet normal 0 0 1
    outer loop
      vertex 39.79 0 4.305
      vertex 39.7197 0.159515 4.305
      vertex 39.7275 0 4.305
    endloop
  endfacet
  facet normal 0 0 1
    outer loop
      vertex 39.79 0 4.305
      vertex 39.6962 0.317505 4.305
      vertex 39.7197 0.159515 4.305
    endloop
  endfacet
  facet normal 0 0 1
    outer loop
      vertex 39.79 4 4.305
      vertex 39.6574 0.472427 4.305
      vertex 39.6962 0.317505 4.305
    endloop
  endfacet
  facet normal 0 0 1
    outer loop
      vertex 39.79 4 4.305
      vertex 39.6036 0.622803 4.305
      vertex 39.6574 0.472427 4.305
    endloop
  endfacet
  facet normal 0 0 1
    outer loop
      vertex 39.79 4 4.305
      vertex 39.5353 0.767197 4.305
      vertex 39.6036 0.622803 4.305
    endloop
  endfacet
  facet normal 0 0 1
    outer loop
      vertex 39.79 4 4.305
      vertex 39.4532 0.90419 4.305
      vertex 39.5353 0.767197 4.305
    endloop
  endfacet
  facet normal 0 0 1
    outer loop
      vertex 39.79 4 4.305
      vertex 39.3581 1.03247 4.305
      vertex 39.4532 0.90419 4.305
    endloop
  endfacet
  facet normal -0 0 1
    outer loop
      vertex 38.95 1.91821 4.305
      vertex 39.3581 1.03247 4.305
      vertex 39.79 4 4.305
    endloop
  endfacet
  facet normal 0 0 1
    outer loop
      vertex 39.3581 1.03247 4.305
      vertex 38.95 1.91821 4.305
      vertex 39.2508 1.1508 4.305
    endloop
  endfacet
  facet normal 0 0 1
    outer loop
      vertex 39.2508 1.1508 4.305
      vertex 38.95 1.91821 4.305
      vertex 39.1325 1.25807 4.305
    endloop
  endfacet
  facet normal 0 0 1
    outer loop
      vertex 38.95 1.91821 4.305
      vertex 39.79 4 4.305
      vertex 38.95 4 4.305
    endloop
  endfacet
  facet normal 0 0 1
    outer loop
      vertex 39.1325 1.25807 4.305
      vertex 38.95 1.91821 4.305
      vertex 39.0042 1.35321 4.305
    endloop
  endfacet
  facet normal 0 0 1
    outer loop
      vertex 38.7228 1.5036 4.305
      vertex 38.95 1.91821 4.305
      vertex 38.9036 1.94014 4.305
    endloop
  endfacet
  facet normal 0 0 1
    outer loop
      vertex 38.95 1.91821 4.305
      vertex 38.8672 1.43532 4.305
      vertex 39.0042 1.35321 4.305
    endloop
  endfacet
  facet normal 0 0 1
    outer loop
      vertex 38.95 1.91821 4.305
      vertex 38.7228 1.5036 4.305
      vertex 38.8672 1.43532 4.305
    endloop
  endfacet
  facet normal 0 0 1
    outer loop
      vertex 38.7096 2.00957 4.305
      vertex 38.7228 1.5036 4.305
      vertex 38.9036 1.94014 4.305
    endloop
  endfacet
  facet normal 0 0 1
    outer loop
      vertex 38.7096 2.00957 4.305
      vertex 38.5724 1.55742 4.305
      vertex 38.7228 1.5036 4.305
    endloop
  endfacet
  facet normal 0 0 1
    outer loop
      vertex 38.5097 2.05965 4.305
      vertex 38.5724 1.55742 4.305
      vertex 38.7096 2.00957 4.305
    endloop
  endfacet
  facet normal 0 0 1
    outer loop
      vertex 38.5097 2.05965 4.305
      vertex 38.4175 1.59622 4.305
      vertex 38.5724 1.55742 4.305
    endloop
  endfacet
  facet normal 0 0 1
    outer loop
      vertex 38.3058 2.08987 4.305
      vertex 38.4175 1.59622 4.305
      vertex 38.5097 2.05965 4.305
    endloop
  endfacet
  facet normal 0 0 1
    outer loop
      vertex 38.3058 2.08987 4.305
      vertex 38.2595 1.61966 4.305
      vertex 38.4175 1.59622 4.305
    endloop
  endfacet
  facet normal 0 0 1
    outer loop
      vertex 38.1 2.09999 4.305
      vertex 38.2595 1.61966 4.305
      vertex 38.3058 2.08987 4.305
    endloop
  endfacet
  facet normal 0 0 1
    outer loop
      vertex 38.1 2.09999 4.305
      vertex 38.1 1.62749 4.305
      vertex 38.2595 1.61966 4.305
    endloop
  endfacet
  facet normal 0 0 1
    outer loop
      vertex 38.1 2.09999 4.305
      vertex 37.9405 1.61966 4.305
      vertex 38.1 1.62749 4.305
    endloop
  endfacet
  facet normal -0 0 1
    outer loop
      vertex 37.8942 2.08987 4.305
      vertex 37.9405 1.61966 4.305
      vertex 38.1 2.09999 4.305
    endloop
  endfacet
  facet normal 0 0 1
    outer loop
      vertex 37.8942 2.08987 4.305
      vertex 37.7825 1.59622 4.305
      vertex 37.9405 1.61966 4.305
    endloop
  endfacet
  facet normal -0 0 1
    outer loop
      vertex 37.6903 2.05965 4.305
      vertex 37.7825 1.59622 4.305
      vertex 37.8942 2.08987 4.305
    endloop
  endfacet
  facet normal 0 0 1
    outer loop
      vertex 37.6903 2.05965 4.305
      vertex 37.6276 1.55742 4.305
      vertex 37.7825 1.59622 4.305
    endloop
  endfacet
  facet normal -0 0 1
    outer loop
      vertex 37.4904 2.00957 4.305
      vertex 37.6276 1.55742 4.305
      vertex 37.6903 2.05965 4.305
    endloop
  endfacet
  facet normal 0 0 1
    outer loop
      vertex 37.4904 2.00957 4.305
      vertex 37.4772 1.5036 4.305
      vertex 37.6276 1.55742 4.305
    endloop
  endfacet
  facet normal -0 0 1
    outer loop
      vertex 37.2964 1.94014 4.305
      vertex 37.4772 1.5036 4.305
      vertex 37.4904 2.00957 4.305
    endloop
  endfacet
  facet normal -0 0 1
    outer loop
      vertex 37.25 1.91821 4.305
      vertex 37.4772 1.5036 4.305
      vertex 37.2964 1.94014 4.305
    endloop
  endfacet
  facet normal 0 0 1
    outer loop
      vertex 37.4772 1.5036 4.305
      vertex 37.25 1.91821 4.305
      vertex 37.3328 1.43532 4.305
    endloop
  endfacet
  facet normal 0 0 1
    outer loop
      vertex 37.3328 1.43532 4.305
      vertex 37.25 1.91821 4.305
      vertex 37.1958 1.35321 4.305
    endloop
  endfacet
  facet normal -0 0 1
    outer loop
      vertex 39.7197 -0.159515 4.305
      vertex 39.7275 -1.3266 4.305
      vertex 39.7275 0 4.305
    endloop
  endfacet
  facet normal -0 0 1
    outer loop
      vertex 39.6962 -0.317505 4.305
      vertex 39.7275 -1.3266 4.305
      vertex 39.7197 -0.159515 4.305
    endloop
  endfacet
  facet normal -0 0 1
    outer loop
      vertex 39.6574 -0.472427 4.305
      vertex 39.7275 -1.3266 4.305
      vertex 39.6962 -0.317505 4.305
    endloop
  endfacet
  facet normal -0 0 1
    outer loop
      vertex 39.6036 -0.622803 4.305
      vertex 39.7275 -1.3266 4.305
      vertex 39.6574 -0.472427 4.305
    endloop
  endfacet
  facet normal -0 0 1
    outer loop
      vertex 39.5353 -0.767197 4.305
      vertex 39.7275 -1.3266 4.305
      vertex 39.6036 -0.622803 4.305
    endloop
  endfacet
  facet normal -0 0 1
    outer loop
      vertex 39.4532 -0.90419 4.305
      vertex 39.7275 -1.3266 4.305
      vertex 39.5353 -0.767197 4.305
    endloop
  endfacet
  facet normal -0 0 1
    outer loop
      vertex 39.3581 -1.03247 4.305
      vertex 39.7275 -1.3266 4.305
      vertex 39.4532 -0.90419 4.305
    endloop
  endfacet
  facet normal 0 0 1
    outer loop
      vertex 39.7275 -1.3266 4.305
      vertex 39.3581 -1.03247 4.305
      vertex 39.5849 -1.48491 4.305
    endloop
  endfacet
  facet normal -0 0 1
    outer loop
      vertex 39.2508 -1.1508 4.305
      vertex 39.5849 -1.48491 4.305
      vertex 39.3581 -1.03247 4.305
    endloop
  endfacet
  facet normal 0 0 1
    outer loop
      vertex 39.5849 -1.48491 4.305
      vertex 39.2508 -1.1508 4.305
      vertex 39.4322 -1.62332 4.305
    endloop
  endfacet
  facet normal -0 0 1
    outer loop
      vertex 39.1325 -1.25807 4.305
      vertex 39.4322 -1.62332 4.305
      vertex 39.2508 -1.1508 4.305
    endloop
  endfacet
  facet normal 0 0 1
    outer loop
      vertex 39.4322 -1.62332 4.305
      vertex 39.1325 -1.25807 4.305
      vertex 39.2667 -1.74608 4.305
    endloop
  endfacet
  facet normal -0 0 1
    outer loop
      vertex 39.0042 -1.35321 4.305
      vertex 39.2667 -1.74608 4.305
      vertex 39.1325 -1.25807 4.305
    endloop
  endfacet
  facet normal 0 0 1
    outer loop
      vertex 39.2667 -1.74608 4.305
      vertex 39.0042 -1.35321 4.305
      vertex 39.0899 -1.85202 4.305
    endloop
  endfacet
  facet normal -0 0 1
    outer loop
      vertex 38.8672 -1.43532 4.305
      vertex 39.0899 -1.85202 4.305
      vertex 39.0042 -1.35321 4.305
    endloop
  endfacet
  facet normal 0 0 1
    outer loop
      vertex 39.0899 -1.85202 4.305
      vertex 38.8672 -1.43532 4.305
      vertex 38.9036 -1.94014 4.305
    endloop
  endfacet
  facet normal -0 0 1
    outer loop
      vertex 38.7228 -1.5036 4.305
      vertex 38.9036 -1.94014 4.305
      vertex 38.8672 -1.43532 4.305
    endloop
  endfacet
  facet normal 0 0 1
    outer loop
      vertex 38.7228 -1.5036 4.305
      vertex 38.7096 -2.00957 4.305
      vertex 38.9036 -1.94014 4.305
    endloop
  endfacet
  facet normal -0 0 1
    outer loop
      vertex 38.5724 -1.55742 4.305
      vertex 38.7096 -2.00957 4.305
      vertex 38.7228 -1.5036 4.305
    endloop
  endfacet
  facet normal 0 0 1
    outer loop
      vertex 38.5724 -1.55742 4.305
      vertex 38.5097 -2.05965 4.305
      vertex 38.7096 -2.00957 4.305
    endloop
  endfacet
  facet normal -0 0 1
    outer loop
      vertex 38.4175 -1.59622 4.305
      vertex 38.5097 -2.05965 4.305
      vertex 38.5724 -1.55742 4.305
    endloop
  endfacet
  facet normal 0 0 1
    outer loop
      vertex 38.4175 -1.59622 4.305
      vertex 38.3058 -2.08987 4.305
      vertex 38.5097 -2.05965 4.305
    endloop
  endfacet
  facet normal -0 0 1
    outer loop
      vertex 38.2595 -1.61966 4.305
      vertex 38.3058 -2.08987 4.305
      vertex 38.4175 -1.59622 4.305
    endloop
  endfacet
  facet normal -0 0 1
    outer loop
      vertex 38.1 -1.62749 4.305
      vertex 38.3058 -2.08987 4.305
      vertex 38.2595 -1.61966 4.305
    endloop
  endfacet
  facet normal 0 0 1
    outer loop
      vertex 38.1 -1.62749 4.305
      vertex 38.1 -2.09999 4.305
      vertex 38.3058 -2.08987 4.305
    endloop
  endfacet
  facet normal 0 0 1
    outer loop
      vertex 37.9405 -1.61966 4.305
      vertex 38.1 -2.09999 4.305
      vertex 38.1 -1.62749 4.305
    endloop
  endfacet
  facet normal 0 0 1
    outer loop
      vertex 37.9405 -1.61966 4.305
      vertex 37.8942 -2.08987 4.305
      vertex 38.1 -2.09999 4.305
    endloop
  endfacet
  facet normal 0 0 1
    outer loop
      vertex 37.7825 -1.59622 4.305
      vertex 37.8942 -2.08987 4.305
      vertex 37.9405 -1.61966 4.305
    endloop
  endfacet
  facet normal 0 0 1
    outer loop
      vertex 37.7825 -1.59622 4.305
      vertex 37.6903 -2.05965 4.305
      vertex 37.8942 -2.08987 4.305
    endloop
  endfacet
  facet normal 0 0 1
    outer loop
      vertex 37.6276 -1.55742 4.305
      vertex 37.6903 -2.05965 4.305
      vertex 37.7825 -1.59622 4.305
    endloop
  endfacet
  facet normal 0 0 1
    outer loop
      vertex 37.6276 -1.55742 4.305
      vertex 37.4904 -2.00957 4.305
      vertex 37.6903 -2.05965 4.305
    endloop
  endfacet
  facet normal 0 0 1
    outer loop
      vertex 37.4772 -1.5036 4.305
      vertex 37.4904 -2.00957 4.305
      vertex 37.6276 -1.55742 4.305
    endloop
  endfacet
  facet normal 0 0 1
    outer loop
      vertex 37.2964 -1.94014 4.305
      vertex 37.4772 -1.5036 4.305
      vertex 37.3328 -1.43532 4.305
    endloop
  endfacet
  facet normal 0 0 1
    outer loop
      vertex 37.4772 -1.5036 4.305
      vertex 37.2964 -1.94014 4.305
      vertex 37.4904 -2.00957 4.305
    endloop
  endfacet
  facet normal 0 0 1
    outer loop
      vertex 37.1101 -1.85202 4.305
      vertex 37.3328 -1.43532 4.305
      vertex 37.1958 -1.35321 4.305
    endloop
  endfacet
  facet normal 0 0 1
    outer loop
      vertex 37.3328 -1.43532 4.305
      vertex 37.1101 -1.85202 4.305
      vertex 37.2964 -1.94014 4.305
    endloop
  endfacet
  facet normal 0 0 1
    outer loop
      vertex 36.9333 -1.74608 4.305
      vertex 37.1958 -1.35321 4.305
      vertex 37.0675 -1.25807 4.305
    endloop
  endfacet
  facet normal 0 0 1
    outer loop
      vertex 36.7678 -1.62332 4.305
      vertex 37.0675 -1.25807 4.305
      vertex 36.9492 -1.1508 4.305
    endloop
  endfacet
  facet normal 0 0 1
    outer loop
      vertex 37.1958 -1.35321 4.305
      vertex 36.9333 -1.74608 4.305
      vertex 37.1101 -1.85202 4.305
    endloop
  endfacet
  facet normal 0 0 1
    outer loop
      vertex 36.6151 -1.48491 4.305
      vertex 36.9492 -1.1508 4.305
      vertex 36.8419 -1.03247 4.305
    endloop
  endfacet
  facet normal 0 0 1
    outer loop
      vertex 37.0675 -1.25807 4.305
      vertex 36.7678 -1.62332 4.305
      vertex 36.9333 -1.74608 4.305
    endloop
  endfacet
  facet normal 0 0 1
    outer loop
      vertex 36.4767 -1.33221 4.305
      vertex 36.8419 -1.03247 4.305
      vertex 36.7468 -0.90419 4.305
    endloop
  endfacet
  facet normal 0 0 1
    outer loop
      vertex 36.3539 -1.16669 4.305
      vertex 36.7468 -0.90419 4.305
      vertex 36.6647 -0.767197 4.305
    endloop
  endfacet
  facet normal 0 0 1
    outer loop
      vertex 36.9492 -1.1508 4.305
      vertex 36.6151 -1.48491 4.305
      vertex 36.7678 -1.62332 4.305
    endloop
  endfacet
  facet normal 0 0 1
    outer loop
      vertex 36.248 -0.989929 4.305
      vertex 36.6647 -0.767197 4.305
      vertex 36.5964 -0.622803 4.305
    endloop
  endfacet
  facet normal 0 0 1
    outer loop
      vertex 36.1599 -0.803635 4.305
      vertex 36.5964 -0.622803 4.305
      vertex 36.5426 -0.472427 4.305
    endloop
  endfacet
  facet normal 0 0 1
    outer loop
      vertex 36.0904 -0.609589 4.305
      vertex 36.5426 -0.472427 4.305
      vertex 36.5038 -0.317505 4.305
    endloop
  endfacet
  facet normal 0 0 1
    outer loop
      vertex 36.0404 -0.409683 4.305
      vertex 36.5038 -0.317505 4.305
      vertex 36.4803 -0.159515 4.305
    endloop
  endfacet
  facet normal 0 0 1
    outer loop
      vertex 36.8419 -1.03247 4.305
      vertex 36.4767 -1.33221 4.305
      vertex 36.6151 -1.48491 4.305
    endloop
  endfacet
  facet normal 0 0 1
    outer loop
      vertex 36.0101 -0.205826 4.305
      vertex 36.4803 -0.159515 4.305
      vertex 36.4725 0 4.305
    endloop
  endfacet
  facet normal 0 0 1
    outer loop
      vertex 36.5964 0.622803 4.305
      vertex 36.1599 0.803635 4.305
      vertex 36.5426 0.472427 4.305
    endloop
  endfacet
  facet normal -0 0 1
    outer loop
      vertex 36.0904 0.609589 4.305
      vertex 36.5426 0.472427 4.305
      vertex 36.1599 0.803635 4.305
    endloop
  endfacet
  facet normal 0 0 1
    outer loop
      vertex 36.5426 0.472427 4.305
      vertex 36.0904 0.609589 4.305
      vertex 36.5038 0.317505 4.305
    endloop
  endfacet
  facet normal 0 0 1
    outer loop
      vertex 36.7468 -0.90419 4.305
      vertex 36.3539 -1.16669 4.305
      vertex 36.4767 -1.33221 4.305
    endloop
  endfacet
  facet normal -0 0 1
    outer loop
      vertex 36.0404 0.409683 4.305
      vertex 36.5038 0.317505 4.305
      vertex 36.0904 0.609589 4.305
    endloop
  endfacet
  facet normal 0 0 1
    outer loop
      vertex 36.6647 -0.767197 4.305
      vertex 36.248 -0.989929 4.305
      vertex 36.3539 -1.16669 4.305
    endloop
  endfacet
  facet normal 0 0 1
    outer loop
      vertex 36.5038 0.317505 4.305
      vertex 36.0404 0.409683 4.305
      vertex 36.4803 0.159515 4.305
    endloop
  endfacet
  facet normal 0 0 1
    outer loop
      vertex 36.5964 -0.622803 4.305
      vertex 36.1599 -0.803635 4.305
      vertex 36.248 -0.989929 4.305
    endloop
  endfacet
  facet normal -0 0 1
    outer loop
      vertex 36.0101 0.205826 4.305
      vertex 36.4803 0.159515 4.305
      vertex 36.0404 0.409683 4.305
    endloop
  endfacet
  facet normal 0 0 1
    outer loop
      vertex 36.5426 -0.472427 4.305
      vertex 36.0904 -0.609589 4.305
      vertex 36.1599 -0.803635 4.305
    endloop
  endfacet
  facet normal 0 0 1
    outer loop
      vertex 36.4803 0.159515 4.305
      vertex 36.0101 0.205826 4.305
      vertex 36.4725 0 4.305
    endloop
  endfacet
  facet normal 0 0 1
    outer loop
      vertex 36.5038 -0.317505 4.305
      vertex 36.0404 -0.409683 4.305
      vertex 36.0904 -0.609589 4.305
    endloop
  endfacet
  facet normal 0 0 1
    outer loop
      vertex 36 0 4.305
      vertex 36.4725 0 4.305
      vertex 36.0101 0.205826 4.305
    endloop
  endfacet
  facet normal 0 0 1
    outer loop
      vertex 36.4803 -0.159515 4.305
      vertex 36.0101 -0.205826 4.305
      vertex 36.0404 -0.409683 4.305
    endloop
  endfacet
  facet normal 0 0 1
    outer loop
      vertex 36.4725 0 4.305
      vertex 36 0 4.305
      vertex 36.0101 -0.205826 4.305
    endloop
  endfacet
  facet normal 0 1 0
    outer loop
      vertex 40.3 4 6.505
      vertex 39.79 4 4.305
      vertex 39.79 4 6.505
    endloop
  endfacet
  facet normal 0 1 0
    outer loop
      vertex 40.3 4 0
      vertex 38.95 4 4.305
      vertex 39.79 4 4.305
    endloop
  endfacet
  facet normal 0 1 0
    outer loop
      vertex 38.95 4 4.305
      vertex 40.3 4 0
      vertex 37.25 4 4.305
    endloop
  endfacet
  facet normal 0 1 0
    outer loop
      vertex 35.9 4 0
      vertex 37.25 4 4.305
      vertex 40.3 4 0
    endloop
  endfacet
  facet normal 0 1 -0
    outer loop
      vertex 40.3 4 0
      vertex 39.79 4 4.305
      vertex 40.3 4 6.505
    endloop
  endfacet
  facet normal 0 1 -0
    outer loop
      vertex 38.95 4 4.305
      vertex 37.25 4 6.505
      vertex 38.95 4 6.505
    endloop
  endfacet
  facet normal 0 1 0
    outer loop
      vertex 37.25 4 6.505
      vertex 38.95 4 4.305
      vertex 37.25 4 4.305
    endloop
  endfacet
  facet normal 0 1 -0
    outer loop
      vertex 36.41 4 4.305
      vertex 35.9 4 6.505
      vertex 36.41 4 6.505
    endloop
  endfacet
  facet normal 0 1 0
    outer loop
      vertex 36.41 4 4.305
      vertex 35.9 4 0
      vertex 35.9 4 6.505
    endloop
  endfacet
  facet normal 0 1 0
    outer loop
      vertex 37.25 4 4.305
      vertex 35.9 4 0
      vertex 36.41 4 4.305
    endloop
  endfacet
  facet normal -1 0 0
    outer loop
      vertex 35.9 -4 0
      vertex 35.9 4 6.505
      vertex 35.9 4 0
    endloop
  endfacet
  facet normal -1 -0 0
    outer loop
      vertex 35.9 4 6.505
      vertex 35.9 -4 0
      vertex 35.9 -4 6.505
    endloop
  endfacet
  facet normal 0 -1 0
    outer loop
      vertex 35.9 -4 0
      vertex 40.3 -4 6.505
      vertex 35.9 -4 6.505
    endloop
  endfacet
  facet normal 0 -1 -0
    outer loop
      vertex 40.3 -4 6.505
      vertex 35.9 -4 0
      vertex 40.3 -4 0
    endloop
  endfacet
  facet normal 1 -0 0
    outer loop
      vertex 40.3 -4 6.505
      vertex 40.3 4 0
      vertex 40.3 4 6.505
    endloop
  endfacet
  facet normal 1 0 0
    outer loop
      vertex 40.3 4 0
      vertex 40.3 -4 6.505
      vertex 40.3 -4 0
    endloop
  endfacet
  facet normal 0.146743 0.989175 -0
    outer loop
      vertex 37.9405 -1.61966 0
      vertex 37.7825 -1.59622 4.305
      vertex 37.9405 -1.61966 4.305
    endloop
  endfacet
  facet normal 0.146743 0.989175 0
    outer loop
      vertex 37.7825 -1.59622 4.305
      vertex 37.9405 -1.61966 0
      vertex 37.7825 -1.59622 0
    endloop
  endfacet
  facet normal 0.242963 0.970036 -0
    outer loop
      vertex 37.7825 -1.59622 0
      vertex 37.6276 -1.55742 4.305
      vertex 37.7825 -1.59622 4.305
    endloop
  endfacet
  facet normal 0.242963 0.970036 0
    outer loop
      vertex 37.6276 -1.55742 4.305
      vertex 37.7825 -1.59622 0
      vertex 37.6276 -1.55742 0
    endloop
  endfacet
  facet normal 0.33696 0.941519 -0
    outer loop
      vertex 37.6276 -1.55742 0
      vertex 37.4772 -1.5036 4.305
      vertex 37.6276 -1.55742 4.305
    endloop
  endfacet
  facet normal 0.33696 0.941519 0
    outer loop
      vertex 37.4772 -1.5036 4.305
      vertex 37.6276 -1.55742 0
      vertex 37.4772 -1.5036 0
    endloop
  endfacet
  facet normal 0.427503 0.904014 -0
    outer loop
      vertex 37.4772 -1.5036 0
      vertex 37.3328 -1.43532 4.305
      vertex 37.4772 -1.5036 4.305
    endloop
  endfacet
  facet normal 0.427503 0.904014 0
    outer loop
      vertex 37.3328 -1.43532 4.305
      vertex 37.4772 -1.5036 0
      vertex 37.3328 -1.43532 0
    endloop
  endfacet
  facet normal 0.514088 0.857737 -0
    outer loop
      vertex 37.3328 -1.43532 0
      vertex 37.1958 -1.35321 4.305
      vertex 37.3328 -1.43532 4.305
    endloop
  endfacet
  facet normal 0.514088 0.857737 0
    outer loop
      vertex 37.1958 -1.35321 4.305
      vertex 37.3328 -1.43532 0
      vertex 37.1958 -1.35321 0
    endloop
  endfacet
  facet normal 0.595696 0.80321 -0
    outer loop
      vertex 37.1958 -1.35321 0
      vertex 37.0675 -1.25807 4.305
      vertex 37.1958 -1.35321 4.305
    endloop
  endfacet
  facet normal 0.595696 0.80321 0
    outer loop
      vertex 37.0675 -1.25807 4.305
      vertex 37.1958 -1.35321 0
      vertex 37.0675 -1.25807 0
    endloop
  endfacet
  facet normal 0.671626 0.74089 -0
    outer loop
      vertex 37.0675 -1.25807 0
      vertex 36.9492 -1.1508 4.305
      vertex 37.0675 -1.25807 4.305
    endloop
  endfacet
  facet normal 0.671626 0.74089 0
    outer loop
      vertex 36.9492 -1.1508 4.305
      vertex 37.0675 -1.25807 0
      vertex 36.9492 -1.1508 0
    endloop
  endfacet
  facet normal 0.74089 0.671626 0
    outer loop
      vertex 36.9492 -1.1508 4.305
      vertex 36.8419 -1.03247 0
      vertex 36.8419 -1.03247 4.305
    endloop
  endfacet
  facet normal 0.74089 0.671626 0
    outer loop
      vertex 36.8419 -1.03247 0
      vertex 36.9492 -1.1508 4.305
      vertex 36.9492 -1.1508 0
    endloop
  endfacet
  facet normal 0.80321 0.595696 0
    outer loop
      vertex 36.8419 -1.03247 4.305
      vertex 36.7468 -0.90419 0
      vertex 36.7468 -0.90419 4.305
    endloop
  endfacet
  facet normal 0.80321 0.595696 0
    outer loop
      vertex 36.7468 -0.90419 0
      vertex 36.8419 -1.03247 4.305
      vertex 36.8419 -1.03247 0
    endloop
  endfacet
  facet normal 0.857737 0.514088 0
    outer loop
      vertex 36.7468 -0.90419 4.305
      vertex 36.6647 -0.767197 0
      vertex 36.6647 -0.767197 4.305
    endloop
  endfacet
  facet normal 0.857737 0.514088 0
    outer loop
      vertex 36.6647 -0.767197 0
      vertex 36.7468 -0.90419 4.305
      vertex 36.7468 -0.90419 0
    endloop
  endfacet
  facet normal 0.904014 0.427503 0
    outer loop
      vertex 36.6647 -0.767197 4.305
      vertex 36.5964 -0.622803 0
      vertex 36.5964 -0.622803 4.305
    endloop
  endfacet
  facet normal 0.904014 0.427503 0
    outer loop
      vertex 36.5964 -0.622803 0
      vertex 36.6647 -0.767197 4.305
      vertex 36.6647 -0.767197 0
    endloop
  endfacet
  facet normal 0.941519 0.33696 0
    outer loop
      vertex 36.5964 -0.622803 4.305
      vertex 36.5426 -0.472427 0
      vertex 36.5426 -0.472427 4.305
    endloop
  endfacet
  facet normal 0.941519 0.33696 0
    outer loop
      vertex 36.5426 -0.472427 0
      vertex 36.5964 -0.622803 4.305
      vertex 36.5964 -0.622803 0
    endloop
  endfacet
  facet normal 0.970036 0.242963 0
    outer loop
      vertex 36.5426 -0.472427 4.305
      vertex 36.5038 -0.317505 0
      vertex 36.5038 -0.317505 4.305
    endloop
  endfacet
  facet normal 0.970036 0.242963 0
    outer loop
      vertex 36.5038 -0.317505 0
      vertex 36.5426 -0.472427 4.305
      vertex 36.5426 -0.472427 0
    endloop
  endfacet
  facet normal 0.989175 0.146743 0
    outer loop
      vertex 36.5038 -0.317505 4.305
      vertex 36.4803 -0.159515 0
      vertex 36.4803 -0.159515 4.305
    endloop
  endfacet
  facet normal 0.989175 0.146743 0
    outer loop
      vertex 36.4803 -0.159515 0
      vertex 36.5038 -0.317505 4.305
      vertex 36.5038 -0.317505 0
    endloop
  endfacet
  facet normal 0.998798 0.0490131 0
    outer loop
      vertex 36.4803 -0.159515 4.305
      vertex 36.4725 0 0
      vertex 36.4725 0 4.305
    endloop
  endfacet
  facet normal 0.998798 0.0490131 0
    outer loop
      vertex 36.4725 0 0
      vertex 36.4803 -0.159515 4.305
      vertex 36.4803 -0.159515 0
    endloop
  endfacet
  facet normal 0.998798 -0.0490131 0
    outer loop
      vertex 36.4725 0 4.305
      vertex 36.4803 0.159515 0
      vertex 36.4803 0.159515 4.305
    endloop
  endfacet
  facet normal 0.998798 -0.0490131 0
    outer loop
      vertex 36.4803 0.159515 0
      vertex 36.4725 0 4.305
      vertex 36.4725 0 0
    endloop
  endfacet
  facet normal 0.989175 -0.146743 0
    outer loop
      vertex 36.4803 0.159515 4.305
      vertex 36.5038 0.317505 0
      vertex 36.5038 0.317505 4.305
    endloop
  endfacet
  facet normal 0.989175 -0.146743 0
    outer loop
      vertex 36.5038 0.317505 0
      vertex 36.4803 0.159515 4.305
      vertex 36.4803 0.159515 0
    endloop
  endfacet
  facet normal 0.970036 -0.242963 0
    outer loop
      vertex 36.5038 0.317505 4.305
      vertex 36.5426 0.472427 0
      vertex 36.5426 0.472427 4.305
    endloop
  endfacet
  facet normal 0.970036 -0.242963 0
    outer loop
      vertex 36.5426 0.472427 0
      vertex 36.5038 0.317505 4.305
      vertex 36.5038 0.317505 0
    endloop
  endfacet
  facet normal 0.941519 -0.33696 0
    outer loop
      vertex 36.5426 0.472427 4.305
      vertex 36.5964 0.622803 0
      vertex 36.5964 0.622803 4.305
    endloop
  endfacet
  facet normal 0.941519 -0.33696 0
    outer loop
      vertex 36.5964 0.622803 0
      vertex 36.5426 0.472427 4.305
      vertex 36.5426 0.472427 0
    endloop
  endfacet
  facet normal 0.904014 -0.427503 0
    outer loop
      vertex 36.5964 0.622803 4.305
      vertex 36.6647 0.767197 0
      vertex 36.6647 0.767197 4.305
    endloop
  endfacet
  facet normal 0.904014 -0.427503 0
    outer loop
      vertex 36.6647 0.767197 0
      vertex 36.5964 0.622803 4.305
      vertex 36.5964 0.622803 0
    endloop
  endfacet
  facet normal 0.857737 -0.514088 0
    outer loop
      vertex 36.6647 0.767197 4.305
      vertex 36.7468 0.90419 0
      vertex 36.7468 0.90419 4.305
    endloop
  endfacet
  facet normal 0.857737 -0.514088 0
    outer loop
      vertex 36.7468 0.90419 0
      vertex 36.6647 0.767197 4.305
      vertex 36.6647 0.767197 0
    endloop
  endfacet
  facet normal 0.80321 -0.595696 0
    outer loop
      vertex 36.7468 0.90419 4.305
      vertex 36.8419 1.03247 0
      vertex 36.8419 1.03247 4.305
    endloop
  endfacet
  facet normal 0.80321 -0.595696 0
    outer loop
      vertex 36.8419 1.03247 0
      vertex 36.7468 0.90419 4.305
      vertex 36.7468 0.90419 0
    endloop
  endfacet
  facet normal 0.74089 -0.671626 0
    outer loop
      vertex 36.8419 1.03247 4.305
      vertex 36.9492 1.1508 0
      vertex 36.9492 1.1508 4.305
    endloop
  endfacet
  facet normal 0.74089 -0.671626 0
    outer loop
      vertex 36.9492 1.1508 0
      vertex 36.8419 1.03247 4.305
      vertex 36.8419 1.03247 0
    endloop
  endfacet
  facet normal 0.671626 -0.74089 0
    outer loop
      vertex 36.9492 1.1508 0
      vertex 37.0675 1.25807 4.305
      vertex 36.9492 1.1508 4.305
    endloop
  endfacet
  facet normal 0.671626 -0.74089 0
    outer loop
      vertex 37.0675 1.25807 4.305
      vertex 36.9492 1.1508 0
      vertex 37.0675 1.25807 0
    endloop
  endfacet
  facet normal 0.595696 -0.80321 0
    outer loop
      vertex 37.0675 1.25807 0
      vertex 37.1958 1.35321 4.305
      vertex 37.0675 1.25807 4.305
    endloop
  endfacet
  facet normal 0.595696 -0.80321 0
    outer loop
      vertex 37.1958 1.35321 4.305
      vertex 37.0675 1.25807 0
      vertex 37.1958 1.35321 0
    endloop
  endfacet
  facet normal 0.514088 -0.857737 0
    outer loop
      vertex 37.1958 1.35321 0
      vertex 37.3328 1.43532 4.305
      vertex 37.1958 1.35321 4.305
    endloop
  endfacet
  facet normal 0.514088 -0.857737 0
    outer loop
      vertex 37.3328 1.43532 4.305
      vertex 37.1958 1.35321 0
      vertex 37.3328 1.43532 0
    endloop
  endfacet
  facet normal 0.427503 -0.904014 0
    outer loop
      vertex 37.3328 1.43532 0
      vertex 37.4772 1.5036 4.305
      vertex 37.3328 1.43532 4.305
    endloop
  endfacet
  facet normal 0.427503 -0.904014 0
    outer loop
      vertex 37.4772 1.5036 4.305
      vertex 37.3328 1.43532 0
      vertex 37.4772 1.5036 0
    endloop
  endfacet
  facet normal 0.33696 -0.941519 0
    outer loop
      vertex 37.4772 1.5036 0
      vertex 37.6276 1.55742 4.305
      vertex 37.4772 1.5036 4.305
    endloop
  endfacet
  facet normal 0.33696 -0.941519 0
    outer loop
      vertex 37.6276 1.55742 4.305
      vertex 37.4772 1.5036 0
      vertex 37.6276 1.55742 0
    endloop
  endfacet
  facet normal 0.242963 -0.970036 0
    outer loop
      vertex 37.6276 1.55742 0
      vertex 37.7825 1.59622 4.305
      vertex 37.6276 1.55742 4.305
    endloop
  endfacet
  facet normal 0.242963 -0.970036 0
    outer loop
      vertex 37.7825 1.59622 4.305
      vertex 37.6276 1.55742 0
      vertex 37.7825 1.59622 0
    endloop
  endfacet
  facet normal 0.146743 -0.989175 0
    outer loop
      vertex 37.7825 1.59622 0
      vertex 37.9405 1.61966 4.305
      vertex 37.7825 1.59622 4.305
    endloop
  endfacet
  facet normal 0.146743 -0.989175 0
    outer loop
      vertex 37.9405 1.61966 4.305
      vertex 37.7825 1.59622 0
      vertex 37.9405 1.61966 0
    endloop
  endfacet
  facet normal 0.0490131 -0.998798 0
    outer loop
      vertex 37.9405 1.61966 0
      vertex 38.1 1.62749 4.305
      vertex 37.9405 1.61966 4.305
    endloop
  endfacet
  facet normal 0.0490131 -0.998798 0
    outer loop
      vertex 38.1 1.62749 4.305
      vertex 37.9405 1.61966 0
      vertex 38.1 1.62749 0
    endloop
  endfacet
  facet normal -0.0490131 -0.998798 0
    outer loop
      vertex 38.1 1.62749 0
      vertex 38.2595 1.61966 4.305
      vertex 38.1 1.62749 4.305
    endloop
  endfacet
  facet normal -0.0490131 -0.998798 -0
    outer loop
      vertex 38.2595 1.61966 4.305
      vertex 38.1 1.62749 0
      vertex 38.2595 1.61966 0
    endloop
  endfacet
  facet normal -0.146743 -0.989175 0
    outer loop
      vertex 38.2595 1.61966 0
      vertex 38.4175 1.59622 4.305
      vertex 38.2595 1.61966 4.305
    endloop
  endfacet
  facet normal -0.146743 -0.989175 -0
    outer loop
      vertex 38.4175 1.59622 4.305
      vertex 38.2595 1.61966 0
      vertex 38.4175 1.59622 0
    endloop
  endfacet
  facet normal -0.242963 -0.970036 0
    outer loop
      vertex 38.4175 1.59622 0
      vertex 38.5724 1.55742 4.305
      vertex 38.4175 1.59622 4.305
    endloop
  endfacet
  facet normal -0.242963 -0.970036 -0
    outer loop
      vertex 38.5724 1.55742 4.305
      vertex 38.4175 1.59622 0
      vertex 38.5724 1.55742 0
    endloop
  endfacet
  facet normal -0.33696 -0.941519 0
    outer loop
      vertex 38.5724 1.55742 0
      vertex 38.7228 1.5036 4.305
      vertex 38.5724 1.55742 4.305
    endloop
  endfacet
  facet normal -0.33696 -0.941519 -0
    outer loop
      vertex 38.7228 1.5036 4.305
      vertex 38.5724 1.55742 0
      vertex 38.7228 1.5036 0
    endloop
  endfacet
  facet normal -0.427503 -0.904014 0
    outer loop
      vertex 38.7228 1.5036 0
      vertex 38.8672 1.43532 4.305
      vertex 38.7228 1.5036 4.305
    endloop
  endfacet
  facet normal -0.427503 -0.904014 -0
    outer loop
      vertex 38.8672 1.43532 4.305
      vertex 38.7228 1.5036 0
      vertex 38.8672 1.43532 0
    endloop
  endfacet
  facet normal -0.514088 -0.857737 0
    outer loop
      vertex 38.8672 1.43532 0
      vertex 39.0042 1.35321 4.305
      vertex 38.8672 1.43532 4.305
    endloop
  endfacet
  facet normal -0.514088 -0.857737 -0
    outer loop
      vertex 39.0042 1.35321 4.305
      vertex 38.8672 1.43532 0
      vertex 39.0042 1.35321 0
    endloop
  endfacet
  facet normal -0.595696 -0.80321 0
    outer loop
      vertex 39.0042 1.35321 0
      vertex 39.1325 1.25807 4.305
      vertex 39.0042 1.35321 4.305
    endloop
  endfacet
  facet normal -0.595696 -0.80321 -0
    outer loop
      vertex 39.1325 1.25807 4.305
      vertex 39.0042 1.35321 0
      vertex 39.1325 1.25807 0
    endloop
  endfacet
  facet normal -0.671626 -0.74089 0
    outer loop
      vertex 39.1325 1.25807 0
      vertex 39.2508 1.1508 4.305
      vertex 39.1325 1.25807 4.305
    endloop
  endfacet
  facet normal -0.671626 -0.74089 -0
    outer loop
      vertex 39.2508 1.1508 4.305
      vertex 39.1325 1.25807 0
      vertex 39.2508 1.1508 0
    endloop
  endfacet
  facet normal -0.74089 -0.671626 0
    outer loop
      vertex 39.3581 1.03247 0
      vertex 39.2508 1.1508 4.305
      vertex 39.2508 1.1508 0
    endloop
  endfacet
  facet normal -0.74089 -0.671626 0
    outer loop
      vertex 39.2508 1.1508 4.305
      vertex 39.3581 1.03247 0
      vertex 39.3581 1.03247 4.305
    endloop
  endfacet
  facet normal -0.80321 -0.595696 0
    outer loop
      vertex 39.4532 0.90419 0
      vertex 39.3581 1.03247 4.305
      vertex 39.3581 1.03247 0
    endloop
  endfacet
  facet normal -0.80321 -0.595696 0
    outer loop
      vertex 39.3581 1.03247 4.305
      vertex 39.4532 0.90419 0
      vertex 39.4532 0.90419 4.305
    endloop
  endfacet
  facet normal -0.857737 -0.514088 0
    outer loop
      vertex 39.5353 0.767197 0
      vertex 39.4532 0.90419 4.305
      vertex 39.4532 0.90419 0
    endloop
  endfacet
  facet normal -0.857737 -0.514088 0
    outer loop
      vertex 39.4532 0.90419 4.305
      vertex 39.5353 0.767197 0
      vertex 39.5353 0.767197 4.305
    endloop
  endfacet
  facet normal -0.904014 -0.427503 0
    outer loop
      vertex 39.6036 0.622803 0
      vertex 39.5353 0.767197 4.305
      vertex 39.5353 0.767197 0
    endloop
  endfacet
  facet normal -0.904014 -0.427503 0
    outer loop
      vertex 39.5353 0.767197 4.305
      vertex 39.6036 0.622803 0
      vertex 39.6036 0.622803 4.305
    endloop
  endfacet
  facet normal -0.941519 -0.33696 0
    outer loop
      vertex 39.6574 0.472427 0
      vertex 39.6036 0.622803 4.305
      vertex 39.6036 0.622803 0
    endloop
  endfacet
  facet normal -0.941519 -0.33696 0
    outer loop
      vertex 39.6036 0.622803 4.305
      vertex 39.6574 0.472427 0
      vertex 39.6574 0.472427 4.305
    endloop
  endfacet
  facet normal -0.970036 -0.242963 0
    outer loop
      vertex 39.6962 0.317505 0
      vertex 39.6574 0.472427 4.305
      vertex 39.6574 0.472427 0
    endloop
  endfacet
  facet normal -0.970036 -0.242963 0
    outer loop
      vertex 39.6574 0.472427 4.305
      vertex 39.6962 0.317505 0
      vertex 39.6962 0.317505 4.305
    endloop
  endfacet
  facet normal -0.989175 -0.146743 0
    outer loop
      vertex 39.7197 0.159515 0
      vertex 39.6962 0.317505 4.305
      vertex 39.6962 0.317505 0
    endloop
  endfacet
  facet normal -0.989175 -0.146743 0
    outer loop
      vertex 39.6962 0.317505 4.305
      vertex 39.7197 0.159515 0
      vertex 39.7197 0.159515 4.305
    endloop
  endfacet
  facet normal -0.998798 -0.0490131 0
    outer loop
      vertex 39.7275 0 0
      vertex 39.7197 0.159515 4.305
      vertex 39.7197 0.159515 0
    endloop
  endfacet
  facet normal -0.998798 -0.0490131 0
    outer loop
      vertex 39.7197 0.159515 4.305
      vertex 39.7275 0 0
      vertex 39.7275 0 4.305
    endloop
  endfacet
  facet normal -0.998798 0.0490131 0
    outer loop
      vertex 39.7197 -0.159515 0
      vertex 39.7275 0 4.305
      vertex 39.7275 0 0
    endloop
  endfacet
  facet normal -0.998798 0.0490131 0
    outer loop
      vertex 39.7275 0 4.305
      vertex 39.7197 -0.159515 0
      vertex 39.7197 -0.159515 4.305
    endloop
  endfacet
  facet normal -0.989175 0.146743 0
    outer loop
      vertex 39.6962 -0.317505 0
      vertex 39.7197 -0.159515 4.305
      vertex 39.7197 -0.159515 0
    endloop
  endfacet
  facet normal -0.989175 0.146743 0
    outer loop
      vertex 39.7197 -0.159515 4.305
      vertex 39.6962 -0.317505 0
      vertex 39.6962 -0.317505 4.305
    endloop
  endfacet
  facet normal -0.970036 0.242963 0
    outer loop
      vertex 39.6574 -0.472427 0
      vertex 39.6962 -0.317505 4.305
      vertex 39.6962 -0.317505 0
    endloop
  endfacet
  facet normal -0.970036 0.242963 0
    outer loop
      vertex 39.6962 -0.317505 4.305
      vertex 39.6574 -0.472427 0
      vertex 39.6574 -0.472427 4.305
    endloop
  endfacet
  facet normal -0.941519 0.33696 0
    outer loop
      vertex 39.6036 -0.622803 0
      vertex 39.6574 -0.472427 4.305
      vertex 39.6574 -0.472427 0
    endloop
  endfacet
  facet normal -0.941519 0.33696 0
    outer loop
      vertex 39.6574 -0.472427 4.305
      vertex 39.6036 -0.622803 0
      vertex 39.6036 -0.622803 4.305
    endloop
  endfacet
  facet normal -0.904014 0.427503 0
    outer loop
      vertex 39.5353 -0.767197 0
      vertex 39.6036 -0.622803 4.305
      vertex 39.6036 -0.622803 0
    endloop
  endfacet
  facet normal -0.904014 0.427503 0
    outer loop
      vertex 39.6036 -0.622803 4.305
      vertex 39.5353 -0.767197 0
      vertex 39.5353 -0.767197 4.305
    endloop
  endfacet
  facet normal -0.857737 0.514088 0
    outer loop
      vertex 39.4532 -0.90419 0
      vertex 39.5353 -0.767197 4.305
      vertex 39.5353 -0.767197 0
    endloop
  endfacet
  facet normal -0.857737 0.514088 0
    outer loop
      vertex 39.5353 -0.767197 4.305
      vertex 39.4532 -0.90419 0
      vertex 39.4532 -0.90419 4.305
    endloop
  endfacet
  facet normal -0.80321 0.595696 0
    outer loop
      vertex 39.3581 -1.03247 0
      vertex 39.4532 -0.90419 4.305
      vertex 39.4532 -0.90419 0
    endloop
  endfacet
  facet normal -0.80321 0.595696 0
    outer loop
      vertex 39.4532 -0.90419 4.305
      vertex 39.3581 -1.03247 0
      vertex 39.3581 -1.03247 4.305
    endloop
  endfacet
  facet normal -0.74089 0.671626 0
    outer loop
      vertex 39.2508 -1.1508 0
      vertex 39.3581 -1.03247 4.305
      vertex 39.3581 -1.03247 0
    endloop
  endfacet
  facet normal -0.74089 0.671626 0
    outer loop
      vertex 39.3581 -1.03247 4.305
      vertex 39.2508 -1.1508 0
      vertex 39.2508 -1.1508 4.305
    endloop
  endfacet
  facet normal -0.671626 0.74089 0
    outer loop
      vertex 39.2508 -1.1508 0
      vertex 39.1325 -1.25807 4.305
      vertex 39.2508 -1.1508 4.305
    endloop
  endfacet
  facet normal -0.671626 0.74089 0
    outer loop
      vertex 39.1325 -1.25807 4.305
      vertex 39.2508 -1.1508 0
      vertex 39.1325 -1.25807 0
    endloop
  endfacet
  facet normal -0.595696 0.80321 0
    outer loop
      vertex 39.1325 -1.25807 0
      vertex 39.0042 -1.35321 4.305
      vertex 39.1325 -1.25807 4.305
    endloop
  endfacet
  facet normal -0.595696 0.80321 0
    outer loop
      vertex 39.0042 -1.35321 4.305
      vertex 39.1325 -1.25807 0
      vertex 39.0042 -1.35321 0
    endloop
  endfacet
  facet normal -0.514088 0.857737 0
    outer loop
      vertex 39.0042 -1.35321 0
      vertex 38.8672 -1.43532 4.305
      vertex 39.0042 -1.35321 4.305
    endloop
  endfacet
  facet normal -0.514088 0.857737 0
    outer loop
      vertex 38.8672 -1.43532 4.305
      vertex 39.0042 -1.35321 0
      vertex 38.8672 -1.43532 0
    endloop
  endfacet
  facet normal -0.427503 0.904014 0
    outer loop
      vertex 38.8672 -1.43532 0
      vertex 38.7228 -1.5036 4.305
      vertex 38.8672 -1.43532 4.305
    endloop
  endfacet
  facet normal -0.427503 0.904014 0
    outer loop
      vertex 38.7228 -1.5036 4.305
      vertex 38.8672 -1.43532 0
      vertex 38.7228 -1.5036 0
    endloop
  endfacet
  facet normal -0.33696 0.941519 0
    outer loop
      vertex 38.7228 -1.5036 0
      vertex 38.5724 -1.55742 4.305
      vertex 38.7228 -1.5036 4.305
    endloop
  endfacet
  facet normal -0.33696 0.941519 0
    outer loop
      vertex 38.5724 -1.55742 4.305
      vertex 38.7228 -1.5036 0
      vertex 38.5724 -1.55742 0
    endloop
  endfacet
  facet normal -0.242963 0.970036 0
    outer loop
      vertex 38.5724 -1.55742 0
      vertex 38.4175 -1.59622 4.305
      vertex 38.5724 -1.55742 4.305
    endloop
  endfacet
  facet normal -0.242963 0.970036 0
    outer loop
      vertex 38.4175 -1.59622 4.305
      vertex 38.5724 -1.55742 0
      vertex 38.4175 -1.59622 0
    endloop
  endfacet
  facet normal -0.146743 0.989175 0
    outer loop
      vertex 38.4175 -1.59622 0
      vertex 38.2595 -1.61966 4.305
      vertex 38.4175 -1.59622 4.305
    endloop
  endfacet
  facet normal -0.146743 0.989175 0
    outer loop
      vertex 38.2595 -1.61966 4.305
      vertex 38.4175 -1.59622 0
      vertex 38.2595 -1.61966 0
    endloop
  endfacet
  facet normal -0.0490131 0.998798 0
    outer loop
      vertex 38.2595 -1.61966 0
      vertex 38.1 -1.62749 4.305
      vertex 38.2595 -1.61966 4.305
    endloop
  endfacet
  facet normal -0.0490131 0.998798 0
    outer loop
      vertex 38.1 -1.62749 4.305
      vertex 38.2595 -1.61966 0
      vertex 38.1 -1.62749 0
    endloop
  endfacet
  facet normal 0.0490131 0.998798 -0
    outer loop
      vertex 38.1 -1.62749 0
      vertex 37.9405 -1.61966 4.305
      vertex 38.1 -1.62749 4.305
    endloop
  endfacet
  facet normal 0.0490131 0.998798 0
    outer loop
      vertex 37.9405 -1.61966 4.305
      vertex 38.1 -1.62749 0
      vertex 37.9405 -1.61966 0
    endloop
  endfacet
  facet normal -0 0 1
    outer loop
      vertex 35.9 4 6.505
      vertex 36.41 1.24232 6.505
      vertex 36.41 4 6.505
    endloop
  endfacet
  facet normal 0 0 1
    outer loop
      vertex 36.41 1.24232 6.505
      vertex 35.9 4 6.505
      vertex 36.3539 1.16669 6.505
    endloop
  endfacet
  facet normal 0 0 1
    outer loop
      vertex 36.3539 1.16669 6.505
      vertex 35.9 4 6.505
      vertex 36.248 0.989929 6.505
    endloop
  endfacet
  facet normal 0 0 1
    outer loop
      vertex 36.248 0.989929 6.505
      vertex 35.9 4 6.505
      vertex 36.1599 0.803635 6.505
    endloop
  endfacet
  facet normal 0 0 1
    outer loop
      vertex 36.1599 0.803635 6.505
      vertex 35.9 4 6.505
      vertex 36.0904 0.609589 6.505
    endloop
  endfacet
  facet normal 0 0 1
    outer loop
      vertex 36.0904 0.609589 6.505
      vertex 35.9 4 6.505
      vertex 36.0404 0.409683 6.505
    endloop
  endfacet
  facet normal 0 0 1
    outer loop
      vertex 36.0101 0.205826 6.505
      vertex 35.9 4 6.505
      vertex 36 0 6.505
    endloop
  endfacet
  facet normal 0 0 1
    outer loop
      vertex 36.0404 0.409683 6.505
      vertex 35.9 4 6.505
      vertex 36.0101 0.205826 6.505
    endloop
  endfacet
  facet normal 0 0 1
    outer loop
      vertex 39.79 0 6.505
      vertex 40.3 4 6.505
      vertex 39.79 4 6.505
    endloop
  endfacet
  facet normal 0 0 1
    outer loop
      vertex 40.3 4 6.505
      vertex 39.79 0 6.505
      vertex 40.3 -4 6.505
    endloop
  endfacet
  facet normal 0 0 1
    outer loop
      vertex 39.7275 -1.3266 6.505
      vertex 39.79 0 6.505
      vertex 39.7275 0 6.505
    endloop
  endfacet
  facet normal 0 0 1
    outer loop
      vertex 39.79 0 6.505
      vertex 39.7275 -1.3266 6.505
      vertex 40.3 -4 6.505
    endloop
  endfacet
  facet normal -0 0 1
    outer loop
      vertex 39.5849 -1.48491 6.505
      vertex 40.3 -4 6.505
      vertex 39.7275 -1.3266 6.505
    endloop
  endfacet
  facet normal -0 0 1
    outer loop
      vertex 39.4322 -1.62332 6.505
      vertex 40.3 -4 6.505
      vertex 39.5849 -1.48491 6.505
    endloop
  endfacet
  facet normal -0 0 1
    outer loop
      vertex 39.2667 -1.74608 6.505
      vertex 40.3 -4 6.505
      vertex 39.4322 -1.62332 6.505
    endloop
  endfacet
  facet normal -0 0 1
    outer loop
      vertex 39.0899 -1.85202 6.505
      vertex 40.3 -4 6.505
      vertex 39.2667 -1.74608 6.505
    endloop
  endfacet
  facet normal -0 0 1
    outer loop
      vertex 38.9036 -1.94014 6.505
      vertex 40.3 -4 6.505
      vertex 39.0899 -1.85202 6.505
    endloop
  endfacet
  facet normal -0 0 1
    outer loop
      vertex 38.7096 -2.00957 6.505
      vertex 40.3 -4 6.505
      vertex 38.9036 -1.94014 6.505
    endloop
  endfacet
  facet normal -0 0 1
    outer loop
      vertex 38.5097 -2.05965 6.505
      vertex 40.3 -4 6.505
      vertex 38.7096 -2.00957 6.505
    endloop
  endfacet
  facet normal -0 0 1
    outer loop
      vertex 38.3058 -2.08987 6.505
      vertex 40.3 -4 6.505
      vertex 38.5097 -2.05965 6.505
    endloop
  endfacet
  facet normal -0 0 1
    outer loop
      vertex 38.1 -2.09999 6.505
      vertex 40.3 -4 6.505
      vertex 38.3058 -2.08987 6.505
    endloop
  endfacet
  facet normal 0 0 1
    outer loop
      vertex 35.9 -4 6.505
      vertex 38.1 -2.09999 6.505
      vertex 37.8942 -2.08987 6.505
    endloop
  endfacet
  facet normal 0 0 1
    outer loop
      vertex 35.9 -4 6.505
      vertex 37.8942 -2.08987 6.505
      vertex 37.6903 -2.05965 6.505
    endloop
  endfacet
  facet normal 0 0 1
    outer loop
      vertex 35.9 -4 6.505
      vertex 37.6903 -2.05965 6.505
      vertex 37.4904 -2.00957 6.505
    endloop
  endfacet
  facet normal 0 0 1
    outer loop
      vertex 35.9 -4 6.505
      vertex 37.4904 -2.00957 6.505
      vertex 37.2964 -1.94014 6.505
    endloop
  endfacet
  facet normal 0 0 1
    outer loop
      vertex 35.9 -4 6.505
      vertex 37.2964 -1.94014 6.505
      vertex 37.1101 -1.85202 6.505
    endloop
  endfacet
  facet normal 0 0 1
    outer loop
      vertex 35.9 -4 6.505
      vertex 37.1101 -1.85202 6.505
      vertex 36.9333 -1.74608 6.505
    endloop
  endfacet
  facet normal 0 0 1
    outer loop
      vertex 38.1 -2.09999 6.505
      vertex 35.9 -4 6.505
      vertex 40.3 -4 6.505
    endloop
  endfacet
  facet normal 0 0 1
    outer loop
      vertex 36.7678 -1.62332 6.505
      vertex 35.9 -4 6.505
      vertex 36.9333 -1.74608 6.505
    endloop
  endfacet
  facet normal 0 0 1
    outer loop
      vertex 36.6151 -1.48491 6.505
      vertex 35.9 -4 6.505
      vertex 36.7678 -1.62332 6.505
    endloop
  endfacet
  facet normal 0 0 1
    outer loop
      vertex 36.4767 -1.33221 6.505
      vertex 35.9 -4 6.505
      vertex 36.6151 -1.48491 6.505
    endloop
  endfacet
  facet normal 0 0 1
    outer loop
      vertex 36.3539 -1.16669 6.505
      vertex 35.9 -4 6.505
      vertex 36.4767 -1.33221 6.505
    endloop
  endfacet
  facet normal 0 0 1
    outer loop
      vertex 36.248 -0.989929 6.505
      vertex 35.9 -4 6.505
      vertex 36.3539 -1.16669 6.505
    endloop
  endfacet
  facet normal 0 0 1
    outer loop
      vertex 36.1599 -0.803635 6.505
      vertex 35.9 -4 6.505
      vertex 36.248 -0.989929 6.505
    endloop
  endfacet
  facet normal 0 0 1
    outer loop
      vertex 36.0904 -0.609589 6.505
      vertex 35.9 -4 6.505
      vertex 36.1599 -0.803635 6.505
    endloop
  endfacet
  facet normal 0 0 1
    outer loop
      vertex 36.0404 -0.409683 6.505
      vertex 35.9 -4 6.505
      vertex 36.0904 -0.609589 6.505
    endloop
  endfacet
  facet normal 0 0 1
    outer loop
      vertex 36.0101 -0.205826 6.505
      vertex 35.9 -4 6.505
      vertex 36.0404 -0.409683 6.505
    endloop
  endfacet
  facet normal 0 0 1
    outer loop
      vertex 36 0 6.505
      vertex 35.9 -4 6.505
      vertex 36.0101 -0.205826 6.505
    endloop
  endfacet
  facet normal 0 0 1
    outer loop
      vertex 35.9 -4 6.505
      vertex 36 0 6.505
      vertex 35.9 4 6.505
    endloop
  endfacet
  facet normal 0 0 1
    outer loop
      vertex 38.95 4 6.505
      vertex 38.9036 1.94014 6.505
      vertex 38.95 1.91821 6.505
    endloop
  endfacet
  facet normal 0 0 1
    outer loop
      vertex 38.95 4 6.505
      vertex 38.7096 2.00957 6.505
      vertex 38.9036 1.94014 6.505
    endloop
  endfacet
  facet normal 0 0 1
    outer loop
      vertex 38.95 4 6.505
      vertex 38.5097 2.05965 6.505
      vertex 38.7096 2.00957 6.505
    endloop
  endfacet
  facet normal 0 0 1
    outer loop
      vertex 38.95 4 6.505
      vertex 38.3058 2.08987 6.505
      vertex 38.5097 2.05965 6.505
    endloop
  endfacet
  facet normal 0 0 1
    outer loop
      vertex 38.95 4 6.505
      vertex 38.1 2.09999 6.505
      vertex 38.3058 2.08987 6.505
    endloop
  endfacet
  facet normal -0 0 1
    outer loop
      vertex 37.25 4 6.505
      vertex 38.1 2.09999 6.505
      vertex 38.95 4 6.505
    endloop
  endfacet
  facet normal 0 0 1
    outer loop
      vertex 38.1 2.09999 6.505
      vertex 37.25 4 6.505
      vertex 37.8942 2.08987 6.505
    endloop
  endfacet
  facet normal 0 0 1
    outer loop
      vertex 37.8942 2.08987 6.505
      vertex 37.25 4 6.505
      vertex 37.6903 2.05965 6.505
    endloop
  endfacet
  facet normal 0 0 1
    outer loop
      vertex 37.6903 2.05965 6.505
      vertex 37.25 4 6.505
      vertex 37.4904 2.00957 6.505
    endloop
  endfacet
  facet normal 0 0 1
    outer loop
      vertex 37.4904 2.00957 6.505
      vertex 37.25 4 6.505
      vertex 37.2964 1.94014 6.505
    endloop
  endfacet
  facet normal 0 0 1
    outer loop
      vertex 37.2964 1.94014 6.505
      vertex 37.25 4 6.505
      vertex 37.25 1.91821 6.505
    endloop
  endfacet
  facet normal -1 0 0
    outer loop
      vertex 39.79 0 4.305
      vertex 39.79 4 6.505
      vertex 39.79 4 4.305
    endloop
  endfacet
  facet normal -1 -0 0
    outer loop
      vertex 39.79 4 6.505
      vertex 39.79 0 4.305
      vertex 39.79 0 6.505
    endloop
  endfacet
  facet normal 0 1 -0
    outer loop
      vertex 39.79 0 4.305
      vertex 39.7275 0 6.505
      vertex 39.79 0 6.505
    endloop
  endfacet
  facet normal 0 1 0
    outer loop
      vertex 39.7275 0 6.505
      vertex 39.79 0 4.305
      vertex 39.7275 0 4.305
    endloop
  endfacet
  facet normal -1 0 0
    outer loop
      vertex 39.7275 -1.3266 4.305
      vertex 39.7275 0 6.505
      vertex 39.7275 0 4.305
    endloop
  endfacet
  facet normal -1 -0 0
    outer loop
      vertex 39.7275 0 6.505
      vertex 39.7275 -1.3266 4.305
      vertex 39.7275 -1.3266 6.505
    endloop
  endfacet
  facet normal -0.743063 0.669222 0
    outer loop
      vertex 39.5849 -1.48491 4.305
      vertex 39.7275 -1.3266 6.505
      vertex 39.7275 -1.3266 4.305
    endloop
  endfacet
  facet normal -0.743063 0.669222 0
    outer loop
      vertex 39.7275 -1.3266 6.505
      vertex 39.5849 -1.48491 4.305
      vertex 39.5849 -1.48491 6.505
    endloop
  endfacet
  facet normal -0.671607 0.740908 0
    outer loop
      vertex 39.5849 -1.48491 4.305
      vertex 39.4322 -1.62332 6.505
      vertex 39.5849 -1.48491 6.505
    endloop
  endfacet
  facet normal -0.671607 0.740908 0
    outer loop
      vertex 39.4322 -1.62332 6.505
      vertex 39.5849 -1.48491 4.305
      vertex 39.4322 -1.62332 4.305
    endloop
  endfacet
  facet normal -0.595679 0.803223 0
    outer loop
      vertex 39.4322 -1.62332 4.305
      vertex 39.2667 -1.74608 6.505
      vertex 39.4322 -1.62332 6.505
    endloop
  endfacet
  facet normal -0.595679 0.803223 0
    outer loop
      vertex 39.2667 -1.74608 6.505
      vertex 39.4322 -1.62332 4.305
      vertex 39.2667 -1.74608 4.305
    endloop
  endfacet
  facet normal -0.514093 0.857735 0
    outer loop
      vertex 39.2667 -1.74608 4.305
      vertex 39.0899 -1.85202 6.505
      vertex 39.2667 -1.74608 6.505
    endloop
  endfacet
  facet normal -0.514093 0.857735 0
    outer loop
      vertex 39.0899 -1.85202 6.505
      vertex 39.2667 -1.74608 4.305
      vertex 39.0899 -1.85202 4.305
    endloop
  endfacet
  facet normal -0.42759 0.903973 0
    outer loop
      vertex 39.0899 -1.85202 4.305
      vertex 38.9036 -1.94014 6.505
      vertex 39.0899 -1.85202 6.505
    endloop
  endfacet
  facet normal -0.42759 0.903973 0
    outer loop
      vertex 38.9036 -1.94014 6.505
      vertex 39.0899 -1.85202 4.305
      vertex 38.9036 -1.94014 4.305
    endloop
  endfacet
  facet normal -0.336876 0.941549 0
    outer loop
      vertex 38.9036 -1.94014 4.305
      vertex 38.7096 -2.00957 6.505
      vertex 38.9036 -1.94014 6.505
    endloop
  endfacet
  facet normal -0.336876 0.941549 0
    outer loop
      vertex 38.7096 -2.00957 6.505
      vertex 38.9036 -1.94014 4.305
      vertex 38.7096 -2.00957 4.305
    endloop
  endfacet
  facet normal -0.243006 0.970025 0
    outer loop
      vertex 38.7096 -2.00957 4.305
      vertex 38.5097 -2.05965 6.505
      vertex 38.7096 -2.00957 6.505
    endloop
  endfacet
  facet normal -0.243006 0.970025 0
    outer loop
      vertex 38.5097 -2.05965 6.505
      vertex 38.7096 -2.00957 4.305
      vertex 38.5097 -2.05965 4.305
    endloop
  endfacet
  facet normal -0.146675 0.989185 0
    outer loop
      vertex 38.5097 -2.05965 4.305
      vertex 38.3058 -2.08987 6.505
      vertex 38.5097 -2.05965 6.505
    endloop
  endfacet
  facet normal -0.146675 0.989185 0
    outer loop
      vertex 38.3058 -2.08987 6.505
      vertex 38.5097 -2.05965 4.305
      vertex 38.3058 -2.08987 4.305
    endloop
  endfacet
  facet normal -0.0490919 0.998794 0
    outer loop
      vertex 38.3058 -2.08987 4.305
      vertex 38.1 -2.09999 6.505
      vertex 38.3058 -2.08987 6.505
    endloop
  endfacet
  facet normal -0.0490919 0.998794 0
    outer loop
      vertex 38.1 -2.09999 6.505
      vertex 38.3058 -2.08987 4.305
      vertex 38.1 -2.09999 4.305
    endloop
  endfacet
  facet normal 0.0490919 0.998794 -0
    outer loop
      vertex 38.1 -2.09999 4.305
      vertex 37.8942 -2.08987 6.505
      vertex 38.1 -2.09999 6.505
    endloop
  endfacet
  facet normal 0.0490919 0.998794 0
    outer loop
      vertex 37.8942 -2.08987 6.505
      vertex 38.1 -2.09999 4.305
      vertex 37.8942 -2.08987 4.305
    endloop
  endfacet
  facet normal 0.146675 0.989185 -0
    outer loop
      vertex 37.8942 -2.08987 4.305
      vertex 37.6903 -2.05965 6.505
      vertex 37.8942 -2.08987 6.505
    endloop
  endfacet
  facet normal 0.146675 0.989185 0
    outer loop
      vertex 37.6903 -2.05965 6.505
      vertex 37.8942 -2.08987 4.305
      vertex 37.6903 -2.05965 4.305
    endloop
  endfacet
  facet normal 0.243006 0.970025 -0
    outer loop
      vertex 37.6903 -2.05965 4.305
      vertex 37.4904 -2.00957 6.505
      vertex 37.6903 -2.05965 6.505
    endloop
  endfacet
  facet normal 0.243006 0.970025 0
    outer loop
      vertex 37.4904 -2.00957 6.505
      vertex 37.6903 -2.05965 4.305
      vertex 37.4904 -2.00957 4.305
    endloop
  endfacet
  facet normal 0.336876 0.941549 -0
    outer loop
      vertex 37.4904 -2.00957 4.305
      vertex 37.2964 -1.94014 6.505
      vertex 37.4904 -2.00957 6.505
    endloop
  endfacet
  facet normal 0.336876 0.941549 0
    outer loop
      vertex 37.2964 -1.94014 6.505
      vertex 37.4904 -2.00957 4.305
      vertex 37.2964 -1.94014 4.305
    endloop
  endfacet
  facet normal 0.42759 0.903973 -0
    outer loop
      vertex 37.2964 -1.94014 4.305
      vertex 37.1101 -1.85202 6.505
      vertex 37.2964 -1.94014 6.505
    endloop
  endfacet
  facet normal 0.42759 0.903973 0
    outer loop
      vertex 37.1101 -1.85202 6.505
      vertex 37.2964 -1.94014 4.305
      vertex 37.1101 -1.85202 4.305
    endloop
  endfacet
  facet normal 0.514093 0.857735 -0
    outer loop
      vertex 37.1101 -1.85202 4.305
      vertex 36.9333 -1.74608 6.505
      vertex 37.1101 -1.85202 6.505
    endloop
  endfacet
  facet normal 0.514093 0.857735 0
    outer loop
      vertex 36.9333 -1.74608 6.505
      vertex 37.1101 -1.85202 4.305
      vertex 36.9333 -1.74608 4.305
    endloop
  endfacet
  facet normal 0.595679 0.803223 -0
    outer loop
      vertex 36.9333 -1.74608 4.305
      vertex 36.7678 -1.62332 6.505
      vertex 36.9333 -1.74608 6.505
    endloop
  endfacet
  facet normal 0.595679 0.803223 0
    outer loop
      vertex 36.7678 -1.62332 6.505
      vertex 36.9333 -1.74608 4.305
      vertex 36.7678 -1.62332 4.305
    endloop
  endfacet
  facet normal 0.671607 0.740908 -0
    outer loop
      vertex 36.7678 -1.62332 4.305
      vertex 36.6151 -1.48491 6.505
      vertex 36.7678 -1.62332 6.505
    endloop
  endfacet
  facet normal 0.671607 0.740908 0
    outer loop
      vertex 36.6151 -1.48491 6.505
      vertex 36.7678 -1.62332 4.305
      vertex 36.6151 -1.48491 4.305
    endloop
  endfacet
  facet normal 0.740908 0.671607 0
    outer loop
      vertex 36.6151 -1.48491 6.505
      vertex 36.4767 -1.33221 4.305
      vertex 36.4767 -1.33221 6.505
    endloop
  endfacet
  facet normal 0.740908 0.671607 0
    outer loop
      vertex 36.4767 -1.33221 4.305
      vertex 36.6151 -1.48491 6.505
      vertex 36.6151 -1.48491 4.305
    endloop
  endfacet
  facet normal 0.803223 0.595679 0
    outer loop
      vertex 36.4767 -1.33221 6.505
      vertex 36.3539 -1.16669 4.305
      vertex 36.3539 -1.16669 6.505
    endloop
  endfacet
  facet normal 0.803223 0.595679 0
    outer loop
      vertex 36.3539 -1.16669 4.305
      vertex 36.4767 -1.33221 6.505
      vertex 36.4767 -1.33221 4.305
    endloop
  endfacet
  facet normal 0.857735 0.514093 0
    outer loop
      vertex 36.3539 -1.16669 6.505
      vertex 36.248 -0.989929 4.305
      vertex 36.248 -0.989929 6.505
    endloop
  endfacet
  facet normal 0.857735 0.514093 0
    outer loop
      vertex 36.248 -0.989929 4.305
      vertex 36.3539 -1.16669 6.505
      vertex 36.3539 -1.16669 4.305
    endloop
  endfacet
  facet normal 0.903973 0.42759 0
    outer loop
      vertex 36.248 -0.989929 6.505
      vertex 36.1599 -0.803635 4.305
      vertex 36.1599 -0.803635 6.505
    endloop
  endfacet
  facet normal 0.903973 0.42759 0
    outer loop
      vertex 36.1599 -0.803635 4.305
      vertex 36.248 -0.989929 6.505
      vertex 36.248 -0.989929 4.305
    endloop
  endfacet
  facet normal 0.941549 0.336876 0
    outer loop
      vertex 36.1599 -0.803635 6.505
      vertex 36.0904 -0.609589 4.305
      vertex 36.0904 -0.609589 6.505
    endloop
  endfacet
  facet normal 0.941549 0.336876 0
    outer loop
      vertex 36.0904 -0.609589 4.305
      vertex 36.1599 -0.803635 6.505
      vertex 36.1599 -0.803635 4.305
    endloop
  endfacet
  facet normal 0.970025 0.243006 0
    outer loop
      vertex 36.0904 -0.609589 6.505
      vertex 36.0404 -0.409683 4.305
      vertex 36.0404 -0.409683 6.505
    endloop
  endfacet
  facet normal 0.970025 0.243006 0
    outer loop
      vertex 36.0404 -0.409683 4.305
      vertex 36.0904 -0.609589 6.505
      vertex 36.0904 -0.609589 4.305
    endloop
  endfacet
  facet normal 0.989185 0.146675 0
    outer loop
      vertex 36.0404 -0.409683 6.505
      vertex 36.0101 -0.205826 4.305
      vertex 36.0101 -0.205826 6.505
    endloop
  endfacet
  facet normal 0.989185 0.146675 0
    outer loop
      vertex 36.0101 -0.205826 4.305
      vertex 36.0404 -0.409683 6.505
      vertex 36.0404 -0.409683 4.305
    endloop
  endfacet
  facet normal 0.998794 0.0490919 0
    outer loop
      vertex 36.0101 -0.205826 6.505
      vertex 36 0 4.305
      vertex 36 0 6.505
    endloop
  endfacet
  facet normal 0.998794 0.0490919 0
    outer loop
      vertex 36 0 4.305
      vertex 36.0101 -0.205826 6.505
      vertex 36.0101 -0.205826 4.305
    endloop
  endfacet
  facet normal 0.998794 -0.0490919 0
    outer loop
      vertex 36 0 6.505
      vertex 36.0101 0.205826 4.305
      vertex 36.0101 0.205826 6.505
    endloop
  endfacet
  facet normal 0.998794 -0.0490919 0
    outer loop
      vertex 36.0101 0.205826 4.305
      vertex 36 0 6.505
      vertex 36 0 4.305
    endloop
  endfacet
  facet normal 0.989185 -0.146675 0
    outer loop
      vertex 36.0101 0.205826 6.505
      vertex 36.0404 0.409683 4.305
      vertex 36.0404 0.409683 6.505
    endloop
  endfacet
  facet normal 0.989185 -0.146675 0
    outer loop
      vertex 36.0404 0.409683 4.305
      vertex 36.0101 0.205826 6.505
      vertex 36.0101 0.205826 4.305
    endloop
  endfacet
  facet normal 0.970025 -0.243006 0
    outer loop
      vertex 36.0404 0.409683 6.505
      vertex 36.0904 0.609589 4.305
      vertex 36.0904 0.609589 6.505
    endloop
  endfacet
  facet normal 0.970025 -0.243006 0
    outer loop
      vertex 36.0904 0.609589 4.305
      vertex 36.0404 0.409683 6.505
      vertex 36.0404 0.409683 4.305
    endloop
  endfacet
  facet normal 0.941549 -0.336876 0
    outer loop
      vertex 36.0904 0.609589 6.505
      vertex 36.1599 0.803635 4.305
      vertex 36.1599 0.803635 6.505
    endloop
  endfacet
  facet normal 0.941549 -0.336876 0
    outer loop
      vertex 36.1599 0.803635 4.305
      vertex 36.0904 0.609589 6.505
      vertex 36.0904 0.609589 4.305
    endloop
  endfacet
  facet normal 0.903973 -0.42759 0
    outer loop
      vertex 36.1599 0.803635 6.505
      vertex 36.248 0.989929 4.305
      vertex 36.248 0.989929 6.505
    endloop
  endfacet
  facet normal 0.903973 -0.42759 0
    outer loop
      vertex 36.248 0.989929 4.305
      vertex 36.1599 0.803635 6.505
      vertex 36.1599 0.803635 4.305
    endloop
  endfacet
  facet normal 0.857735 -0.514093 0
    outer loop
      vertex 36.248 0.989929 6.505
      vertex 36.3539 1.16669 4.305
      vertex 36.3539 1.16669 6.505
    endloop
  endfacet
  facet normal 0.857735 -0.514093 0
    outer loop
      vertex 36.3539 1.16669 4.305
      vertex 36.248 0.989929 6.505
      vertex 36.248 0.989929 4.305
    endloop
  endfacet
  facet normal 0.803236 -0.595661 0
    outer loop
      vertex 36.3539 1.16669 6.505
      vertex 36.41 1.24232 4.305
      vertex 36.41 1.24232 6.505
    endloop
  endfacet
  facet normal 0.803236 -0.595661 0
    outer loop
      vertex 36.41 1.24232 4.305
      vertex 36.3539 1.16669 6.505
      vertex 36.3539 1.16669 4.305
    endloop
  endfacet
  facet normal 1 -0 0
    outer loop
      vertex 36.41 1.24232 6.505
      vertex 36.41 4 4.305
      vertex 36.41 4 6.505
    endloop
  endfacet
  facet normal 1 0 0
    outer loop
      vertex 36.41 4 4.305
      vertex 36.41 1.24232 6.505
      vertex 36.41 1.24232 4.305
    endloop
  endfacet
  facet normal -1 0 0
    outer loop
      vertex 37.25 1.91821 4.305
      vertex 37.25 4 6.505
      vertex 37.25 4 4.305
    endloop
  endfacet
  facet normal -1 -0 0
    outer loop
      vertex 37.25 4 6.505
      vertex 37.25 1.91821 4.305
      vertex 37.25 1.91821 6.505
    endloop
  endfacet
  facet normal 0.427587 -0.903974 0
    outer loop
      vertex 37.25 1.91821 4.305
      vertex 37.2964 1.94014 6.505
      vertex 37.25 1.91821 6.505
    endloop
  endfacet
  facet normal 0.427587 -0.903974 0
    outer loop
      vertex 37.2964 1.94014 6.505
      vertex 37.25 1.91821 4.305
      vertex 37.2964 1.94014 4.305
    endloop
  endfacet
  facet normal 0.336876 -0.941549 0
    outer loop
      vertex 37.2964 1.94014 4.305
      vertex 37.4904 2.00957 6.505
      vertex 37.2964 1.94014 6.505
    endloop
  endfacet
  facet normal 0.336876 -0.941549 0
    outer loop
      vertex 37.4904 2.00957 6.505
      vertex 37.2964 1.94014 4.305
      vertex 37.4904 2.00957 4.305
    endloop
  endfacet
  facet normal 0.243006 -0.970025 0
    outer loop
      vertex 37.4904 2.00957 4.305
      vertex 37.6903 2.05965 6.505
      vertex 37.4904 2.00957 6.505
    endloop
  endfacet
  facet normal 0.243006 -0.970025 0
    outer loop
      vertex 37.6903 2.05965 6.505
      vertex 37.4904 2.00957 4.305
      vertex 37.6903 2.05965 4.305
    endloop
  endfacet
  facet normal 0.146675 -0.989185 0
    outer loop
      vertex 37.6903 2.05965 4.305
      vertex 37.8942 2.08987 6.505
      vertex 37.6903 2.05965 6.505
    endloop
  endfacet
  facet normal 0.146675 -0.989185 0
    outer loop
      vertex 37.8942 2.08987 6.505
      vertex 37.6903 2.05965 4.305
      vertex 37.8942 2.08987 4.305
    endloop
  endfacet
  facet normal 0.0490919 -0.998794 0
    outer loop
      vertex 37.8942 2.08987 4.305
      vertex 38.1 2.09999 6.505
      vertex 37.8942 2.08987 6.505
    endloop
  endfacet
  facet normal 0.0490919 -0.998794 0
    outer loop
      vertex 38.1 2.09999 6.505
      vertex 37.8942 2.08987 4.305
      vertex 38.1 2.09999 4.305
    endloop
  endfacet
  facet normal -0.0490919 -0.998794 0
    outer loop
      vertex 38.1 2.09999 4.305
      vertex 38.3058 2.08987 6.505
      vertex 38.1 2.09999 6.505
    endloop
  endfacet
  facet normal -0.0490919 -0.998794 -0
    outer loop
      vertex 38.3058 2.08987 6.505
      vertex 38.1 2.09999 4.305
      vertex 38.3058 2.08987 4.305
    endloop
  endfacet
  facet normal -0.146675 -0.989185 0
    outer loop
      vertex 38.3058 2.08987 4.305
      vertex 38.5097 2.05965 6.505
      vertex 38.3058 2.08987 6.505
    endloop
  endfacet
  facet normal -0.146675 -0.989185 -0
    outer loop
      vertex 38.5097 2.05965 6.505
      vertex 38.3058 2.08987 4.305
      vertex 38.5097 2.05965 4.305
    endloop
  endfacet
  facet normal -0.243006 -0.970025 0
    outer loop
      vertex 38.5097 2.05965 4.305
      vertex 38.7096 2.00957 6.505
      vertex 38.5097 2.05965 6.505
    endloop
  endfacet
  facet normal -0.243006 -0.970025 -0
    outer loop
      vertex 38.7096 2.00957 6.505
      vertex 38.5097 2.05965 4.305
      vertex 38.7096 2.00957 4.305
    endloop
  endfacet
  facet normal -0.336876 -0.941549 0
    outer loop
      vertex 38.7096 2.00957 4.305
      vertex 38.9036 1.94014 6.505
      vertex 38.7096 2.00957 6.505
    endloop
  endfacet
  facet normal -0.336876 -0.941549 -0
    outer loop
      vertex 38.9036 1.94014 6.505
      vertex 38.7096 2.00957 4.305
      vertex 38.9036 1.94014 4.305
    endloop
  endfacet
  facet normal -0.427587 -0.903974 0
    outer loop
      vertex 38.9036 1.94014 4.305
      vertex 38.95 1.91821 6.505
      vertex 38.9036 1.94014 6.505
    endloop
  endfacet
  facet normal -0.427587 -0.903974 -0
    outer loop
      vertex 38.95 1.91821 6.505
      vertex 38.9036 1.94014 4.305
      vertex 38.95 1.91821 4.305
    endloop
  endfacet
  facet normal 1 -0 0
    outer loop
      vertex 38.95 1.91821 6.505
      vertex 38.95 4 4.305
      vertex 38.95 4 6.505
    endloop
  endfacet
  facet normal 1 0 0
    outer loop
      vertex 38.95 4 4.305
      vertex 38.95 1.91821 6.505
      vertex 38.95 1.91821 4.305
    endloop
  endfacet
  facet normal 0 -0.24298 -0.970031
    outer loop
      vertex 40.3 0.307267 4.79724
      vertex 42.3 0.457198 4.75968
      vertex 42.3 0.307267 4.79724
    endloop
  endfacet
  facet normal -0 -0.24298 -0.970031
    outer loop
      vertex 42.3 0.457198 4.75968
      vertex 40.3 0.307267 4.79724
      vertex 40.3 0.457198 4.75968
    endloop
  endfacet
  facet normal 0 -0.24298 -0.970031
    outer loop
      vertex 44.925 0.307267 4.79724
      vertex 46.9 0.457198 4.75968
      vertex 46.9 0.307267 4.79724
    endloop
  endfacet
  facet normal -0 -0.24298 -0.970031
    outer loop
      vertex 46.9 0.457198 4.75968
      vertex 44.925 0.307267 4.79724
      vertex 44.925 0.457198 4.75968
    endloop
  endfacet
  facet normal 0 -0.049071 -0.998795
    outer loop
      vertex 40.3 0 4.8275
      vertex 42.3 0.154377 4.81992
      vertex 42.3 0 4.8275
    endloop
  endfacet
  facet normal -0 -0.049071 -0.998795
    outer loop
      vertex 42.3 0.154377 4.81992
      vertex 40.3 0 4.8275
      vertex 40.3 0.154377 4.81992
    endloop
  endfacet
  facet normal 0 -0.049071 -0.998795
    outer loop
      vertex 44.925 0 4.8275
      vertex 46.9 0.154377 4.81992
      vertex 46.9 0 4.8275
    endloop
  endfacet
  facet normal -0 -0.049071 -0.998795
    outer loop
      vertex 46.9 0.154377 4.81992
      vertex 44.925 0 4.8275
      vertex 44.925 0.154377 4.81992
    endloop
  endfacet
  facet normal 0 -0.049071 0.998795
    outer loop
      vertex 40.3 0.154377 1.68508
      vertex 42.3 0 1.6775
      vertex 42.3 0.154377 1.68508
    endloop
  endfacet
  facet normal 0 -0.049071 0.998795
    outer loop
      vertex 42.3 0 1.6775
      vertex 40.3 0.154377 1.68508
      vertex 40.3 0 1.6775
    endloop
  endfacet
  facet normal 0 -0.049071 0.998795
    outer loop
      vertex 44.925 0.154377 1.68508
      vertex 46.9 0 1.6775
      vertex 46.9 0.154377 1.68508
    endloop
  endfacet
  facet normal 0 -0.049071 0.998795
    outer loop
      vertex 46.9 0 1.6775
      vertex 44.925 0.154377 1.68508
      vertex 44.925 0 1.6775
    endloop
  endfacet
  facet normal 0 -0.998795 -0.049071
    outer loop
      vertex 40.3 1.575 3.2525
      vertex 42.3 1.56742 3.40688
      vertex 40.3 1.56742 3.40688
    endloop
  endfacet
  facet normal 0 -0.998795 -0.049071
    outer loop
      vertex 42.3 1.56742 3.40688
      vertex 40.3 1.575 3.2525
      vertex 42.3 1.575 3.2525
    endloop
  endfacet
  facet normal 0 -0.998795 -0.049071
    outer loop
      vertex 44.925 1.575 3.2525
      vertex 46.9 1.56742 3.40688
      vertex 44.925 1.56742 3.40688
    endloop
  endfacet
  facet normal 0 -0.998795 -0.049071
    outer loop
      vertex 46.9 1.56742 3.40688
      vertex 44.925 1.575 3.2525
      vertex 46.9 1.575 3.2525
    endloop
  endfacet
  facet normal 0 -0.740947 -0.671564
    outer loop
      vertex 40.3 1.21749 4.25167
      vertex 42.3 1.11369 4.36619
      vertex 40.3 1.11369 4.36619
    endloop
  endfacet
  facet normal 0 -0.740947 -0.671564
    outer loop
      vertex 42.3 1.11369 4.36619
      vertex 40.3 1.21749 4.25167
      vertex 42.3 1.21749 4.25167
    endloop
  endfacet
  facet normal 0 -0.740947 -0.671564
    outer loop
      vertex 44.925 1.21749 4.25167
      vertex 46.9 1.11369 4.36619
      vertex 44.925 1.11369 4.36619
    endloop
  endfacet
  facet normal 0 -0.740947 -0.671564
    outer loop
      vertex 46.9 1.11369 4.36619
      vertex 44.925 1.21749 4.25167
      vertex 46.9 1.21749 4.25167
    endloop
  endfacet
  facet normal 0 -0.740947 0.671564
    outer loop
      vertex 44.925 1.11369 2.13881
      vertex 46.9 1.21749 2.25333
      vertex 44.925 1.21749 2.25333
    endloop
  endfacet
  facet normal 0 -0.740947 0.671564
    outer loop
      vertex 46.9 1.21749 2.25333
      vertex 44.925 1.11369 2.13881
      vertex 46.9 1.11369 2.13881
    endloop
  endfacet
  facet normal 0 -0.740947 0.671564
    outer loop
      vertex 40.3 1.11369 2.13881
      vertex 42.3 1.21749 2.25333
      vertex 40.3 1.21749 2.25333
    endloop
  endfacet
  facet normal 0 -0.740947 0.671564
    outer loop
      vertex 42.3 1.21749 2.25333
      vertex 40.3 1.11369 2.13881
      vertex 42.3 1.11369 2.13881
    endloop
  endfacet
  facet normal 0 -0.941544 0.336889
    outer loop
      vertex 40.3 1.45511 2.64977
      vertex 42.3 1.50718 2.7953
      vertex 40.3 1.50718 2.7953
    endloop
  endfacet
  facet normal 0 -0.941544 0.336889
    outer loop
      vertex 42.3 1.50718 2.7953
      vertex 40.3 1.45511 2.64977
      vertex 42.3 1.45511 2.64977
    endloop
  endfacet
  facet normal 0 -0.941544 0.336889
    outer loop
      vertex 44.925 1.45511 2.64977
      vertex 46.9 1.50718 2.7953
      vertex 44.925 1.50718 2.7953
    endloop
  endfacet
  facet normal 0 -0.941544 0.336889
    outer loop
      vertex 46.9 1.50718 2.7953
      vertex 44.925 1.45511 2.64977
      vertex 46.9 1.45511 2.64977
    endloop
  endfacet
  facet normal -0 0.5957 0.803207
    outer loop
      vertex 40.3 -0.875023 1.94294
      vertex 42.3 -0.999169 2.03501
      vertex 42.3 -0.875023 1.94294
    endloop
  endfacet
  facet normal 0 0.5957 0.803207
    outer loop
      vertex 42.3 -0.999169 2.03501
      vertex 40.3 -0.875023 1.94294
      vertex 40.3 -0.999169 2.03501
    endloop
  endfacet
  facet normal -0 0.5957 0.803207
    outer loop
      vertex 44.925 -0.875023 1.94294
      vertex 46.9 -0.999169 2.03501
      vertex 46.9 -0.875023 1.94294
    endloop
  endfacet
  facet normal 0 0.5957 0.803207
    outer loop
      vertex 46.9 -0.999169 2.03501
      vertex 44.925 -0.875023 1.94294
      vertex 44.925 -0.999169 2.03501
    endloop
  endfacet
  facet normal 0 -0.336889 -0.941544
    outer loop
      vertex 40.3 0.457198 4.75968
      vertex 42.3 0.602726 4.70761
      vertex 42.3 0.457198 4.75968
    endloop
  endfacet
  facet normal -0 -0.336889 -0.941544
    outer loop
      vertex 42.3 0.602726 4.70761
      vertex 40.3 0.457198 4.75968
      vertex 40.3 0.602726 4.70761
    endloop
  endfacet
  facet normal 0 -0.336889 -0.941544
    outer loop
      vertex 44.925 0.457198 4.75968
      vertex 46.9 0.602726 4.70761
      vertex 46.9 0.457198 4.75968
    endloop
  endfacet
  facet normal -0 -0.336889 -0.941544
    outer loop
      vertex 46.9 0.602726 4.70761
      vertex 44.925 0.457198 4.75968
      vertex 44.925 0.602726 4.70761
    endloop
  endfacet
  facet normal 0 -0.903991 -0.427552
    outer loop
      vertex 44.925 1.45511 3.85523
      vertex 46.9 1.38903 3.99495
      vertex 44.925 1.38903 3.99495
    endloop
  endfacet
  facet normal 0 -0.903991 -0.427552
    outer loop
      vertex 46.9 1.38903 3.99495
      vertex 44.925 1.45511 3.85523
      vertex 46.9 1.45511 3.85523
    endloop
  endfacet
  facet normal 0 -0.903991 -0.427552
    outer loop
      vertex 40.3 1.45511 3.85523
      vertex 42.3 1.38903 3.99495
      vertex 40.3 1.38903 3.99495
    endloop
  endfacet
  facet normal 0 -0.903991 -0.427552
    outer loop
      vertex 42.3 1.38903 3.99495
      vertex 40.3 1.45511 3.85523
      vertex 42.3 1.45511 3.85523
    endloop
  endfacet
  facet normal 0 -0.803207 -0.5957
    outer loop
      vertex 40.3 1.30956 4.12752
      vertex 42.3 1.21749 4.25167
      vertex 40.3 1.21749 4.25167
    endloop
  endfacet
  facet normal 0 -0.803207 -0.5957
    outer loop
      vertex 42.3 1.21749 4.25167
      vertex 40.3 1.30956 4.12752
      vertex 42.3 1.30956 4.12752
    endloop
  endfacet
  facet normal 0 -0.803207 -0.5957
    outer loop
      vertex 44.925 1.30956 4.12752
      vertex 46.9 1.21749 4.25167
      vertex 44.925 1.21749 4.25167
    endloop
  endfacet
  facet normal 0 -0.803207 -0.5957
    outer loop
      vertex 46.9 1.21749 4.25167
      vertex 44.925 1.30956 4.12752
      vertex 46.9 1.30956 4.12752
    endloop
  endfacet
  facet normal 0 -0.514102 0.857729
    outer loop
      vertex 40.3 0.875023 1.94294
      vertex 42.3 0.74245 1.86347
      vertex 42.3 0.875023 1.94294
    endloop
  endfacet
  facet normal 0 -0.514102 0.857729
    outer loop
      vertex 42.3 0.74245 1.86347
      vertex 40.3 0.875023 1.94294
      vertex 40.3 0.74245 1.86347
    endloop
  endfacet
  facet normal 0 -0.514102 0.857729
    outer loop
      vertex 44.925 0.875023 1.94294
      vertex 46.9 0.74245 1.86347
      vertex 46.9 0.875023 1.94294
    endloop
  endfacet
  facet normal 0 -0.514102 0.857729
    outer loop
      vertex 46.9 0.74245 1.86347
      vertex 44.925 0.875023 1.94294
      vertex 44.925 0.74245 1.86347
    endloop
  endfacet
  facet normal 0 -0.5957 0.803207
    outer loop
      vertex 40.3 0.999169 2.03501
      vertex 42.3 0.875023 1.94294
      vertex 42.3 0.999169 2.03501
    endloop
  endfacet
  facet normal 0 -0.5957 0.803207
    outer loop
      vertex 42.3 0.875023 1.94294
      vertex 40.3 0.999169 2.03501
      vertex 40.3 0.875023 1.94294
    endloop
  endfacet
  facet normal 0 -0.5957 0.803207
    outer loop
      vertex 44.925 0.999169 2.03501
      vertex 46.9 0.875023 1.94294
      vertex 46.9 0.999169 2.03501
    endloop
  endfacet
  facet normal 0 -0.5957 0.803207
    outer loop
      vertex 46.9 0.875023 1.94294
      vertex 44.925 0.999169 2.03501
      vertex 44.925 0.875023 1.94294
    endloop
  endfacet
  facet normal 0 0.427552 -0.903991
    outer loop
      vertex 40.3 -0.74245 4.64153
      vertex 42.3 -0.602726 4.70761
      vertex 42.3 -0.74245 4.64153
    endloop
  endfacet
  facet normal 0 0.427552 -0.903991
    outer loop
      vertex 42.3 -0.602726 4.70761
      vertex 40.3 -0.74245 4.64153
      vertex 40.3 -0.602726 4.70761
    endloop
  endfacet
  facet normal 0 0.427552 -0.903991
    outer loop
      vertex 44.925 -0.74245 4.64153
      vertex 46.9 -0.602726 4.70761
      vertex 46.9 -0.74245 4.64153
    endloop
  endfacet
  facet normal 0 0.427552 -0.903991
    outer loop
      vertex 46.9 -0.602726 4.70761
      vertex 44.925 -0.74245 4.64153
      vertex 44.925 -0.602726 4.70761
    endloop
  endfacet
  facet normal 0 0.941544 -0.336889
    outer loop
      vertex 42.3 -1.50718 3.7097
      vertex 40.3 -1.45511 3.85523
      vertex 42.3 -1.45511 3.85523
    endloop
  endfacet
  facet normal 0 0.941544 -0.336889
    outer loop
      vertex 40.3 -1.45511 3.85523
      vertex 42.3 -1.50718 3.7097
      vertex 40.3 -1.50718 3.7097
    endloop
  endfacet
  facet normal 0 0.941544 -0.336889
    outer loop
      vertex 46.9 -1.50718 3.7097
      vertex 44.925 -1.45511 3.85523
      vertex 46.9 -1.45511 3.85523
    endloop
  endfacet
  facet normal 0 0.941544 -0.336889
    outer loop
      vertex 44.925 -1.45511 3.85523
      vertex 46.9 -1.50718 3.7097
      vertex 44.925 -1.50718 3.7097
    endloop
  endfacet
  facet normal 0 0.671564 -0.740947
    outer loop
      vertex 40.3 -1.11369 4.36619
      vertex 42.3 -0.999169 4.46999
      vertex 42.3 -1.11369 4.36619
    endloop
  endfacet
  facet normal 0 0.671564 -0.740947
    outer loop
      vertex 42.3 -0.999169 4.46999
      vertex 40.3 -1.11369 4.36619
      vertex 40.3 -0.999169 4.46999
    endloop
  endfacet
  facet normal 0 0.671564 -0.740947
    outer loop
      vertex 44.925 -1.11369 4.36619
      vertex 46.9 -0.999169 4.46999
      vertex 46.9 -1.11369 4.36619
    endloop
  endfacet
  facet normal 0 0.671564 -0.740947
    outer loop
      vertex 46.9 -0.999169 4.46999
      vertex 44.925 -1.11369 4.36619
      vertex 44.925 -0.999169 4.46999
    endloop
  endfacet
  facet normal 0 0.24298 -0.970031
    outer loop
      vertex 40.3 -0.457198 4.75968
      vertex 42.3 -0.307267 4.79724
      vertex 42.3 -0.457198 4.75968
    endloop
  endfacet
  facet normal 0 0.24298 -0.970031
    outer loop
      vertex 42.3 -0.307267 4.79724
      vertex 40.3 -0.457198 4.75968
      vertex 40.3 -0.307267 4.79724
    endloop
  endfacet
  facet normal 0 0.24298 -0.970031
    outer loop
      vertex 44.925 -0.457198 4.75968
      vertex 46.9 -0.307267 4.79724
      vertex 46.9 -0.457198 4.75968
    endloop
  endfacet
  facet normal 0 0.24298 -0.970031
    outer loop
      vertex 46.9 -0.307267 4.79724
      vertex 44.925 -0.457198 4.75968
      vertex 44.925 -0.307267 4.79724
    endloop
  endfacet
  facet normal 0 0.941544 0.336889
    outer loop
      vertex 42.3 -1.45511 2.64977
      vertex 40.3 -1.50718 2.7953
      vertex 42.3 -1.50718 2.7953
    endloop
  endfacet
  facet normal 0 0.941544 0.336889
    outer loop
      vertex 40.3 -1.50718 2.7953
      vertex 42.3 -1.45511 2.64977
      vertex 40.3 -1.45511 2.64977
    endloop
  endfacet
  facet normal 0 0.941544 0.336889
    outer loop
      vertex 46.9 -1.45511 2.64977
      vertex 44.925 -1.50718 2.7953
      vertex 46.9 -1.50718 2.7953
    endloop
  endfacet
  facet normal 0 0.941544 0.336889
    outer loop
      vertex 44.925 -1.50718 2.7953
      vertex 46.9 -1.45511 2.64977
      vertex 44.925 -1.45511 2.64977
    endloop
  endfacet
  facet normal 0 0.857729 0.514102
    outer loop
      vertex 42.3 -1.30956 2.37748
      vertex 40.3 -1.38903 2.51005
      vertex 42.3 -1.38903 2.51005
    endloop
  endfacet
  facet normal 0 0.857729 0.514102
    outer loop
      vertex 40.3 -1.38903 2.51005
      vertex 42.3 -1.30956 2.37748
      vertex 40.3 -1.30956 2.37748
    endloop
  endfacet
  facet normal 0 0.857729 0.514102
    outer loop
      vertex 46.9 -1.30956 2.37748
      vertex 44.925 -1.38903 2.51005
      vertex 46.9 -1.38903 2.51005
    endloop
  endfacet
  facet normal 0 0.857729 0.514102
    outer loop
      vertex 44.925 -1.38903 2.51005
      vertex 46.9 -1.30956 2.37748
      vertex 44.925 -1.30956 2.37748
    endloop
  endfacet
  facet normal 0 -0.427552 -0.903991
    outer loop
      vertex 40.3 0.602726 4.70761
      vertex 42.3 0.74245 4.64153
      vertex 42.3 0.602726 4.70761
    endloop
  endfacet
  facet normal -0 -0.427552 -0.903991
    outer loop
      vertex 42.3 0.74245 4.64153
      vertex 40.3 0.602726 4.70761
      vertex 40.3 0.74245 4.64153
    endloop
  endfacet
  facet normal 0 -0.427552 -0.903991
    outer loop
      vertex 44.925 0.602726 4.70761
      vertex 46.9 0.74245 4.64153
      vertex 46.9 0.602726 4.70761
    endloop
  endfacet
  facet normal -0 -0.427552 -0.903991
    outer loop
      vertex 46.9 0.74245 4.64153
      vertex 44.925 0.602726 4.70761
      vertex 44.925 0.74245 4.64153
    endloop
  endfacet
  facet normal 0 -0.514102 -0.857729
    outer loop
      vertex 40.3 0.74245 4.64153
      vertex 42.3 0.875023 4.56206
      vertex 42.3 0.74245 4.64153
    endloop
  endfacet
  facet normal -0 -0.514102 -0.857729
    outer loop
      vertex 42.3 0.875023 4.56206
      vertex 40.3 0.74245 4.64153
      vertex 40.3 0.875023 4.56206
    endloop
  endfacet
  facet normal 0 -0.514102 -0.857729
    outer loop
      vertex 44.925 0.74245 4.64153
      vertex 46.9 0.875023 4.56206
      vertex 46.9 0.74245 4.64153
    endloop
  endfacet
  facet normal -0 -0.514102 -0.857729
    outer loop
      vertex 46.9 0.875023 4.56206
      vertex 44.925 0.74245 4.64153
      vertex 44.925 0.875023 4.56206
    endloop
  endfacet
  facet normal 0 -0.671564 -0.740947
    outer loop
      vertex 40.3 0.999169 4.46999
      vertex 42.3 1.11369 4.36619
      vertex 42.3 0.999169 4.46999
    endloop
  endfacet
  facet normal -0 -0.671564 -0.740947
    outer loop
      vertex 42.3 1.11369 4.36619
      vertex 40.3 0.999169 4.46999
      vertex 40.3 1.11369 4.36619
    endloop
  endfacet
  facet normal 0 -0.671564 -0.740947
    outer loop
      vertex 44.925 0.999169 4.46999
      vertex 46.9 1.11369 4.36619
      vertex 46.9 0.999169 4.46999
    endloop
  endfacet
  facet normal -0 -0.671564 -0.740947
    outer loop
      vertex 46.9 1.11369 4.36619
      vertex 44.925 0.999169 4.46999
      vertex 44.925 1.11369 4.36619
    endloop
  endfacet
  facet normal 0 -0.5957 -0.803207
    outer loop
      vertex 44.925 0.875023 4.56206
      vertex 46.9 0.999169 4.46999
      vertex 46.9 0.875023 4.56206
    endloop
  endfacet
  facet normal -0 -0.5957 -0.803207
    outer loop
      vertex 46.9 0.999169 4.46999
      vertex 44.925 0.875023 4.56206
      vertex 44.925 0.999169 4.46999
    endloop
  endfacet
  facet normal 0 -0.5957 -0.803207
    outer loop
      vertex 40.3 0.875023 4.56206
      vertex 42.3 0.999169 4.46999
      vertex 42.3 0.875023 4.56206
    endloop
  endfacet
  facet normal -0 -0.5957 -0.803207
    outer loop
      vertex 42.3 0.999169 4.46999
      vertex 40.3 0.875023 4.56206
      vertex 40.3 0.999169 4.46999
    endloop
  endfacet
  facet normal 0 -0.970031 -0.24298
    outer loop
      vertex 40.3 1.54474 3.55977
      vertex 42.3 1.50718 3.7097
      vertex 40.3 1.50718 3.7097
    endloop
  endfacet
  facet normal 0 -0.970031 -0.24298
    outer loop
      vertex 42.3 1.50718 3.7097
      vertex 40.3 1.54474 3.55977
      vertex 42.3 1.54474 3.55977
    endloop
  endfacet
  facet normal 0 -0.970031 -0.24298
    outer loop
      vertex 44.925 1.54474 3.55977
      vertex 46.9 1.50718 3.7097
      vertex 44.925 1.50718 3.7097
    endloop
  endfacet
  facet normal 0 -0.970031 -0.24298
    outer loop
      vertex 46.9 1.50718 3.7097
      vertex 44.925 1.54474 3.55977
      vertex 46.9 1.54474 3.55977
    endloop
  endfacet
  facet normal 0 -0.989176 -0.146732
    outer loop
      vertex 40.3 1.56742 3.40688
      vertex 42.3 1.54474 3.55977
      vertex 40.3 1.54474 3.55977
    endloop
  endfacet
  facet normal 0 -0.989176 -0.146732
    outer loop
      vertex 42.3 1.54474 3.55977
      vertex 40.3 1.56742 3.40688
      vertex 42.3 1.56742 3.40688
    endloop
  endfacet
  facet normal 0 -0.989176 -0.146732
    outer loop
      vertex 44.925 1.56742 3.40688
      vertex 46.9 1.54474 3.55977
      vertex 44.925 1.54474 3.55977
    endloop
  endfacet
  facet normal 0 -0.989176 -0.146732
    outer loop
      vertex 46.9 1.54474 3.55977
      vertex 44.925 1.56742 3.40688
      vertex 46.9 1.56742 3.40688
    endloop
  endfacet
  facet normal 0 -0.857729 -0.514102
    outer loop
      vertex 40.3 1.38903 3.99495
      vertex 42.3 1.30956 4.12752
      vertex 40.3 1.30956 4.12752
    endloop
  endfacet
  facet normal 0 -0.857729 -0.514102
    outer loop
      vertex 42.3 1.30956 4.12752
      vertex 40.3 1.38903 3.99495
      vertex 42.3 1.38903 3.99495
    endloop
  endfacet
  facet normal 0 -0.857729 -0.514102
    outer loop
      vertex 44.925 1.38903 3.99495
      vertex 46.9 1.30956 4.12752
      vertex 44.925 1.30956 4.12752
    endloop
  endfacet
  facet normal 0 -0.857729 -0.514102
    outer loop
      vertex 46.9 1.30956 4.12752
      vertex 44.925 1.38903 3.99495
      vertex 46.9 1.38903 3.99495
    endloop
  endfacet
  facet normal 0 -0.427552 0.903991
    outer loop
      vertex 40.3 0.74245 1.86347
      vertex 42.3 0.602726 1.79739
      vertex 42.3 0.74245 1.86347
    endloop
  endfacet
  facet normal 0 -0.427552 0.903991
    outer loop
      vertex 42.3 0.602726 1.79739
      vertex 40.3 0.74245 1.86347
      vertex 40.3 0.602726 1.79739
    endloop
  endfacet
  facet normal 0 -0.427552 0.903991
    outer loop
      vertex 44.925 0.74245 1.86347
      vertex 46.9 0.602726 1.79739
      vertex 46.9 0.74245 1.86347
    endloop
  endfacet
  facet normal 0 -0.427552 0.903991
    outer loop
      vertex 46.9 0.602726 1.79739
      vertex 44.925 0.74245 1.86347
      vertex 44.925 0.602726 1.79739
    endloop
  endfacet
  facet normal 0 -0.24298 0.970031
    outer loop
      vertex 40.3 0.457198 1.74532
      vertex 42.3 0.307267 1.70776
      vertex 42.3 0.457198 1.74532
    endloop
  endfacet
  facet normal 0 -0.24298 0.970031
    outer loop
      vertex 42.3 0.307267 1.70776
      vertex 40.3 0.457198 1.74532
      vertex 40.3 0.307267 1.70776
    endloop
  endfacet
  facet normal 0 -0.24298 0.970031
    outer loop
      vertex 44.925 0.457198 1.74532
      vertex 46.9 0.307267 1.70776
      vertex 46.9 0.457198 1.74532
    endloop
  endfacet
  facet normal 0 -0.24298 0.970031
    outer loop
      vertex 46.9 0.307267 1.70776
      vertex 44.925 0.457198 1.74532
      vertex 44.925 0.307267 1.70776
    endloop
  endfacet
  facet normal 0 -0.146732 0.989176
    outer loop
      vertex 40.3 0.307267 1.70776
      vertex 42.3 0.154377 1.68508
      vertex 42.3 0.307267 1.70776
    endloop
  endfacet
  facet normal 0 -0.146732 0.989176
    outer loop
      vertex 42.3 0.154377 1.68508
      vertex 40.3 0.307267 1.70776
      vertex 40.3 0.154377 1.68508
    endloop
  endfacet
  facet normal 0 -0.146732 0.989176
    outer loop
      vertex 44.925 0.307267 1.70776
      vertex 46.9 0.154377 1.68508
      vertex 46.9 0.307267 1.70776
    endloop
  endfacet
  facet normal 0 -0.146732 0.989176
    outer loop
      vertex 46.9 0.154377 1.68508
      vertex 44.925 0.307267 1.70776
      vertex 44.925 0.154377 1.68508
    endloop
  endfacet
  facet normal 0 -0.857729 0.514102
    outer loop
      vertex 40.3 1.30956 2.37748
      vertex 42.3 1.38903 2.51005
      vertex 40.3 1.38903 2.51005
    endloop
  endfacet
  facet normal 0 -0.857729 0.514102
    outer loop
      vertex 42.3 1.38903 2.51005
      vertex 40.3 1.30956 2.37748
      vertex 42.3 1.30956 2.37748
    endloop
  endfacet
  facet normal 0 -0.857729 0.514102
    outer loop
      vertex 44.925 1.30956 2.37748
      vertex 46.9 1.38903 2.51005
      vertex 44.925 1.38903 2.51005
    endloop
  endfacet
  facet normal 0 -0.857729 0.514102
    outer loop
      vertex 46.9 1.38903 2.51005
      vertex 44.925 1.30956 2.37748
      vertex 46.9 1.30956 2.37748
    endloop
  endfacet
  facet normal 0 -0.803207 0.5957
    outer loop
      vertex 40.3 1.21749 2.25333
      vertex 42.3 1.30956 2.37748
      vertex 40.3 1.30956 2.37748
    endloop
  endfacet
  facet normal 0 -0.803207 0.5957
    outer loop
      vertex 42.3 1.30956 2.37748
      vertex 40.3 1.21749 2.25333
      vertex 42.3 1.21749 2.25333
    endloop
  endfacet
  facet normal 0 -0.803207 0.5957
    outer loop
      vertex 44.925 1.21749 2.25333
      vertex 46.9 1.30956 2.37748
      vertex 44.925 1.30956 2.37748
    endloop
  endfacet
  facet normal 0 -0.803207 0.5957
    outer loop
      vertex 46.9 1.30956 2.37748
      vertex 44.925 1.21749 2.25333
      vertex 46.9 1.21749 2.25333
    endloop
  endfacet
  facet normal 0 -0.998795 0.049071
    outer loop
      vertex 40.3 1.56742 3.09812
      vertex 42.3 1.575 3.2525
      vertex 40.3 1.575 3.2525
    endloop
  endfacet
  facet normal 0 -0.998795 0.049071
    outer loop
      vertex 42.3 1.575 3.2525
      vertex 40.3 1.56742 3.09812
      vertex 42.3 1.56742 3.09812
    endloop
  endfacet
  facet normal 0 -0.998795 0.049071
    outer loop
      vertex 44.925 1.56742 3.09812
      vertex 46.9 1.575 3.2525
      vertex 44.925 1.575 3.2525
    endloop
  endfacet
  facet normal 0 -0.998795 0.049071
    outer loop
      vertex 46.9 1.575 3.2525
      vertex 44.925 1.56742 3.09812
      vertex 46.9 1.56742 3.09812
    endloop
  endfacet
  facet normal 0 -0.970031 0.24298
    outer loop
      vertex 40.3 1.50718 2.7953
      vertex 42.3 1.54474 2.94523
      vertex 40.3 1.54474 2.94523
    endloop
  endfacet
  facet normal 0 -0.970031 0.24298
    outer loop
      vertex 42.3 1.54474 2.94523
      vertex 40.3 1.50718 2.7953
      vertex 42.3 1.50718 2.7953
    endloop
  endfacet
  facet normal 0 -0.970031 0.24298
    outer loop
      vertex 44.925 1.50718 2.7953
      vertex 46.9 1.54474 2.94523
      vertex 44.925 1.54474 2.94523
    endloop
  endfacet
  facet normal 0 -0.970031 0.24298
    outer loop
      vertex 46.9 1.54474 2.94523
      vertex 44.925 1.50718 2.7953
      vertex 46.9 1.50718 2.7953
    endloop
  endfacet
  facet normal 0 -0.989176 0.146732
    outer loop
      vertex 40.3 1.54474 2.94523
      vertex 42.3 1.56742 3.09812
      vertex 40.3 1.56742 3.09812
    endloop
  endfacet
  facet normal 0 -0.989176 0.146732
    outer loop
      vertex 42.3 1.56742 3.09812
      vertex 40.3 1.54474 2.94523
      vertex 42.3 1.54474 2.94523
    endloop
  endfacet
  facet normal 0 -0.989176 0.146732
    outer loop
      vertex 44.925 1.54474 2.94523
      vertex 46.9 1.56742 3.09812
      vertex 44.925 1.56742 3.09812
    endloop
  endfacet
  facet normal 0 -0.989176 0.146732
    outer loop
      vertex 46.9 1.56742 3.09812
      vertex 44.925 1.54474 2.94523
      vertex 46.9 1.54474 2.94523
    endloop
  endfacet
  facet normal 0 0.970031 -0.24298
    outer loop
      vertex 42.3 -1.54474 3.55977
      vertex 40.3 -1.50718 3.7097
      vertex 42.3 -1.50718 3.7097
    endloop
  endfacet
  facet normal 0 0.970031 -0.24298
    outer loop
      vertex 40.3 -1.50718 3.7097
      vertex 42.3 -1.54474 3.55977
      vertex 40.3 -1.54474 3.55977
    endloop
  endfacet
  facet normal 0 0.970031 -0.24298
    outer loop
      vertex 46.9 -1.54474 3.55977
      vertex 44.925 -1.50718 3.7097
      vertex 46.9 -1.50718 3.7097
    endloop
  endfacet
  facet normal 0 0.970031 -0.24298
    outer loop
      vertex 44.925 -1.50718 3.7097
      vertex 46.9 -1.54474 3.55977
      vertex 44.925 -1.54474 3.55977
    endloop
  endfacet
  facet normal 0 0.857729 -0.514102
    outer loop
      vertex 42.3 -1.38903 3.99495
      vertex 40.3 -1.30956 4.12752
      vertex 42.3 -1.30956 4.12752
    endloop
  endfacet
  facet normal 0 0.857729 -0.514102
    outer loop
      vertex 40.3 -1.30956 4.12752
      vertex 42.3 -1.38903 3.99495
      vertex 40.3 -1.38903 3.99495
    endloop
  endfacet
  facet normal 0 0.857729 -0.514102
    outer loop
      vertex 46.9 -1.38903 3.99495
      vertex 44.925 -1.30956 4.12752
      vertex 46.9 -1.30956 4.12752
    endloop
  endfacet
  facet normal 0 0.857729 -0.514102
    outer loop
      vertex 44.925 -1.30956 4.12752
      vertex 46.9 -1.38903 3.99495
      vertex 44.925 -1.38903 3.99495
    endloop
  endfacet
  facet normal 0 0.740947 -0.671564
    outer loop
      vertex 42.3 -1.21749 4.25167
      vertex 40.3 -1.11369 4.36619
      vertex 42.3 -1.11369 4.36619
    endloop
  endfacet
  facet normal 0 0.740947 -0.671564
    outer loop
      vertex 40.3 -1.11369 4.36619
      vertex 42.3 -1.21749 4.25167
      vertex 40.3 -1.21749 4.25167
    endloop
  endfacet
  facet normal 0 0.740947 -0.671564
    outer loop
      vertex 46.9 -1.21749 4.25167
      vertex 44.925 -1.11369 4.36619
      vertex 46.9 -1.11369 4.36619
    endloop
  endfacet
  facet normal 0 0.740947 -0.671564
    outer loop
      vertex 44.925 -1.11369 4.36619
      vertex 46.9 -1.21749 4.25167
      vertex 44.925 -1.21749 4.25167
    endloop
  endfacet
  facet normal 0 0.803207 -0.5957
    outer loop
      vertex 46.9 -1.30956 4.12752
      vertex 44.925 -1.21749 4.25167
      vertex 46.9 -1.21749 4.25167
    endloop
  endfacet
  facet normal 0 0.803207 -0.5957
    outer loop
      vertex 44.925 -1.21749 4.25167
      vertex 46.9 -1.30956 4.12752
      vertex 44.925 -1.30956 4.12752
    endloop
  endfacet
  facet normal 0 0.803207 -0.5957
    outer loop
      vertex 42.3 -1.30956 4.12752
      vertex 40.3 -1.21749 4.25167
      vertex 42.3 -1.21749 4.25167
    endloop
  endfacet
  facet normal 0 0.803207 -0.5957
    outer loop
      vertex 40.3 -1.21749 4.25167
      vertex 42.3 -1.30956 4.12752
      vertex 40.3 -1.30956 4.12752
    endloop
  endfacet
  facet normal 0 0.5957 -0.803207
    outer loop
      vertex 40.3 -0.999169 4.46999
      vertex 42.3 -0.875023 4.56206
      vertex 42.3 -0.999169 4.46999
    endloop
  endfacet
  facet normal 0 0.5957 -0.803207
    outer loop
      vertex 42.3 -0.875023 4.56206
      vertex 40.3 -0.999169 4.46999
      vertex 40.3 -0.875023 4.56206
    endloop
  endfacet
  facet normal 0 0.5957 -0.803207
    outer loop
      vertex 44.925 -0.999169 4.46999
      vertex 46.9 -0.875023 4.56206
      vertex 46.9 -0.999169 4.46999
    endloop
  endfacet
  facet normal 0 0.5957 -0.803207
    outer loop
      vertex 46.9 -0.875023 4.56206
      vertex 44.925 -0.999169 4.46999
      vertex 44.925 -0.875023 4.56206
    endloop
  endfacet
  facet normal 0 0.514102 -0.857729
    outer loop
      vertex 40.3 -0.875023 4.56206
      vertex 42.3 -0.74245 4.64153
      vertex 42.3 -0.875023 4.56206
    endloop
  endfacet
  facet normal 0 0.514102 -0.857729
    outer loop
      vertex 42.3 -0.74245 4.64153
      vertex 40.3 -0.875023 4.56206
      vertex 40.3 -0.74245 4.64153
    endloop
  endfacet
  facet normal 0 0.514102 -0.857729
    outer loop
      vertex 44.925 -0.875023 4.56206
      vertex 46.9 -0.74245 4.64153
      vertex 46.9 -0.875023 4.56206
    endloop
  endfacet
  facet normal 0 0.514102 -0.857729
    outer loop
      vertex 46.9 -0.74245 4.64153
      vertex 44.925 -0.875023 4.56206
      vertex 44.925 -0.74245 4.64153
    endloop
  endfacet
  facet normal 0 0.989176 0.146732
    outer loop
      vertex 42.3 -1.54474 2.94523
      vertex 40.3 -1.56742 3.09812
      vertex 42.3 -1.56742 3.09812
    endloop
  endfacet
  facet normal 0 0.989176 0.146732
    outer loop
      vertex 40.3 -1.56742 3.09812
      vertex 42.3 -1.54474 2.94523
      vertex 40.3 -1.54474 2.94523
    endloop
  endfacet
  facet normal 0 0.989176 0.146732
    outer loop
      vertex 46.9 -1.54474 2.94523
      vertex 44.925 -1.56742 3.09812
      vertex 46.9 -1.56742 3.09812
    endloop
  endfacet
  facet normal 0 0.989176 0.146732
    outer loop
      vertex 44.925 -1.56742 3.09812
      vertex 46.9 -1.54474 2.94523
      vertex 44.925 -1.54474 2.94523
    endloop
  endfacet
  facet normal 0 0.740947 0.671564
    outer loop
      vertex 42.3 -1.11369 2.13881
      vertex 40.3 -1.21749 2.25333
      vertex 42.3 -1.21749 2.25333
    endloop
  endfacet
  facet normal 0 0.740947 0.671564
    outer loop
      vertex 40.3 -1.21749 2.25333
      vertex 42.3 -1.11369 2.13881
      vertex 40.3 -1.11369 2.13881
    endloop
  endfacet
  facet normal 0 0.740947 0.671564
    outer loop
      vertex 46.9 -1.11369 2.13881
      vertex 44.925 -1.21749 2.25333
      vertex 46.9 -1.21749 2.25333
    endloop
  endfacet
  facet normal 0 0.740947 0.671564
    outer loop
      vertex 44.925 -1.21749 2.25333
      vertex 46.9 -1.11369 2.13881
      vertex 44.925 -1.11369 2.13881
    endloop
  endfacet
  facet normal 0 0.903991 0.427552
    outer loop
      vertex 42.3 -1.38903 2.51005
      vertex 40.3 -1.45511 2.64977
      vertex 42.3 -1.45511 2.64977
    endloop
  endfacet
  facet normal 0 0.903991 0.427552
    outer loop
      vertex 40.3 -1.45511 2.64977
      vertex 42.3 -1.38903 2.51005
      vertex 40.3 -1.38903 2.51005
    endloop
  endfacet
  facet normal 0 0.903991 0.427552
    outer loop
      vertex 46.9 -1.38903 2.51005
      vertex 44.925 -1.45511 2.64977
      vertex 46.9 -1.45511 2.64977
    endloop
  endfacet
  facet normal 0 0.903991 0.427552
    outer loop
      vertex 44.925 -1.45511 2.64977
      vertex 46.9 -1.38903 2.51005
      vertex 44.925 -1.38903 2.51005
    endloop
  endfacet
  facet normal 0 0.998795 0.049071
    outer loop
      vertex 46.9 -1.56742 3.09812
      vertex 44.925 -1.575 3.2525
      vertex 46.9 -1.575 3.2525
    endloop
  endfacet
  facet normal 0 0.998795 0.049071
    outer loop
      vertex 44.925 -1.575 3.2525
      vertex 46.9 -1.56742 3.09812
      vertex 44.925 -1.56742 3.09812
    endloop
  endfacet
  facet normal 0 0.998795 0.049071
    outer loop
      vertex 42.3 -1.56742 3.09812
      vertex 40.3 -1.575 3.2525
      vertex 42.3 -1.575 3.2525
    endloop
  endfacet
  facet normal 0 0.998795 0.049071
    outer loop
      vertex 40.3 -1.575 3.2525
      vertex 42.3 -1.56742 3.09812
      vertex 40.3 -1.56742 3.09812
    endloop
  endfacet
  facet normal 0 0.803207 0.5957
    outer loop
      vertex 42.3 -1.21749 2.25333
      vertex 40.3 -1.30956 2.37748
      vertex 42.3 -1.30956 2.37748
    endloop
  endfacet
  facet normal 0 0.803207 0.5957
    outer loop
      vertex 40.3 -1.30956 2.37748
      vertex 42.3 -1.21749 2.25333
      vertex 40.3 -1.21749 2.25333
    endloop
  endfacet
  facet normal 0 0.803207 0.5957
    outer loop
      vertex 46.9 -1.21749 2.25333
      vertex 44.925 -1.30956 2.37748
      vertex 46.9 -1.30956 2.37748
    endloop
  endfacet
  facet normal 0 0.803207 0.5957
    outer loop
      vertex 44.925 -1.30956 2.37748
      vertex 46.9 -1.21749 2.25333
      vertex 44.925 -1.21749 2.25333
    endloop
  endfacet
  facet normal -0 0.671564 0.740947
    outer loop
      vertex 40.3 -0.999169 2.03501
      vertex 42.3 -1.11369 2.13881
      vertex 42.3 -0.999169 2.03501
    endloop
  endfacet
  facet normal 0 0.671564 0.740947
    outer loop
      vertex 42.3 -1.11369 2.13881
      vertex 40.3 -0.999169 2.03501
      vertex 40.3 -1.11369 2.13881
    endloop
  endfacet
  facet normal -0 0.671564 0.740947
    outer loop
      vertex 44.925 -0.999169 2.03501
      vertex 46.9 -1.11369 2.13881
      vertex 46.9 -0.999169 2.03501
    endloop
  endfacet
  facet normal 0 0.671564 0.740947
    outer loop
      vertex 46.9 -1.11369 2.13881
      vertex 44.925 -0.999169 2.03501
      vertex 44.925 -1.11369 2.13881
    endloop
  endfacet
  facet normal -0 0.427552 0.903991
    outer loop
      vertex 40.3 -0.602726 1.79739
      vertex 42.3 -0.74245 1.86347
      vertex 42.3 -0.602726 1.79739
    endloop
  endfacet
  facet normal 0 0.427552 0.903991
    outer loop
      vertex 42.3 -0.74245 1.86347
      vertex 40.3 -0.602726 1.79739
      vertex 40.3 -0.74245 1.86347
    endloop
  endfacet
  facet normal -0 0.427552 0.903991
    outer loop
      vertex 44.925 -0.602726 1.79739
      vertex 46.9 -0.74245 1.86347
      vertex 46.9 -0.602726 1.79739
    endloop
  endfacet
  facet normal 0 0.427552 0.903991
    outer loop
      vertex 46.9 -0.74245 1.86347
      vertex 44.925 -0.602726 1.79739
      vertex 44.925 -0.74245 1.86347
    endloop
  endfacet
  facet normal -0 0.24298 0.970031
    outer loop
      vertex 44.925 -0.307267 1.70776
      vertex 46.9 -0.457198 1.74532
      vertex 46.9 -0.307267 1.70776
    endloop
  endfacet
  facet normal 0 0.24298 0.970031
    outer loop
      vertex 46.9 -0.457198 1.74532
      vertex 44.925 -0.307267 1.70776
      vertex 44.925 -0.457198 1.74532
    endloop
  endfacet
  facet normal -0 0.24298 0.970031
    outer loop
      vertex 40.3 -0.307267 1.70776
      vertex 42.3 -0.457198 1.74532
      vertex 42.3 -0.307267 1.70776
    endloop
  endfacet
  facet normal 0 0.24298 0.970031
    outer loop
      vertex 42.3 -0.457198 1.74532
      vertex 40.3 -0.307267 1.70776
      vertex 40.3 -0.457198 1.74532
    endloop
  endfacet
  facet normal -0 0.049071 0.998795
    outer loop
      vertex 40.3 0 1.6775
      vertex 42.3 -0.154377 1.68508
      vertex 42.3 0 1.6775
    endloop
  endfacet
  facet normal 0 0.049071 0.998795
    outer loop
      vertex 42.3 -0.154377 1.68508
      vertex 40.3 0 1.6775
      vertex 40.3 -0.154377 1.68508
    endloop
  endfacet
  facet normal -0 0.049071 0.998795
    outer loop
      vertex 44.925 0 1.6775
      vertex 46.9 -0.154377 1.68508
      vertex 46.9 0 1.6775
    endloop
  endfacet
  facet normal 0 0.049071 0.998795
    outer loop
      vertex 46.9 -0.154377 1.68508
      vertex 44.925 0 1.6775
      vertex 44.925 -0.154377 1.68508
    endloop
  endfacet
  facet normal 0 -0.146732 -0.989176
    outer loop
      vertex 40.3 0.154377 4.81992
      vertex 42.3 0.307267 4.79724
      vertex 42.3 0.154377 4.81992
    endloop
  endfacet
  facet normal -0 -0.146732 -0.989176
    outer loop
      vertex 42.3 0.307267 4.79724
      vertex 40.3 0.154377 4.81992
      vertex 40.3 0.307267 4.79724
    endloop
  endfacet
  facet normal 0 -0.146732 -0.989176
    outer loop
      vertex 44.925 0.154377 4.81992
      vertex 46.9 0.307267 4.79724
      vertex 46.9 0.154377 4.81992
    endloop
  endfacet
  facet normal -0 -0.146732 -0.989176
    outer loop
      vertex 46.9 0.307267 4.79724
      vertex 44.925 0.154377 4.81992
      vertex 44.925 0.307267 4.79724
    endloop
  endfacet
  facet normal 0 -0.941544 -0.336889
    outer loop
      vertex 44.925 1.50718 3.7097
      vertex 46.9 1.45511 3.85523
      vertex 44.925 1.45511 3.85523
    endloop
  endfacet
  facet normal 0 -0.941544 -0.336889
    outer loop
      vertex 46.9 1.45511 3.85523
      vertex 44.925 1.50718 3.7097
      vertex 46.9 1.50718 3.7097
    endloop
  endfacet
  facet normal 0 -0.941544 -0.336889
    outer loop
      vertex 40.3 1.50718 3.7097
      vertex 42.3 1.45511 3.85523
      vertex 40.3 1.45511 3.85523
    endloop
  endfacet
  facet normal 0 -0.941544 -0.336889
    outer loop
      vertex 42.3 1.45511 3.85523
      vertex 40.3 1.50718 3.7097
      vertex 42.3 1.50718 3.7097
    endloop
  endfacet
  facet normal 0 -0.671564 0.740947
    outer loop
      vertex 44.925 1.11369 2.13881
      vertex 46.9 0.999169 2.03501
      vertex 46.9 1.11369 2.13881
    endloop
  endfacet
  facet normal 0 -0.671564 0.740947
    outer loop
      vertex 46.9 0.999169 2.03501
      vertex 44.925 1.11369 2.13881
      vertex 44.925 0.999169 2.03501
    endloop
  endfacet
  facet normal 0 -0.671564 0.740947
    outer loop
      vertex 40.3 1.11369 2.13881
      vertex 42.3 0.999169 2.03501
      vertex 42.3 1.11369 2.13881
    endloop
  endfacet
  facet normal 0 -0.671564 0.740947
    outer loop
      vertex 42.3 0.999169 2.03501
      vertex 40.3 1.11369 2.13881
      vertex 40.3 0.999169 2.03501
    endloop
  endfacet
  facet normal 0 -0.336889 0.941544
    outer loop
      vertex 40.3 0.602726 1.79739
      vertex 42.3 0.457198 1.74532
      vertex 42.3 0.602726 1.79739
    endloop
  endfacet
  facet normal 0 -0.336889 0.941544
    outer loop
      vertex 42.3 0.457198 1.74532
      vertex 40.3 0.602726 1.79739
      vertex 40.3 0.457198 1.74532
    endloop
  endfacet
  facet normal 0 -0.336889 0.941544
    outer loop
      vertex 44.925 0.602726 1.79739
      vertex 46.9 0.457198 1.74532
      vertex 46.9 0.602726 1.79739
    endloop
  endfacet
  facet normal 0 -0.336889 0.941544
    outer loop
      vertex 46.9 0.457198 1.74532
      vertex 44.925 0.602726 1.79739
      vertex 44.925 0.457198 1.74532
    endloop
  endfacet
  facet normal 0 -0.903991 0.427552
    outer loop
      vertex 40.3 1.38903 2.51005
      vertex 42.3 1.45511 2.64977
      vertex 40.3 1.45511 2.64977
    endloop
  endfacet
  facet normal 0 -0.903991 0.427552
    outer loop
      vertex 42.3 1.45511 2.64977
      vertex 40.3 1.38903 2.51005
      vertex 42.3 1.38903 2.51005
    endloop
  endfacet
  facet normal 0 -0.903991 0.427552
    outer loop
      vertex 44.925 1.38903 2.51005
      vertex 46.9 1.45511 2.64977
      vertex 44.925 1.45511 2.64977
    endloop
  endfacet
  facet normal 0 -0.903991 0.427552
    outer loop
      vertex 46.9 1.45511 2.64977
      vertex 44.925 1.38903 2.51005
      vertex 46.9 1.38903 2.51005
    endloop
  endfacet
  facet normal 0 0.998795 -0.049071
    outer loop
      vertex 46.9 -1.575 3.2525
      vertex 44.925 -1.56742 3.40688
      vertex 46.9 -1.56742 3.40688
    endloop
  endfacet
  facet normal 0 0.998795 -0.049071
    outer loop
      vertex 44.925 -1.56742 3.40688
      vertex 46.9 -1.575 3.2525
      vertex 44.925 -1.575 3.2525
    endloop
  endfacet
  facet normal 0 0.998795 -0.049071
    outer loop
      vertex 42.3 -1.575 3.2525
      vertex 40.3 -1.56742 3.40688
      vertex 42.3 -1.56742 3.40688
    endloop
  endfacet
  facet normal 0 0.998795 -0.049071
    outer loop
      vertex 40.3 -1.56742 3.40688
      vertex 42.3 -1.575 3.2525
      vertex 40.3 -1.575 3.2525
    endloop
  endfacet
  facet normal 0 0.903991 -0.427552
    outer loop
      vertex 42.3 -1.45511 3.85523
      vertex 40.3 -1.38903 3.99495
      vertex 42.3 -1.38903 3.99495
    endloop
  endfacet
  facet normal 0 0.903991 -0.427552
    outer loop
      vertex 40.3 -1.38903 3.99495
      vertex 42.3 -1.45511 3.85523
      vertex 40.3 -1.45511 3.85523
    endloop
  endfacet
  facet normal 0 0.903991 -0.427552
    outer loop
      vertex 46.9 -1.45511 3.85523
      vertex 44.925 -1.38903 3.99495
      vertex 46.9 -1.38903 3.99495
    endloop
  endfacet
  facet normal 0 0.903991 -0.427552
    outer loop
      vertex 44.925 -1.38903 3.99495
      vertex 46.9 -1.45511 3.85523
      vertex 44.925 -1.45511 3.85523
    endloop
  endfacet
  facet normal 0 0.336889 -0.941544
    outer loop
      vertex 40.3 -0.602726 4.70761
      vertex 42.3 -0.457198 4.75968
      vertex 42.3 -0.602726 4.70761
    endloop
  endfacet
  facet normal 0 0.336889 -0.941544
    outer loop
      vertex 42.3 -0.457198 4.75968
      vertex 40.3 -0.602726 4.70761
      vertex 40.3 -0.457198 4.75968
    endloop
  endfacet
  facet normal 0 0.336889 -0.941544
    outer loop
      vertex 44.925 -0.602726 4.70761
      vertex 46.9 -0.457198 4.75968
      vertex 46.9 -0.602726 4.70761
    endloop
  endfacet
  facet normal 0 0.336889 -0.941544
    outer loop
      vertex 46.9 -0.457198 4.75968
      vertex 44.925 -0.602726 4.70761
      vertex 44.925 -0.457198 4.75968
    endloop
  endfacet
  facet normal 0 0.146732 -0.989176
    outer loop
      vertex 40.3 -0.307267 4.79724
      vertex 42.3 -0.154377 4.81992
      vertex 42.3 -0.307267 4.79724
    endloop
  endfacet
  facet normal 0 0.146732 -0.989176
    outer loop
      vertex 42.3 -0.154377 4.81992
      vertex 40.3 -0.307267 4.79724
      vertex 40.3 -0.154377 4.81992
    endloop
  endfacet
  facet normal 0 0.146732 -0.989176
    outer loop
      vertex 44.925 -0.307267 4.79724
      vertex 46.9 -0.154377 4.81992
      vertex 46.9 -0.307267 4.79724
    endloop
  endfacet
  facet normal 0 0.146732 -0.989176
    outer loop
      vertex 46.9 -0.154377 4.81992
      vertex 44.925 -0.307267 4.79724
      vertex 44.925 -0.154377 4.81992
    endloop
  endfacet
  facet normal 0 0.049071 -0.998795
    outer loop
      vertex 44.925 -0.154377 4.81992
      vertex 46.9 0 4.8275
      vertex 46.9 -0.154377 4.81992
    endloop
  endfacet
  facet normal 0 0.049071 -0.998795
    outer loop
      vertex 46.9 0 4.8275
      vertex 44.925 -0.154377 4.81992
      vertex 44.925 0 4.8275
    endloop
  endfacet
  facet normal 0 0.049071 -0.998795
    outer loop
      vertex 40.3 -0.154377 4.81992
      vertex 42.3 0 4.8275
      vertex 42.3 -0.154377 4.81992
    endloop
  endfacet
  facet normal 0 0.049071 -0.998795
    outer loop
      vertex 42.3 0 4.8275
      vertex 40.3 -0.154377 4.81992
      vertex 40.3 0 4.8275
    endloop
  endfacet
  facet normal 0 0.970031 0.24298
    outer loop
      vertex 42.3 -1.50718 2.7953
      vertex 40.3 -1.54474 2.94523
      vertex 42.3 -1.54474 2.94523
    endloop
  endfacet
  facet normal 0 0.970031 0.24298
    outer loop
      vertex 40.3 -1.54474 2.94523
      vertex 42.3 -1.50718 2.7953
      vertex 40.3 -1.50718 2.7953
    endloop
  endfacet
  facet normal 0 0.970031 0.24298
    outer loop
      vertex 46.9 -1.50718 2.7953
      vertex 44.925 -1.54474 2.94523
      vertex 46.9 -1.54474 2.94523
    endloop
  endfacet
  facet normal 0 0.970031 0.24298
    outer loop
      vertex 44.925 -1.54474 2.94523
      vertex 46.9 -1.50718 2.7953
      vertex 44.925 -1.50718 2.7953
    endloop
  endfacet
  facet normal -0 0.514102 0.857729
    outer loop
      vertex 40.3 -0.74245 1.86347
      vertex 42.3 -0.875023 1.94294
      vertex 42.3 -0.74245 1.86347
    endloop
  endfacet
  facet normal 0 0.514102 0.857729
    outer loop
      vertex 42.3 -0.875023 1.94294
      vertex 40.3 -0.74245 1.86347
      vertex 40.3 -0.875023 1.94294
    endloop
  endfacet
  facet normal -0 0.514102 0.857729
    outer loop
      vertex 44.925 -0.74245 1.86347
      vertex 46.9 -0.875023 1.94294
      vertex 46.9 -0.74245 1.86347
    endloop
  endfacet
  facet normal 0 0.514102 0.857729
    outer loop
      vertex 46.9 -0.875023 1.94294
      vertex 44.925 -0.74245 1.86347
      vertex 44.925 -0.875023 1.94294
    endloop
  endfacet
  facet normal -0 0.146732 0.989176
    outer loop
      vertex 44.925 -0.154377 1.68508
      vertex 46.9 -0.307267 1.70776
      vertex 46.9 -0.154377 1.68508
    endloop
  endfacet
  facet normal 0 0.146732 0.989176
    outer loop
      vertex 46.9 -0.307267 1.70776
      vertex 44.925 -0.154377 1.68508
      vertex 44.925 -0.307267 1.70776
    endloop
  endfacet
  facet normal -0 0.146732 0.989176
    outer loop
      vertex 40.3 -0.154377 1.68508
      vertex 42.3 -0.307267 1.70776
      vertex 42.3 -0.154377 1.68508
    endloop
  endfacet
  facet normal 0 0.146732 0.989176
    outer loop
      vertex 42.3 -0.307267 1.70776
      vertex 40.3 -0.154377 1.68508
      vertex 40.3 -0.307267 1.70776
    endloop
  endfacet
  facet normal -0 0.336889 0.941544
    outer loop
      vertex 40.3 -0.457198 1.74532
      vertex 42.3 -0.602726 1.79739
      vertex 42.3 -0.457198 1.74532
    endloop
  endfacet
  facet normal 0 0.336889 0.941544
    outer loop
      vertex 42.3 -0.602726 1.79739
      vertex 40.3 -0.457198 1.74532
      vertex 40.3 -0.602726 1.79739
    endloop
  endfacet
  facet normal -0 0.336889 0.941544
    outer loop
      vertex 44.925 -0.457198 1.74532
      vertex 46.9 -0.602726 1.79739
      vertex 46.9 -0.457198 1.74532
    endloop
  endfacet
  facet normal 0 0.336889 0.941544
    outer loop
      vertex 46.9 -0.602726 1.79739
      vertex 44.925 -0.457198 1.74532
      vertex 44.925 -0.602726 1.79739
    endloop
  endfacet
  facet normal 0 0.989176 -0.146732
    outer loop
      vertex 42.3 -1.56742 3.40688
      vertex 40.3 -1.54474 3.55977
      vertex 42.3 -1.54474 3.55977
    endloop
  endfacet
  facet normal 0 0.989176 -0.146732
    outer loop
      vertex 40.3 -1.54474 3.55977
      vertex 42.3 -1.56742 3.40688
      vertex 40.3 -1.56742 3.40688
    endloop
  endfacet
  facet normal 0 0.989176 -0.146732
    outer loop
      vertex 46.9 -1.56742 3.40688
      vertex 44.925 -1.54474 3.55977
      vertex 46.9 -1.54474 3.55977
    endloop
  endfacet
  facet normal 0 0.989176 -0.146732
    outer loop
      vertex 44.925 -1.54474 3.55977
      vertex 46.9 -1.56742 3.40688
      vertex 44.925 -1.56742 3.40688
    endloop
  endfacet
  facet normal 1 -0 0
    outer loop
      vertex 42.3 1.38903 3.99495
      vertex 42.3 3.3342 3.2525
      vertex 42.3 1.6671 6.14
    endloop
  endfacet
  facet normal 1 0 0
    outer loop
      vertex 42.3 1.56742 3.09812
      vertex 42.3 3.3342 3.2525
      vertex 42.3 1.575 3.2525
    endloop
  endfacet
  facet normal 1 0 0
    outer loop
      vertex 42.3 3.3342 3.2525
      vertex 42.3 1.56742 3.40688
      vertex 42.3 1.575 3.2525
    endloop
  endfacet
  facet normal 1 0 0
    outer loop
      vertex 42.3 3.3342 3.2525
      vertex 42.3 1.54474 3.55977
      vertex 42.3 1.56742 3.40688
    endloop
  endfacet
  facet normal 1 0 0
    outer loop
      vertex 42.3 3.3342 3.2525
      vertex 42.3 1.50718 3.7097
      vertex 42.3 1.54474 3.55977
    endloop
  endfacet
  facet normal 1 0 0
    outer loop
      vertex 42.3 3.3342 3.2525
      vertex 42.3 1.45511 3.85523
      vertex 42.3 1.50718 3.7097
    endloop
  endfacet
  facet normal 1 0 0
    outer loop
      vertex 42.3 3.3342 3.2525
      vertex 42.3 1.38903 3.99495
      vertex 42.3 1.45511 3.85523
    endloop
  endfacet
  facet normal 1 0 0
    outer loop
      vertex 42.3 1.6671 6.14
      vertex 42.3 1.30956 4.12752
      vertex 42.3 1.38903 3.99495
    endloop
  endfacet
  facet normal 1 0 0
    outer loop
      vertex 42.3 1.6671 6.14
      vertex 42.3 1.21749 4.25167
      vertex 42.3 1.30956 4.12752
    endloop
  endfacet
  facet normal 1 0 0
    outer loop
      vertex 42.3 1.6671 6.14
      vertex 42.3 1.11369 4.36619
      vertex 42.3 1.21749 4.25167
    endloop
  endfacet
  facet normal 1 0 0
    outer loop
      vertex 42.3 1.6671 6.14
      vertex 42.3 0.999169 4.46999
      vertex 42.3 1.11369 4.36619
    endloop
  endfacet
  facet normal 1 0 0
    outer loop
      vertex 42.3 1.6671 6.14
      vertex 42.3 0.875023 4.56206
      vertex 42.3 0.999169 4.46999
    endloop
  endfacet
  facet normal 1 0 0
    outer loop
      vertex 42.3 1.6671 6.14
      vertex 42.3 0.74245 4.64153
      vertex 42.3 0.875023 4.56206
    endloop
  endfacet
  facet normal 1 0 0
    outer loop
      vertex 42.3 1.6671 6.14
      vertex 42.3 0.602726 4.70761
      vertex 42.3 0.74245 4.64153
    endloop
  endfacet
  facet normal 1 0 0
    outer loop
      vertex 42.3 1.6671 6.14
      vertex 42.3 0.457198 4.75968
      vertex 42.3 0.602726 4.70761
    endloop
  endfacet
  facet normal 1 0 0
    outer loop
      vertex 42.3 1.6671 6.14
      vertex 42.3 0.307267 4.79724
      vertex 42.3 0.457198 4.75968
    endloop
  endfacet
  facet normal 1 0 0
    outer loop
      vertex 42.3 1.6671 6.14
      vertex 42.3 0.154377 4.81992
      vertex 42.3 0.307267 4.79724
    endloop
  endfacet
  facet normal 1 0 0
    outer loop
      vertex 42.3 1.6671 6.14
      vertex 42.3 0 4.8275
      vertex 42.3 0.154377 4.81992
    endloop
  endfacet
  facet normal 1 0 0
    outer loop
      vertex 42.3 1.6671 6.14
      vertex 42.3 -0.154377 4.81992
      vertex 42.3 0 4.8275
    endloop
  endfacet
  facet normal 1 0 0
    outer loop
      vertex 42.3 1.6671 6.14
      vertex 42.3 -0.307267 4.79724
      vertex 42.3 -0.154377 4.81992
    endloop
  endfacet
  facet normal 1 -0 0
    outer loop
      vertex 42.3 -4 6.14
      vertex 42.3 -0.307267 4.79724
      vertex 42.3 1.6671 6.14
    endloop
  endfacet
  facet normal 1 0 0
    outer loop
      vertex 42.3 -0.307267 4.79724
      vertex 42.3 -4 6.14
      vertex 42.3 -0.457198 4.75968
    endloop
  endfacet
  facet normal 1 0 0
    outer loop
      vertex 42.3 -0.457198 4.75968
      vertex 42.3 -4 6.14
      vertex 42.3 -0.602726 4.70761
    endloop
  endfacet
  facet normal 1 0 0
    outer loop
      vertex 42.3 -0.602726 4.70761
      vertex 42.3 -4 6.14
      vertex 42.3 -0.74245 4.64153
    endloop
  endfacet
  facet normal 1 0 0
    outer loop
      vertex 42.3 -1.56742 3.40688
      vertex 42.3 -4 6.14
      vertex 42.3 -1.575 3.2525
    endloop
  endfacet
  facet normal 1 0 0
    outer loop
      vertex 42.3 -1.54474 3.55977
      vertex 42.3 -4 6.14
      vertex 42.3 -1.56742 3.40688
    endloop
  endfacet
  facet normal 1 0 0
    outer loop
      vertex 42.3 -1.50718 3.7097
      vertex 42.3 -4 6.14
      vertex 42.3 -1.54474 3.55977
    endloop
  endfacet
  facet normal 1 0 0
    outer loop
      vertex 42.3 -1.45511 3.85523
      vertex 42.3 -4 6.14
      vertex 42.3 -1.50718 3.7097
    endloop
  endfacet
  facet normal 1 0 0
    outer loop
      vertex 42.3 -1.38903 3.99495
      vertex 42.3 -4 6.14
      vertex 42.3 -1.45511 3.85523
    endloop
  endfacet
  facet normal 1 0 0
    outer loop
      vertex 42.3 -1.30956 4.12752
      vertex 42.3 -4 6.14
      vertex 42.3 -1.38903 3.99495
    endloop
  endfacet
  facet normal 1 0 0
    outer loop
      vertex 42.3 -1.21749 4.25167
      vertex 42.3 -4 6.14
      vertex 42.3 -1.30956 4.12752
    endloop
  endfacet
  facet normal 1 0 0
    outer loop
      vertex 42.3 -1.11369 4.36619
      vertex 42.3 -4 6.14
      vertex 42.3 -1.21749 4.25167
    endloop
  endfacet
  facet normal 1 0 0
    outer loop
      vertex 42.3 -0.999169 4.46999
      vertex 42.3 -4 6.14
      vertex 42.3 -1.11369 4.36619
    endloop
  endfacet
  facet normal 1 0 0
    outer loop
      vertex 42.3 -0.875023 4.56206
      vertex 42.3 -4 6.14
      vertex 42.3 -0.999169 4.46999
    endloop
  endfacet
  facet normal 1 0 0
    outer loop
      vertex 42.3 -0.74245 4.64153
      vertex 42.3 -4 6.14
      vertex 42.3 -0.875023 4.56206
    endloop
  endfacet
  facet normal 1 0 0
    outer loop
      vertex 42.3 1.54474 2.94523
      vertex 42.3 3.3342 3.2525
      vertex 42.3 1.56742 3.09812
    endloop
  endfacet
  facet normal 1 0 0
    outer loop
      vertex 42.3 1.50718 2.7953
      vertex 42.3 3.3342 3.2525
      vertex 42.3 1.54474 2.94523
    endloop
  endfacet
  facet normal 1 0 0
    outer loop
      vertex 42.3 1.45511 2.64977
      vertex 42.3 3.3342 3.2525
      vertex 42.3 1.50718 2.7953
    endloop
  endfacet
  facet normal 1 0 0
    outer loop
      vertex 42.3 1.38903 2.51005
      vertex 42.3 3.3342 3.2525
      vertex 42.3 1.45511 2.64977
    endloop
  endfacet
  facet normal 1 0 0
    outer loop
      vertex 42.3 3.3342 3.2525
      vertex 42.3 1.38903 2.51005
      vertex 42.3 1.6671 0.365
    endloop
  endfacet
  facet normal 1 -0 0
    outer loop
      vertex 42.3 1.30956 2.37748
      vertex 42.3 1.6671 0.365
      vertex 42.3 1.38903 2.51005
    endloop
  endfacet
  facet normal 1 -0 0
    outer loop
      vertex 42.3 1.21749 2.25333
      vertex 42.3 1.6671 0.365
      vertex 42.3 1.30956 2.37748
    endloop
  endfacet
  facet normal 1 -0 0
    outer loop
      vertex 42.3 1.11369 2.13881
      vertex 42.3 1.6671 0.365
      vertex 42.3 1.21749 2.25333
    endloop
  endfacet
  facet normal 1 -0 0
    outer loop
      vertex 42.3 0.999169 2.03501
      vertex 42.3 1.6671 0.365
      vertex 42.3 1.11369 2.13881
    endloop
  endfacet
  facet normal 1 -0 0
    outer loop
      vertex 42.3 0.875023 1.94294
      vertex 42.3 1.6671 0.365
      vertex 42.3 0.999169 2.03501
    endloop
  endfacet
  facet normal 1 -0 0
    outer loop
      vertex 42.3 0.74245 1.86347
      vertex 42.3 1.6671 0.365
      vertex 42.3 0.875023 1.94294
    endloop
  endfacet
  facet normal 1 -0 0
    outer loop
      vertex 42.3 0.602726 1.79739
      vertex 42.3 1.6671 0.365
      vertex 42.3 0.74245 1.86347
    endloop
  endfacet
  facet normal 1 -0 0
    outer loop
      vertex 42.3 0.457198 1.74532
      vertex 42.3 1.6671 0.365
      vertex 42.3 0.602726 1.79739
    endloop
  endfacet
  facet normal 1 -0 0
    outer loop
      vertex 42.3 0.307267 1.70776
      vertex 42.3 1.6671 0.365
      vertex 42.3 0.457198 1.74532
    endloop
  endfacet
  facet normal 1 -0 0
    outer loop
      vertex 42.3 0.154377 1.68508
      vertex 42.3 1.6671 0.365
      vertex 42.3 0.307267 1.70776
    endloop
  endfacet
  facet normal 1 -0 0
    outer loop
      vertex 42.3 0 1.6775
      vertex 42.3 1.6671 0.365
      vertex 42.3 0.154377 1.68508
    endloop
  endfacet
  facet normal 1 0 0
    outer loop
      vertex 42.3 -0.154377 1.68508
      vertex 42.3 1.6671 0.365
      vertex 42.3 0 1.6775
    endloop
  endfacet
  facet normal 1 0 0
    outer loop
      vertex 42.3 -0.307267 1.70776
      vertex 42.3 1.6671 0.365
      vertex 42.3 -0.154377 1.68508
    endloop
  endfacet
  facet normal 1 0 0
    outer loop
      vertex 42.3 -4 0.365
      vertex 42.3 -0.307267 1.70776
      vertex 42.3 -0.457198 1.74532
    endloop
  endfacet
  facet normal 1 0 0
    outer loop
      vertex 42.3 -4 0.365
      vertex 42.3 -0.457198 1.74532
      vertex 42.3 -0.602726 1.79739
    endloop
  endfacet
  facet normal 1 0 0
    outer loop
      vertex 42.3 -4 0.365
      vertex 42.3 -0.602726 1.79739
      vertex 42.3 -0.74245 1.86347
    endloop
  endfacet
  facet normal 1 0 0
    outer loop
      vertex 42.3 -4 0.365
      vertex 42.3 -0.74245 1.86347
      vertex 42.3 -0.875023 1.94294
    endloop
  endfacet
  facet normal 1 0 0
    outer loop
      vertex 42.3 -4 0.365
      vertex 42.3 -1.575 3.2525
      vertex 42.3 -4 6.14
    endloop
  endfacet
  facet normal 1 0 0
    outer loop
      vertex 42.3 -1.575 3.2525
      vertex 42.3 -4 0.365
      vertex 42.3 -1.56742 3.09812
    endloop
  endfacet
  facet normal 1 0 0
    outer loop
      vertex 42.3 -1.56742 3.09812
      vertex 42.3 -4 0.365
      vertex 42.3 -1.54474 2.94523
    endloop
  endfacet
  facet normal 1 0 0
    outer loop
      vertex 42.3 -1.54474 2.94523
      vertex 42.3 -4 0.365
      vertex 42.3 -1.50718 2.7953
    endloop
  endfacet
  facet normal 1 0 0
    outer loop
      vertex 42.3 -1.50718 2.7953
      vertex 42.3 -4 0.365
      vertex 42.3 -1.45511 2.64977
    endloop
  endfacet
  facet normal 1 0 0
    outer loop
      vertex 42.3 -1.45511 2.64977
      vertex 42.3 -4 0.365
      vertex 42.3 -1.38903 2.51005
    endloop
  endfacet
  facet normal 1 0 0
    outer loop
      vertex 42.3 -0.307267 1.70776
      vertex 42.3 -4 0.365
      vertex 42.3 1.6671 0.365
    endloop
  endfacet
  facet normal 1 0 0
    outer loop
      vertex 42.3 -0.999169 2.03501
      vertex 42.3 -4 0.365
      vertex 42.3 -0.875023 1.94294
    endloop
  endfacet
  facet normal 1 0 0
    outer loop
      vertex 42.3 -1.11369 2.13881
      vertex 42.3 -4 0.365
      vertex 42.3 -0.999169 2.03501
    endloop
  endfacet
  facet normal 1 0 0
    outer loop
      vertex 42.3 -1.21749 2.25333
      vertex 42.3 -4 0.365
      vertex 42.3 -1.11369 2.13881
    endloop
  endfacet
  facet normal 1 0 0
    outer loop
      vertex 42.3 -1.30956 2.37748
      vertex 42.3 -4 0.365
      vertex 42.3 -1.21749 2.25333
    endloop
  endfacet
  facet normal 1 0 0
    outer loop
      vertex 42.3 -1.38903 2.51005
      vertex 42.3 -4 0.365
      vertex 42.3 -1.30956 2.37748
    endloop
  endfacet
  facet normal 0 -0.866025 0.5
    outer loop
      vertex 42.3 1.6671 0.365
      vertex 44.925 3.3342 3.2525
      vertex 42.3 3.3342 3.2525
    endloop
  endfacet
  facet normal 0 -0.866025 0.5
    outer loop
      vertex 44.925 3.3342 3.2525
      vertex 42.3 1.6671 0.365
      vertex 44.925 1.6671 0.365
    endloop
  endfacet
  facet normal -0 0 1
    outer loop
      vertex 42.3 1.6671 0.365
      vertex 44.925 -4 0.365
      vertex 44.925 1.6671 0.365
    endloop
  endfacet
  facet normal 0 0 1
    outer loop
      vertex 44.925 -4 0.365
      vertex 42.3 1.6671 0.365
      vertex 42.3 -4 0.365
    endloop
  endfacet
  facet normal -1 0 0
    outer loop
      vertex 44.925 1.38903 2.51005
      vertex 44.925 3.3342 3.2525
      vertex 44.925 1.6671 0.365
    endloop
  endfacet
  facet normal -1 0 0
    outer loop
      vertex 44.925 1.56742 3.40688
      vertex 44.925 3.3342 3.2525
      vertex 44.925 1.575 3.2525
    endloop
  endfacet
  facet normal -1 -0 0
    outer loop
      vertex 44.925 3.3342 3.2525
      vertex 44.925 1.56742 3.09812
      vertex 44.925 1.575 3.2525
    endloop
  endfacet
  facet normal -1 0 0
    outer loop
      vertex 44.925 3.3342 3.2525
      vertex 44.925 1.54474 2.94523
      vertex 44.925 1.56742 3.09812
    endloop
  endfacet
  facet normal -1 0 0
    outer loop
      vertex 44.925 3.3342 3.2525
      vertex 44.925 1.50718 2.7953
      vertex 44.925 1.54474 2.94523
    endloop
  endfacet
  facet normal -1 0 0
    outer loop
      vertex 44.925 3.3342 3.2525
      vertex 44.925 1.45511 2.64977
      vertex 44.925 1.50718 2.7953
    endloop
  endfacet
  facet normal -1 0 0
    outer loop
      vertex 44.925 3.3342 3.2525
      vertex 44.925 1.38903 2.51005
      vertex 44.925 1.45511 2.64977
    endloop
  endfacet
  facet normal -1 0 0
    outer loop
      vertex 44.925 1.6671 0.365
      vertex 44.925 1.30956 2.37748
      vertex 44.925 1.38903 2.51005
    endloop
  endfacet
  facet normal -1 0 0
    outer loop
      vertex 44.925 1.6671 0.365
      vertex 44.925 1.21749 2.25333
      vertex 44.925 1.30956 2.37748
    endloop
  endfacet
  facet normal -1 0 0
    outer loop
      vertex 44.925 1.6671 0.365
      vertex 44.925 1.11369 2.13881
      vertex 44.925 1.21749 2.25333
    endloop
  endfacet
  facet normal -1 0 0
    outer loop
      vertex 44.925 1.6671 0.365
      vertex 44.925 0.999169 2.03501
      vertex 44.925 1.11369 2.13881
    endloop
  endfacet
  facet normal -1 0 0
    outer loop
      vertex 44.925 1.6671 0.365
      vertex 44.925 0.875023 1.94294
      vertex 44.925 0.999169 2.03501
    endloop
  endfacet
  facet normal -1 0 0
    outer loop
      vertex 44.925 1.6671 0.365
      vertex 44.925 0.74245 1.86347
      vertex 44.925 0.875023 1.94294
    endloop
  endfacet
  facet normal -1 0 0
    outer loop
      vertex 44.925 1.6671 0.365
      vertex 44.925 0.602726 1.79739
      vertex 44.925 0.74245 1.86347
    endloop
  endfacet
  facet normal -1 0 0
    outer loop
      vertex 44.925 1.6671 0.365
      vertex 44.925 0.457198 1.74532
      vertex 44.925 0.602726 1.79739
    endloop
  endfacet
  facet normal -1 0 0
    outer loop
      vertex 44.925 1.6671 0.365
      vertex 44.925 0.307267 1.70776
      vertex 44.925 0.457198 1.74532
    endloop
  endfacet
  facet normal -1 0 0
    outer loop
      vertex 44.925 1.6671 0.365
      vertex 44.925 0.154377 1.68508
      vertex 44.925 0.307267 1.70776
    endloop
  endfacet
  facet normal -1 0 0
    outer loop
      vertex 44.925 1.6671 0.365
      vertex 44.925 0 1.6775
      vertex 44.925 0.154377 1.68508
    endloop
  endfacet
  facet normal -1 0 0
    outer loop
      vertex 44.925 1.6671 0.365
      vertex 44.925 -0.154377 1.68508
      vertex 44.925 0 1.6775
    endloop
  endfacet
  facet normal -1 0 0
    outer loop
      vertex 44.925 1.6671 0.365
      vertex 44.925 -0.307267 1.70776
      vertex 44.925 -0.154377 1.68508
    endloop
  endfacet
  facet normal -1 0 0
    outer loop
      vertex 44.925 -4 0.365
      vertex 44.925 -0.307267 1.70776
      vertex 44.925 1.6671 0.365
    endloop
  endfacet
  facet normal -1 -0 0
    outer loop
      vertex 44.925 -0.307267 1.70776
      vertex 44.925 -4 0.365
      vertex 44.925 -0.457198 1.74532
    endloop
  endfacet
  facet normal -1 -0 0
    outer loop
      vertex 44.925 -0.457198 1.74532
      vertex 44.925 -4 0.365
      vertex 44.925 -0.602726 1.79739
    endloop
  endfacet
  facet normal -1 -0 0
    outer loop
      vertex 44.925 -0.602726 1.79739
      vertex 44.925 -4 0.365
      vertex 44.925 -0.74245 1.86347
    endloop
  endfacet
  facet normal -1 -0 0
    outer loop
      vertex 44.925 -1.56742 3.09812
      vertex 44.925 -4 0.365
      vertex 44.925 -1.575 3.2525
    endloop
  endfacet
  facet normal -1 -0 0
    outer loop
      vertex 44.925 -1.54474 2.94523
      vertex 44.925 -4 0.365
      vertex 44.925 -1.56742 3.09812
    endloop
  endfacet
  facet normal -1 -0 0
    outer loop
      vertex 44.925 -1.50718 2.7953
      vertex 44.925 -4 0.365
      vertex 44.925 -1.54474 2.94523
    endloop
  endfacet
  facet normal -1 -0 0
    outer loop
      vertex 44.925 -1.45511 2.64977
      vertex 44.925 -4 0.365
      vertex 44.925 -1.50718 2.7953
    endloop
  endfacet
  facet normal -1 -0 0
    outer loop
      vertex 44.925 -1.38903 2.51005
      vertex 44.925 -4 0.365
      vertex 44.925 -1.45511 2.64977
    endloop
  endfacet
  facet normal -1 -0 0
    outer loop
      vertex 44.925 -1.30956 2.37748
      vertex 44.925 -4 0.365
      vertex 44.925 -1.38903 2.51005
    endloop
  endfacet
  facet normal -1 -0 0
    outer loop
      vertex 44.925 -1.21749 2.25333
      vertex 44.925 -4 0.365
      vertex 44.925 -1.30956 2.37748
    endloop
  endfacet
  facet normal -1 -0 0
    outer loop
      vertex 44.925 -1.11369 2.13881
      vertex 44.925 -4 0.365
      vertex 44.925 -1.21749 2.25333
    endloop
  endfacet
  facet normal -1 -0 0
    outer loop
      vertex 44.925 -0.999169 2.03501
      vertex 44.925 -4 0.365
      vertex 44.925 -1.11369 2.13881
    endloop
  endfacet
  facet normal -1 -0 0
    outer loop
      vertex 44.925 -0.875023 1.94294
      vertex 44.925 -4 0.365
      vertex 44.925 -0.999169 2.03501
    endloop
  endfacet
  facet normal -1 -0 0
    outer loop
      vertex 44.925 -0.74245 1.86347
      vertex 44.925 -4 0.365
      vertex 44.925 -0.875023 1.94294
    endloop
  endfacet
  facet normal -1 0 0
    outer loop
      vertex 44.925 1.54474 3.55977
      vertex 44.925 3.3342 3.2525
      vertex 44.925 1.56742 3.40688
    endloop
  endfacet
  facet normal -1 0 0
    outer loop
      vertex 44.925 1.50718 3.7097
      vertex 44.925 3.3342 3.2525
      vertex 44.925 1.54474 3.55977
    endloop
  endfacet
  facet normal -1 0 0
    outer loop
      vertex 44.925 1.45511 3.85523
      vertex 44.925 3.3342 3.2525
      vertex 44.925 1.50718 3.7097
    endloop
  endfacet
  facet normal -1 0 0
    outer loop
      vertex 44.925 1.38903 3.99495
      vertex 44.925 3.3342 3.2525
      vertex 44.925 1.45511 3.85523
    endloop
  endfacet
  facet normal -1 0 0
    outer loop
      vertex 44.925 3.3342 3.2525
      vertex 44.925 1.38903 3.99495
      vertex 44.925 1.6671 6.14
    endloop
  endfacet
  facet normal -1 0 0
    outer loop
      vertex 44.925 1.30956 4.12752
      vertex 44.925 1.6671 6.14
      vertex 44.925 1.38903 3.99495
    endloop
  endfacet
  facet normal -1 0 0
    outer loop
      vertex 44.925 1.21749 4.25167
      vertex 44.925 1.6671 6.14
      vertex 44.925 1.30956 4.12752
    endloop
  endfacet
  facet normal -1 0 0
    outer loop
      vertex 44.925 1.11369 4.36619
      vertex 44.925 1.6671 6.14
      vertex 44.925 1.21749 4.25167
    endloop
  endfacet
  facet normal -1 0 0
    outer loop
      vertex 44.925 0.999169 4.46999
      vertex 44.925 1.6671 6.14
      vertex 44.925 1.11369 4.36619
    endloop
  endfacet
  facet normal -1 0 0
    outer loop
      vertex 44.925 0.875023 4.56206
      vertex 44.925 1.6671 6.14
      vertex 44.925 0.999169 4.46999
    endloop
  endfacet
  facet normal -1 0 0
    outer loop
      vertex 44.925 0.74245 4.64153
      vertex 44.925 1.6671 6.14
      vertex 44.925 0.875023 4.56206
    endloop
  endfacet
  facet normal -1 0 0
    outer loop
      vertex 44.925 0.602726 4.70761
      vertex 44.925 1.6671 6.14
      vertex 44.925 0.74245 4.64153
    endloop
  endfacet
  facet normal -1 0 0
    outer loop
      vertex 44.925 0.457198 4.75968
      vertex 44.925 1.6671 6.14
      vertex 44.925 0.602726 4.70761
    endloop
  endfacet
  facet normal -1 0 0
    outer loop
      vertex 44.925 0.307267 4.79724
      vertex 44.925 1.6671 6.14
      vertex 44.925 0.457198 4.75968
    endloop
  endfacet
  facet normal -1 0 0
    outer loop
      vertex 44.925 0.154377 4.81992
      vertex 44.925 1.6671 6.14
      vertex 44.925 0.307267 4.79724
    endloop
  endfacet
  facet normal -1 0 0
    outer loop
      vertex 44.925 0 4.8275
      vertex 44.925 1.6671 6.14
      vertex 44.925 0.154377 4.81992
    endloop
  endfacet
  facet normal -1 0 0
    outer loop
      vertex 44.925 -0.154377 4.81992
      vertex 44.925 1.6671 6.14
      vertex 44.925 0 4.8275
    endloop
  endfacet
  facet normal -1 0 0
    outer loop
      vertex 44.925 -0.307267 4.79724
      vertex 44.925 1.6671 6.14
      vertex 44.925 -0.154377 4.81992
    endloop
  endfacet
  facet normal -1 0 0
    outer loop
      vertex 44.925 -4 6.14
      vertex 44.925 -0.307267 4.79724
      vertex 44.925 -0.457198 4.75968
    endloop
  endfacet
  facet normal -1 0 0
    outer loop
      vertex 44.925 -4 6.14
      vertex 44.925 -0.457198 4.75968
      vertex 44.925 -0.602726 4.70761
    endloop
  endfacet
  facet normal -1 0 0
    outer loop
      vertex 44.925 -4 6.14
      vertex 44.925 -0.602726 4.70761
      vertex 44.925 -0.74245 4.64153
    endloop
  endfacet
  facet normal -1 0 0
    outer loop
      vertex 44.925 -4 6.14
      vertex 44.925 -0.74245 4.64153
      vertex 44.925 -0.875023 4.56206
    endloop
  endfacet
  facet normal -1 0 0
    outer loop
      vertex 44.925 -4 6.14
      vertex 44.925 -1.575 3.2525
      vertex 44.925 -4 0.365
    endloop
  endfacet
  facet normal -1 0 0
    outer loop
      vertex 44.925 -1.575 3.2525
      vertex 44.925 -4 6.14
      vertex 44.925 -1.56742 3.40688
    endloop
  endfacet
  facet normal -1 0 0
    outer loop
      vertex 44.925 -1.56742 3.40688
      vertex 44.925 -4 6.14
      vertex 44.925 -1.54474 3.55977
    endloop
  endfacet
  facet normal -1 0 0
    outer loop
      vertex 44.925 -1.54474 3.55977
      vertex 44.925 -4 6.14
      vertex 44.925 -1.50718 3.7097
    endloop
  endfacet
  facet normal -1 0 0
    outer loop
      vertex 44.925 -1.50718 3.7097
      vertex 44.925 -4 6.14
      vertex 44.925 -1.45511 3.85523
    endloop
  endfacet
  facet normal -1 0 0
    outer loop
      vertex 44.925 -1.45511 3.85523
      vertex 44.925 -4 6.14
      vertex 44.925 -1.38903 3.99495
    endloop
  endfacet
  facet normal -1 0 0
    outer loop
      vertex 44.925 -0.307267 4.79724
      vertex 44.925 -4 6.14
      vertex 44.925 1.6671 6.14
    endloop
  endfacet
  facet normal -1 0 0
    outer loop
      vertex 44.925 -0.999169 4.46999
      vertex 44.925 -4 6.14
      vertex 44.925 -0.875023 4.56206
    endloop
  endfacet
  facet normal -1 0 0
    outer loop
      vertex 44.925 -1.11369 4.36619
      vertex 44.925 -4 6.14
      vertex 44.925 -0.999169 4.46999
    endloop
  endfacet
  facet normal -1 0 0
    outer loop
      vertex 44.925 -1.21749 4.25167
      vertex 44.925 -4 6.14
      vertex 44.925 -1.11369 4.36619
    endloop
  endfacet
  facet normal -1 0 0
    outer loop
      vertex 44.925 -1.30956 4.12752
      vertex 44.925 -4 6.14
      vertex 44.925 -1.21749 4.25167
    endloop
  endfacet
  facet normal -1 0 0
    outer loop
      vertex 44.925 -1.38903 3.99495
      vertex 44.925 -4 6.14
      vertex 44.925 -1.30956 4.12752
    endloop
  endfacet
  facet normal 0 -0.866025 -0.5
    outer loop
      vertex 42.3 3.3342 3.2525
      vertex 44.925 1.6671 6.14
      vertex 42.3 1.6671 6.14
    endloop
  endfacet
  facet normal 0 -0.866025 -0.5
    outer loop
      vertex 44.925 1.6671 6.14
      vertex 42.3 3.3342 3.2525
      vertex 44.925 3.3342 3.2525
    endloop
  endfacet
  facet normal 0 0 -1
    outer loop
      vertex 42.3 -4 6.14
      vertex 44.925 1.6671 6.14
      vertex 44.925 -4 6.14
    endloop
  endfacet
  facet normal -0 0 -1
    outer loop
      vertex 44.925 1.6671 6.14
      vertex 42.3 -4 6.14
      vertex 42.3 1.6671 6.14
    endloop
  endfacet
  facet normal -1 0 0
    outer loop
      vertex 40.3 4 0
      vertex 40.3 1.575 3.2525
      vertex 40.3 4 6.505
    endloop
  endfacet
  facet normal -1 0 0
    outer loop
      vertex 40.3 4 0
      vertex 40.3 1.56742 3.09812
      vertex 40.3 1.575 3.2525
    endloop
  endfacet
  facet normal -1 0 0
    outer loop
      vertex 40.3 4 0
      vertex 40.3 1.54474 2.94523
      vertex 40.3 1.56742 3.09812
    endloop
  endfacet
  facet normal -1 0 0
    outer loop
      vertex 40.3 4 0
      vertex 40.3 1.50718 2.7953
      vertex 40.3 1.54474 2.94523
    endloop
  endfacet
  facet normal -1 0 0
    outer loop
      vertex 40.3 4 0
      vertex 40.3 1.45511 2.64977
      vertex 40.3 1.50718 2.7953
    endloop
  endfacet
  facet normal -1 0 0
    outer loop
      vertex 40.3 4 0
      vertex 40.3 1.38903 2.51005
      vertex 40.3 1.45511 2.64977
    endloop
  endfacet
  facet normal -1 0 0
    outer loop
      vertex 40.3 4 0
      vertex 40.3 1.30956 2.37748
      vertex 40.3 1.38903 2.51005
    endloop
  endfacet
  facet normal -1 0 0
    outer loop
      vertex 40.3 4 0
      vertex 40.3 1.21749 2.25333
      vertex 40.3 1.30956 2.37748
    endloop
  endfacet
  facet normal -1 0 0
    outer loop
      vertex 40.3 4 0
      vertex 40.3 1.11369 2.13881
      vertex 40.3 1.21749 2.25333
    endloop
  endfacet
  facet normal -1 0 0
    outer loop
      vertex 40.3 4 0
      vertex 40.3 0.999169 2.03501
      vertex 40.3 1.11369 2.13881
    endloop
  endfacet
  facet normal -1 0 0
    outer loop
      vertex 40.3 4 0
      vertex 40.3 0.875023 1.94294
      vertex 40.3 0.999169 2.03501
    endloop
  endfacet
  facet normal -1 0 0
    outer loop
      vertex 40.3 4 0
      vertex 40.3 0.74245 1.86347
      vertex 40.3 0.875023 1.94294
    endloop
  endfacet
  facet normal -1 0 0
    outer loop
      vertex 40.3 4 0
      vertex 40.3 0.602726 1.79739
      vertex 40.3 0.74245 1.86347
    endloop
  endfacet
  facet normal -1 0 0
    outer loop
      vertex 40.3 4 0
      vertex 40.3 0.457198 1.74532
      vertex 40.3 0.602726 1.79739
    endloop
  endfacet
  facet normal -1 0 0
    outer loop
      vertex 40.3 4 0
      vertex 40.3 0.307267 1.70776
      vertex 40.3 0.457198 1.74532
    endloop
  endfacet
  facet normal -1 0 0
    outer loop
      vertex 40.3 4 0
      vertex 40.3 0.154377 1.68508
      vertex 40.3 0.307267 1.70776
    endloop
  endfacet
  facet normal -1 0 0
    outer loop
      vertex 40.3 4 0
      vertex 40.3 0 1.6775
      vertex 40.3 0.154377 1.68508
    endloop
  endfacet
  facet normal -1 0 0
    outer loop
      vertex 40.3 -4 0
      vertex 40.3 0 1.6775
      vertex 40.3 4 0
    endloop
  endfacet
  facet normal -1 -0 0
    outer loop
      vertex 40.3 0 1.6775
      vertex 40.3 -4 0
      vertex 40.3 -0.154377 1.68508
    endloop
  endfacet
  facet normal -1 -0 0
    outer loop
      vertex 40.3 -0.154377 1.68508
      vertex 40.3 -4 0
      vertex 40.3 -0.307267 1.70776
    endloop
  endfacet
  facet normal -1 -0 0
    outer loop
      vertex 40.3 -0.307267 1.70776
      vertex 40.3 -4 0
      vertex 40.3 -0.457198 1.74532
    endloop
  endfacet
  facet normal -1 -0 0
    outer loop
      vertex 40.3 -1.56742 3.09812
      vertex 40.3 -4 0
      vertex 40.3 -1.575 3.2525
    endloop
  endfacet
  facet normal -1 -0 0
    outer loop
      vertex 40.3 -1.54474 2.94523
      vertex 40.3 -4 0
      vertex 40.3 -1.56742 3.09812
    endloop
  endfacet
  facet normal -1 -0 0
    outer loop
      vertex 40.3 -1.50718 2.7953
      vertex 40.3 -4 0
      vertex 40.3 -1.54474 2.94523
    endloop
  endfacet
  facet normal -1 -0 0
    outer loop
      vertex 40.3 -1.45511 2.64977
      vertex 40.3 -4 0
      vertex 40.3 -1.50718 2.7953
    endloop
  endfacet
  facet normal -1 -0 0
    outer loop
      vertex 40.3 -1.38903 2.51005
      vertex 40.3 -4 0
      vertex 40.3 -1.45511 2.64977
    endloop
  endfacet
  facet normal -1 -0 0
    outer loop
      vertex 40.3 -1.30956 2.37748
      vertex 40.3 -4 0
      vertex 40.3 -1.38903 2.51005
    endloop
  endfacet
  facet normal -1 -0 0
    outer loop
      vertex 40.3 -1.21749 2.25333
      vertex 40.3 -4 0
      vertex 40.3 -1.30956 2.37748
    endloop
  endfacet
  facet normal -1 -0 0
    outer loop
      vertex 40.3 -1.11369 2.13881
      vertex 40.3 -4 0
      vertex 40.3 -1.21749 2.25333
    endloop
  endfacet
  facet normal -1 -0 0
    outer loop
      vertex 40.3 -0.999169 2.03501
      vertex 40.3 -4 0
      vertex 40.3 -1.11369 2.13881
    endloop
  endfacet
  facet normal -1 -0 0
    outer loop
      vertex 40.3 -0.875023 1.94294
      vertex 40.3 -4 0
      vertex 40.3 -0.999169 2.03501
    endloop
  endfacet
  facet normal -1 -0 0
    outer loop
      vertex 40.3 -0.74245 1.86347
      vertex 40.3 -4 0
      vertex 40.3 -0.875023 1.94294
    endloop
  endfacet
  facet normal -1 -0 0
    outer loop
      vertex 40.3 -0.602726 1.79739
      vertex 40.3 -4 0
      vertex 40.3 -0.74245 1.86347
    endloop
  endfacet
  facet normal -1 -0 0
    outer loop
      vertex 40.3 -0.457198 1.74532
      vertex 40.3 -4 0
      vertex 40.3 -0.602726 1.79739
    endloop
  endfacet
  facet normal -1 0 0
    outer loop
      vertex 40.3 1.56742 3.40688
      vertex 40.3 4 6.505
      vertex 40.3 1.575 3.2525
    endloop
  endfacet
  facet normal -1 0 0
    outer loop
      vertex 40.3 1.54474 3.55977
      vertex 40.3 4 6.505
      vertex 40.3 1.56742 3.40688
    endloop
  endfacet
  facet normal -1 0 0
    outer loop
      vertex 40.3 1.50718 3.7097
      vertex 40.3 4 6.505
      vertex 40.3 1.54474 3.55977
    endloop
  endfacet
  facet normal -1 0 0
    outer loop
      vertex 40.3 1.45511 3.85523
      vertex 40.3 4 6.505
      vertex 40.3 1.50718 3.7097
    endloop
  endfacet
  facet normal -1 0 0
    outer loop
      vertex 40.3 1.38903 3.99495
      vertex 40.3 4 6.505
      vertex 40.3 1.45511 3.85523
    endloop
  endfacet
  facet normal -1 0 0
    outer loop
      vertex 40.3 1.30956 4.12752
      vertex 40.3 4 6.505
      vertex 40.3 1.38903 3.99495
    endloop
  endfacet
  facet normal -1 0 0
    outer loop
      vertex 40.3 1.21749 4.25167
      vertex 40.3 4 6.505
      vertex 40.3 1.30956 4.12752
    endloop
  endfacet
  facet normal -1 0 0
    outer loop
      vertex 40.3 1.11369 4.36619
      vertex 40.3 4 6.505
      vertex 40.3 1.21749 4.25167
    endloop
  endfacet
  facet normal -1 0 0
    outer loop
      vertex 40.3 0.999169 4.46999
      vertex 40.3 4 6.505
      vertex 40.3 1.11369 4.36619
    endloop
  endfacet
  facet normal -1 0 0
    outer loop
      vertex 40.3 0.875023 4.56206
      vertex 40.3 4 6.505
      vertex 40.3 0.999169 4.46999
    endloop
  endfacet
  facet normal -1 0 0
    outer loop
      vertex 40.3 0.74245 4.64153
      vertex 40.3 4 6.505
      vertex 40.3 0.875023 4.56206
    endloop
  endfacet
  facet normal -1 0 0
    outer loop
      vertex 40.3 0.602726 4.70761
      vertex 40.3 4 6.505
      vertex 40.3 0.74245 4.64153
    endloop
  endfacet
  facet normal -1 0 0
    outer loop
      vertex 40.3 0.457198 4.75968
      vertex 40.3 4 6.505
      vertex 40.3 0.602726 4.70761
    endloop
  endfacet
  facet normal -1 0 0
    outer loop
      vertex 40.3 0.307267 4.79724
      vertex 40.3 4 6.505
      vertex 40.3 0.457198 4.75968
    endloop
  endfacet
  facet normal -1 0 0
    outer loop
      vertex 40.3 0.154377 4.81992
      vertex 40.3 4 6.505
      vertex 40.3 0.307267 4.79724
    endloop
  endfacet
  facet normal -1 0 0
    outer loop
      vertex 40.3 0 4.8275
      vertex 40.3 4 6.505
      vertex 40.3 0.154377 4.81992
    endloop
  endfacet
  facet normal -1 0 0
    outer loop
      vertex 40.3 -4 6.505
      vertex 40.3 0 4.8275
      vertex 40.3 -0.154377 4.81992
    endloop
  endfacet
  facet normal -1 0 0
    outer loop
      vertex 40.3 -4 6.505
      vertex 40.3 -0.154377 4.81992
      vertex 40.3 -0.307267 4.79724
    endloop
  endfacet
  facet normal -1 0 0
    outer loop
      vertex 40.3 -4 6.505
      vertex 40.3 -0.307267 4.79724
      vertex 40.3 -0.457198 4.75968
    endloop
  endfacet
  facet normal -1 0 0
    outer loop
      vertex 40.3 -4 6.505
      vertex 40.3 -0.457198 4.75968
      vertex 40.3 -0.602726 4.70761
    endloop
  endfacet
  facet normal -1 0 0
    outer loop
      vertex 40.3 -4 6.505
      vertex 40.3 -1.575 3.2525
      vertex 40.3 -4 0
    endloop
  endfacet
  facet normal -1 0 0
    outer loop
      vertex 40.3 -1.575 3.2525
      vertex 40.3 -4 6.505
      vertex 40.3 -1.56742 3.40688
    endloop
  endfacet
  facet normal -1 0 0
    outer loop
      vertex 40.3 -1.56742 3.40688
      vertex 40.3 -4 6.505
      vertex 40.3 -1.54474 3.55977
    endloop
  endfacet
  facet normal -1 0 0
    outer loop
      vertex 40.3 -1.54474 3.55977
      vertex 40.3 -4 6.505
      vertex 40.3 -1.50718 3.7097
    endloop
  endfacet
  facet normal -1 0 0
    outer loop
      vertex 40.3 -1.50718 3.7097
      vertex 40.3 -4 6.505
      vertex 40.3 -1.45511 3.85523
    endloop
  endfacet
  facet normal -1 0 0
    outer loop
      vertex 40.3 -1.45511 3.85523
      vertex 40.3 -4 6.505
      vertex 40.3 -1.38903 3.99495
    endloop
  endfacet
  facet normal -1 0 0
    outer loop
      vertex 40.3 0 4.8275
      vertex 40.3 -4 6.505
      vertex 40.3 4 6.505
    endloop
  endfacet
  facet normal -1 0 0
    outer loop
      vertex 40.3 -0.74245 4.64153
      vertex 40.3 -4 6.505
      vertex 40.3 -0.602726 4.70761
    endloop
  endfacet
  facet normal -1 0 0
    outer loop
      vertex 40.3 -0.875023 4.56206
      vertex 40.3 -4 6.505
      vertex 40.3 -0.74245 4.64153
    endloop
  endfacet
  facet normal -1 0 0
    outer loop
      vertex 40.3 -0.999169 4.46999
      vertex 40.3 -4 6.505
      vertex 40.3 -0.875023 4.56206
    endloop
  endfacet
  facet normal -1 0 0
    outer loop
      vertex 40.3 -1.11369 4.36619
      vertex 40.3 -4 6.505
      vertex 40.3 -0.999169 4.46999
    endloop
  endfacet
  facet normal -1 0 0
    outer loop
      vertex 40.3 -1.21749 4.25167
      vertex 40.3 -4 6.505
      vertex 40.3 -1.11369 4.36619
    endloop
  endfacet
  facet normal -1 0 0
    outer loop
      vertex 40.3 -1.30956 4.12752
      vertex 40.3 -4 6.505
      vertex 40.3 -1.21749 4.25167
    endloop
  endfacet
  facet normal -1 0 0
    outer loop
      vertex 40.3 -1.38903 3.99495
      vertex 40.3 -4 6.505
      vertex 40.3 -1.30956 4.12752
    endloop
  endfacet
  facet normal 1 0 0
    outer loop
      vertex 46.9 4 6.505
      vertex 46.9 1.575 3.2525
      vertex 46.9 4 0
    endloop
  endfacet
  facet normal 1 0 0
    outer loop
      vertex 46.9 4 6.505
      vertex 46.9 1.56742 3.40688
      vertex 46.9 1.575 3.2525
    endloop
  endfacet
  facet normal 1 0 0
    outer loop
      vertex 46.9 4 6.505
      vertex 46.9 1.54474 3.55977
      vertex 46.9 1.56742 3.40688
    endloop
  endfacet
  facet normal 1 0 0
    outer loop
      vertex 46.9 4 6.505
      vertex 46.9 1.50718 3.7097
      vertex 46.9 1.54474 3.55977
    endloop
  endfacet
  facet normal 1 0 0
    outer loop
      vertex 46.9 4 6.505
      vertex 46.9 1.45511 3.85523
      vertex 46.9 1.50718 3.7097
    endloop
  endfacet
  facet normal 1 0 0
    outer loop
      vertex 46.9 4 6.505
      vertex 46.9 1.38903 3.99495
      vertex 46.9 1.45511 3.85523
    endloop
  endfacet
  facet normal 1 0 0
    outer loop
      vertex 46.9 4 6.505
      vertex 46.9 1.30956 4.12752
      vertex 46.9 1.38903 3.99495
    endloop
  endfacet
  facet normal 1 0 0
    outer loop
      vertex 46.9 4 6.505
      vertex 46.9 1.21749 4.25167
      vertex 46.9 1.30956 4.12752
    endloop
  endfacet
  facet normal 1 0 0
    outer loop
      vertex 46.9 4 6.505
      vertex 46.9 1.11369 4.36619
      vertex 46.9 1.21749 4.25167
    endloop
  endfacet
  facet normal 1 0 0
    outer loop
      vertex 46.9 4 6.505
      vertex 46.9 0.999169 4.46999
      vertex 46.9 1.11369 4.36619
    endloop
  endfacet
  facet normal 1 0 0
    outer loop
      vertex 46.9 4 6.505
      vertex 46.9 0.875023 4.56206
      vertex 46.9 0.999169 4.46999
    endloop
  endfacet
  facet normal 1 0 0
    outer loop
      vertex 46.9 4 6.505
      vertex 46.9 0.74245 4.64153
      vertex 46.9 0.875023 4.56206
    endloop
  endfacet
  facet normal 1 0 0
    outer loop
      vertex 46.9 4 6.505
      vertex 46.9 0.602726 4.70761
      vertex 46.9 0.74245 4.64153
    endloop
  endfacet
  facet normal 1 0 0
    outer loop
      vertex 46.9 4 6.505
      vertex 46.9 0.457198 4.75968
      vertex 46.9 0.602726 4.70761
    endloop
  endfacet
  facet normal 1 0 0
    outer loop
      vertex 46.9 4 6.505
      vertex 46.9 0.307267 4.79724
      vertex 46.9 0.457198 4.75968
    endloop
  endfacet
  facet normal 1 0 0
    outer loop
      vertex 46.9 4 6.505
      vertex 46.9 0.154377 4.81992
      vertex 46.9 0.307267 4.79724
    endloop
  endfacet
  facet normal 1 0 0
    outer loop
      vertex 46.9 4 6.505
      vertex 46.9 0 4.8275
      vertex 46.9 0.154377 4.81992
    endloop
  endfacet
  facet normal 1 -0 0
    outer loop
      vertex 46.9 -4 6.505
      vertex 46.9 0 4.8275
      vertex 46.9 4 6.505
    endloop
  endfacet
  facet normal 1 0 0
    outer loop
      vertex 46.9 0 4.8275
      vertex 46.9 -4 6.505
      vertex 46.9 -0.154377 4.81992
    endloop
  endfacet
  facet normal 1 0 0
    outer loop
      vertex 46.9 -0.154377 4.81992
      vertex 46.9 -4 6.505
      vertex 46.9 -0.307267 4.79724
    endloop
  endfacet
  facet normal 1 0 0
    outer loop
      vertex 46.9 -0.307267 4.79724
      vertex 46.9 -4 6.505
      vertex 46.9 -0.457198 4.75968
    endloop
  endfacet
  facet normal 1 0 0
    outer loop
      vertex 46.9 -1.56742 3.40688
      vertex 46.9 -4 6.505
      vertex 46.9 -1.575 3.2525
    endloop
  endfacet
  facet normal 1 0 0
    outer loop
      vertex 46.9 -1.54474 3.55977
      vertex 46.9 -4 6.505
      vertex 46.9 -1.56742 3.40688
    endloop
  endfacet
  facet normal 1 0 0
    outer loop
      vertex 46.9 -1.50718 3.7097
      vertex 46.9 -4 6.505
      vertex 46.9 -1.54474 3.55977
    endloop
  endfacet
  facet normal 1 0 0
    outer loop
      vertex 46.9 -1.45511 3.85523
      vertex 46.9 -4 6.505
      vertex 46.9 -1.50718 3.7097
    endloop
  endfacet
  facet normal 1 0 0
    outer loop
      vertex 46.9 -1.38903 3.99495
      vertex 46.9 -4 6.505
      vertex 46.9 -1.45511 3.85523
    endloop
  endfacet
  facet normal 1 0 0
    outer loop
      vertex 46.9 -1.30956 4.12752
      vertex 46.9 -4 6.505
      vertex 46.9 -1.38903 3.99495
    endloop
  endfacet
  facet normal 1 0 0
    outer loop
      vertex 46.9 -1.21749 4.25167
      vertex 46.9 -4 6.505
      vertex 46.9 -1.30956 4.12752
    endloop
  endfacet
  facet normal 1 0 0
    outer loop
      vertex 46.9 -1.11369 4.36619
      vertex 46.9 -4 6.505
      vertex 46.9 -1.21749 4.25167
    endloop
  endfacet
  facet normal 1 0 0
    outer loop
      vertex 46.9 -0.999169 4.46999
      vertex 46.9 -4 6.505
      vertex 46.9 -1.11369 4.36619
    endloop
  endfacet
  facet normal 1 0 0
    outer loop
      vertex 46.9 -0.875023 4.56206
      vertex 46.9 -4 6.505
      vertex 46.9 -0.999169 4.46999
    endloop
  endfacet
  facet normal 1 0 0
    outer loop
      vertex 46.9 -0.74245 4.64153
      vertex 46.9 -4 6.505
      vertex 46.9 -0.875023 4.56206
    endloop
  endfacet
  facet normal 1 0 0
    outer loop
      vertex 46.9 -0.602726 4.70761
      vertex 46.9 -4 6.505
      vertex 46.9 -0.74245 4.64153
    endloop
  endfacet
  facet normal 1 0 0
    outer loop
      vertex 46.9 -0.457198 4.75968
      vertex 46.9 -4 6.505
      vertex 46.9 -0.602726 4.70761
    endloop
  endfacet
  facet normal 1 -0 0
    outer loop
      vertex 46.9 1.56742 3.09812
      vertex 46.9 4 0
      vertex 46.9 1.575 3.2525
    endloop
  endfacet
  facet normal 1 -0 0
    outer loop
      vertex 46.9 1.54474 2.94523
      vertex 46.9 4 0
      vertex 46.9 1.56742 3.09812
    endloop
  endfacet
  facet normal 1 -0 0
    outer loop
      vertex 46.9 1.50718 2.7953
      vertex 46.9 4 0
      vertex 46.9 1.54474 2.94523
    endloop
  endfacet
  facet normal 1 -0 0
    outer loop
      vertex 46.9 1.45511 2.64977
      vertex 46.9 4 0
      vertex 46.9 1.50718 2.7953
    endloop
  endfacet
  facet normal 1 -0 0
    outer loop
      vertex 46.9 1.38903 2.51005
      vertex 46.9 4 0
      vertex 46.9 1.45511 2.64977
    endloop
  endfacet
  facet normal 1 -0 0
    outer loop
      vertex 46.9 1.30956 2.37748
      vertex 46.9 4 0
      vertex 46.9 1.38903 2.51005
    endloop
  endfacet
  facet normal 1 -0 0
    outer loop
      vertex 46.9 1.21749 2.25333
      vertex 46.9 4 0
      vertex 46.9 1.30956 2.37748
    endloop
  endfacet
  facet normal 1 -0 0
    outer loop
      vertex 46.9 1.11369 2.13881
      vertex 46.9 4 0
      vertex 46.9 1.21749 2.25333
    endloop
  endfacet
  facet normal 1 -0 0
    outer loop
      vertex 46.9 0.999169 2.03501
      vertex 46.9 4 0
      vertex 46.9 1.11369 2.13881
    endloop
  endfacet
  facet normal 1 -0 0
    outer loop
      vertex 46.9 0.875023 1.94294
      vertex 46.9 4 0
      vertex 46.9 0.999169 2.03501
    endloop
  endfacet
  facet normal 1 -0 0
    outer loop
      vertex 46.9 0.74245 1.86347
      vertex 46.9 4 0
      vertex 46.9 0.875023 1.94294
    endloop
  endfacet
  facet normal 1 -0 0
    outer loop
      vertex 46.9 0.602726 1.79739
      vertex 46.9 4 0
      vertex 46.9 0.74245 1.86347
    endloop
  endfacet
  facet normal 1 -0 0
    outer loop
      vertex 46.9 0.457198 1.74532
      vertex 46.9 4 0
      vertex 46.9 0.602726 1.79739
    endloop
  endfacet
  facet normal 1 -0 0
    outer loop
      vertex 46.9 0.307267 1.70776
      vertex 46.9 4 0
      vertex 46.9 0.457198 1.74532
    endloop
  endfacet
  facet normal 1 -0 0
    outer loop
      vertex 46.9 0.154377 1.68508
      vertex 46.9 4 0
      vertex 46.9 0.307267 1.70776
    endloop
  endfacet
  facet normal 1 -0 0
    outer loop
      vertex 46.9 0 1.6775
      vertex 46.9 4 0
      vertex 46.9 0.154377 1.68508
    endloop
  endfacet
  facet normal 1 0 0
    outer loop
      vertex 46.9 -4 0
      vertex 46.9 0 1.6775
      vertex 46.9 -0.154377 1.68508
    endloop
  endfacet
  facet normal 1 0 0
    outer loop
      vertex 46.9 -4 0
      vertex 46.9 -0.154377 1.68508
      vertex 46.9 -0.307267 1.70776
    endloop
  endfacet
  facet normal 1 0 0
    outer loop
      vertex 46.9 -4 0
      vertex 46.9 -0.307267 1.70776
      vertex 46.9 -0.457198 1.74532
    endloop
  endfacet
  facet normal 1 0 0
    outer loop
      vertex 46.9 -4 0
      vertex 46.9 -0.457198 1.74532
      vertex 46.9 -0.602726 1.79739
    endloop
  endfacet
  facet normal 1 0 0
    outer loop
      vertex 46.9 -4 0
      vertex 46.9 -1.575 3.2525
      vertex 46.9 -4 6.505
    endloop
  endfacet
  facet normal 1 0 0
    outer loop
      vertex 46.9 -1.575 3.2525
      vertex 46.9 -4 0
      vertex 46.9 -1.56742 3.09812
    endloop
  endfacet
  facet normal 1 0 0
    outer loop
      vertex 46.9 -1.56742 3.09812
      vertex 46.9 -4 0
      vertex 46.9 -1.54474 2.94523
    endloop
  endfacet
  facet normal 1 0 0
    outer loop
      vertex 46.9 -1.54474 2.94523
      vertex 46.9 -4 0
      vertex 46.9 -1.50718 2.7953
    endloop
  endfacet
  facet normal 1 0 0
    outer loop
      vertex 46.9 -1.50718 2.7953
      vertex 46.9 -4 0
      vertex 46.9 -1.45511 2.64977
    endloop
  endfacet
  facet normal 1 0 0
    outer loop
      vertex 46.9 -1.45511 2.64977
      vertex 46.9 -4 0
      vertex 46.9 -1.38903 2.51005
    endloop
  endfacet
  facet normal 1 0 0
    outer loop
      vertex 46.9 0 1.6775
      vertex 46.9 -4 0
      vertex 46.9 4 0
    endloop
  endfacet
  facet normal 1 0 0
    outer loop
      vertex 46.9 -0.74245 1.86347
      vertex 46.9 -4 0
      vertex 46.9 -0.602726 1.79739
    endloop
  endfacet
  facet normal 1 0 0
    outer loop
      vertex 46.9 -0.875023 1.94294
      vertex 46.9 -4 0
      vertex 46.9 -0.74245 1.86347
    endloop
  endfacet
  facet normal 1 0 0
    outer loop
      vertex 46.9 -0.999169 2.03501
      vertex 46.9 -4 0
      vertex 46.9 -0.875023 1.94294
    endloop
  endfacet
  facet normal 1 0 0
    outer loop
      vertex 46.9 -1.11369 2.13881
      vertex 46.9 -4 0
      vertex 46.9 -0.999169 2.03501
    endloop
  endfacet
  facet normal 1 0 0
    outer loop
      vertex 46.9 -1.21749 2.25333
      vertex 46.9 -4 0
      vertex 46.9 -1.11369 2.13881
    endloop
  endfacet
  facet normal 1 0 0
    outer loop
      vertex 46.9 -1.30956 2.37748
      vertex 46.9 -4 0
      vertex 46.9 -1.21749 2.25333
    endloop
  endfacet
  facet normal 1 0 0
    outer loop
      vertex 46.9 -1.38903 2.51005
      vertex 46.9 -4 0
      vertex 46.9 -1.30956 2.37748
    endloop
  endfacet
  facet normal 0 0 -1
    outer loop
      vertex 40.3 -4 0
      vertex 46.9 4 0
      vertex 46.9 -4 0
    endloop
  endfacet
  facet normal -0 0 -1
    outer loop
      vertex 46.9 4 0
      vertex 40.3 -4 0
      vertex 40.3 4 0
    endloop
  endfacet
  facet normal 0 1 -0
    outer loop
      vertex 46.9 4 0
      vertex 40.3 4 6.505
      vertex 46.9 4 6.505
    endloop
  endfacet
  facet normal 0 1 0
    outer loop
      vertex 40.3 4 6.505
      vertex 46.9 4 0
      vertex 40.3 4 0
    endloop
  endfacet
  facet normal 0 -1 0
    outer loop
      vertex 40.3 -4 6.505
      vertex 42.3 -4 6.14
      vertex 46.9 -4 6.505
    endloop
  endfacet
  facet normal 0 -1 0
    outer loop
      vertex 40.3 -4 6.505
      vertex 42.3 -4 0.365
      vertex 42.3 -4 6.14
    endloop
  endfacet
  facet normal 0 -1 -0
    outer loop
      vertex 42.3 -4 0.365
      vertex 40.3 -4 0
      vertex 44.925 -4 0.365
    endloop
  endfacet
  facet normal 0 -1 0
    outer loop
      vertex 40.3 -4 0
      vertex 42.3 -4 0.365
      vertex 40.3 -4 6.505
    endloop
  endfacet
  facet normal 0 -1 0
    outer loop
      vertex 44.925 -4 6.14
      vertex 46.9 -4 6.505
      vertex 42.3 -4 6.14
    endloop
  endfacet
  facet normal 0 -1 0
    outer loop
      vertex 44.925 -4 0.365
      vertex 46.9 -4 6.505
      vertex 44.925 -4 6.14
    endloop
  endfacet
  facet normal 0 -1 0
    outer loop
      vertex 44.925 -4 0.365
      vertex 46.9 -4 0
      vertex 46.9 -4 6.505
    endloop
  endfacet
  facet normal 0 -1 0
    outer loop
      vertex 46.9 -4 0
      vertex 44.925 -4 0.365
      vertex 40.3 -4 0
    endloop
  endfacet
  facet normal -0 0 1
    outer loop
      vertex 40.3 4 6.505
      vertex 46.9 -4 6.505
      vertex 46.9 4 6.505
    endloop
  endfacet
  facet normal 0 0 1
    outer loop
      vertex 46.9 -4 6.505
      vertex 40.3 4 6.505
      vertex 40.3 -4 6.505
    endloop
  endfacet
  facet normal 0.146727 -0.989177 0
    outer loop
      vertex 0.588089 -5.9711 0
      vertex 1.17053 -5.8847 6.505
      vertex 0.588089 -5.9711 6.505
    endloop
  endfacet
  facet normal 0.146727 -0.989177 0
    outer loop
      vertex 1.17053 -5.8847 6.505
      vertex 0.588089 -5.9711 0
      vertex 1.17053 -5.8847 0
    endloop
  endfacet
  facet normal 0.242975 -0.970033 0
    outer loop
      vertex 1.17053 -5.8847 0
      vertex 1.7417 -5.74164 6.505
      vertex 1.17053 -5.8847 6.505
    endloop
  endfacet
  facet normal 0.242975 -0.970033 0
    outer loop
      vertex 1.7417 -5.74164 6.505
      vertex 1.17053 -5.8847 0
      vertex 1.7417 -5.74164 0
    endloop
  endfacet
  facet normal 0.336886 -0.941545 0
    outer loop
      vertex 1.7417 -5.74164 0
      vertex 2.2961 -5.54327 6.505
      vertex 1.7417 -5.74164 6.505
    endloop
  endfacet
  facet normal 0.336886 -0.941545 0
    outer loop
      vertex 2.2961 -5.54327 6.505
      vertex 1.7417 -5.74164 0
      vertex 2.2961 -5.54327 0
    endloop
  endfacet
  facet normal 0.427567 -0.903984 0
    outer loop
      vertex 2.2961 -5.54327 0
      vertex 2.82837 -5.29152 6.505
      vertex 2.2961 -5.54327 6.505
    endloop
  endfacet
  facet normal 0.427567 -0.903984 0
    outer loop
      vertex 2.82837 -5.29152 6.505
      vertex 2.2961 -5.54327 0
      vertex 2.82837 -5.29152 0
    endloop
  endfacet
  facet normal 0.514088 -0.857737 0
    outer loop
      vertex 2.82837 -5.29152 0
      vertex 3.33342 -4.98882 6.505
      vertex 2.82837 -5.29152 6.505
    endloop
  endfacet
  facet normal 0.514088 -0.857737 0
    outer loop
      vertex 3.33342 -4.98882 6.505
      vertex 2.82837 -5.29152 0
      vertex 3.33342 -4.98882 0
    endloop
  endfacet
  facet normal 0.595704 -0.803204 0
    outer loop
      vertex 3.33342 -4.98882 0
      vertex 3.80635 -4.63806 6.505
      vertex 3.33342 -4.98882 6.505
    endloop
  endfacet
  facet normal 0.595704 -0.803204 0
    outer loop
      vertex 3.80635 -4.63806 6.505
      vertex 3.33342 -4.98882 0
      vertex 3.80635 -4.63806 0
    endloop
  endfacet
  facet normal 0.671569 -0.740942 0
    outer loop
      vertex 3.80635 -4.63806 0
      vertex 4.24263 -4.24263 6.505
      vertex 3.80635 -4.63806 6.505
    endloop
  endfacet
  facet normal 0.671569 -0.740942 0
    outer loop
      vertex 4.24263 -4.24263 6.505
      vertex 3.80635 -4.63806 0
      vertex 4.24263 -4.24263 0
    endloop
  endfacet
  facet normal 0.740947 -0.671563 0
    outer loop
      vertex 4.24263 -4.24263 6.505
      vertex 4.46254 -4 0
      vertex 4.46254 -4 6.505
    endloop
  endfacet
  facet normal 0.740947 -0.671563 0
    outer loop
      vertex 4.46254 -4 0
      vertex 4.24263 -4.24263 6.505
      vertex 4.24263 -4.24263 0
    endloop
  endfacet
  facet normal 0 -1 0
    outer loop
      vertex 4.46254 -4 0
      vertex 5.09999 -4 6.505
      vertex 4.46254 -4 6.505
    endloop
  endfacet
  facet normal 0 -1 -0
    outer loop
      vertex 5.09999 -4 6.505
      vertex 4.46254 -4 0
      vertex 5.09999 -4 0
    endloop
  endfacet
  facet normal 1 -0 0
    outer loop
      vertex 5.09999 -4 6.505
      vertex 5.09999 -3.14793 0
      vertex 5.09999 -3.14793 6.505
    endloop
  endfacet
  facet normal 1 0 0
    outer loop
      vertex 5.09999 -3.14793 0
      vertex 5.09999 -4 6.505
      vertex 5.09999 -4 0
    endloop
  endfacet
  facet normal 0.853034 -0.521856 0
    outer loop
      vertex 5.09999 -3.14793 6.505
      vertex 5.1 -3.14791 0
      vertex 5.1 -3.14791 6.505
    endloop
  endfacet
  facet normal 0.853034 -0.521856 0
    outer loop
      vertex 5.1 -3.14791 0
      vertex 5.09999 -3.14793 6.505
      vertex 5.09999 -3.14793 0
    endloop
  endfacet
  facet normal 0.803223 -0.595678 0
    outer loop
      vertex 5.61001 1.24234 6.505
      vertex 5.67667 1.33221 4.305
      vertex 5.67667 1.33221 6.505
    endloop
  endfacet
  facet normal 0.803223 -0.595678 0
    outer loop
      vertex 5.67667 1.33221 4.305
      vertex 5.61001 1.24234 6.505
      vertex 5.61001 1.24234 4.305
    endloop
  endfacet
  facet normal 0.740918 -0.671596 0
    outer loop
      vertex 5.67667 1.33221 6.505
      vertex 5.80794 1.47704 4.305
      vertex 5.80794 1.47704 6.505
    endloop
  endfacet
  facet normal 0.740918 -0.671596 0
    outer loop
      vertex 5.80794 1.47704 4.305
      vertex 5.67667 1.33221 6.505
      vertex 5.67667 1.33221 4.305
    endloop
  endfacet
  facet normal 0.970027 0.242996 0
    outer loop
      vertex 5.80794 1.47704 6.505
      vertex 5.74164 1.7417 4.305
      vertex 5.74164 1.7417 6.505
    endloop
  endfacet
  facet normal 0.970027 0.242996 0
    outer loop
      vertex 5.74164 1.7417 4.305
      vertex 5.80794 1.47704 6.505
      vertex 5.80794 1.47704 4.305
    endloop
  endfacet
  facet normal 0.941546 0.336886 0
    outer loop
      vertex 5.74164 1.7417 6.505
      vertex 5.61001 2.10957 4.305
      vertex 5.61001 2.10957 6.505
    endloop
  endfacet
  facet normal 0.941546 0.336886 0
    outer loop
      vertex 5.61001 2.10957 4.305
      vertex 5.74164 1.7417 6.505
      vertex 5.74164 1.7417 4.305
    endloop
  endfacet
  facet normal 0.853034 0.521856 0
    outer loop
      vertex 5.1 3.14791 6.505
      vertex 5.09999 3.14793 0
      vertex 5.09999 3.14793 6.505
    endloop
  endfacet
  facet normal 0.853034 0.521856 0
    outer loop
      vertex 5.09999 3.14793 0
      vertex 5.1 3.14791 6.505
      vertex 5.1 3.14791 0
    endloop
  endfacet
  facet normal 1 -0 0
    outer loop
      vertex 5.09999 3.14793 6.505
      vertex 5.09999 4 0
      vertex 5.09999 4 6.505
    endloop
  endfacet
  facet normal 1 0 0
    outer loop
      vertex 5.09999 4 0
      vertex 5.09999 3.14793 6.505
      vertex 5.09999 3.14793 0
    endloop
  endfacet
  facet normal 0 1 -0
    outer loop
      vertex 5.09999 4 0
      vertex 4.46254 4 6.505
      vertex 5.09999 4 6.505
    endloop
  endfacet
  facet normal 0 1 0
    outer loop
      vertex 4.46254 4 6.505
      vertex 5.09999 4 0
      vertex 4.46254 4 0
    endloop
  endfacet
  facet normal 0.740947 0.671563 0
    outer loop
      vertex 4.46254 4 6.505
      vertex 4.24263 4.24263 0
      vertex 4.24263 4.24263 6.505
    endloop
  endfacet
  facet normal 0.740947 0.671563 0
    outer loop
      vertex 4.24263 4.24263 0
      vertex 4.46254 4 6.505
      vertex 4.46254 4 0
    endloop
  endfacet
  facet normal 0.671569 0.740942 -0
    outer loop
      vertex 4.24263 4.24263 0
      vertex 3.80635 4.63806 6.505
      vertex 4.24263 4.24263 6.505
    endloop
  endfacet
  facet normal 0.671569 0.740942 0
    outer loop
      vertex 3.80635 4.63806 6.505
      vertex 4.24263 4.24263 0
      vertex 3.80635 4.63806 0
    endloop
  endfacet
  facet normal 0.595704 0.803204 -0
    outer loop
      vertex 3.80635 4.63806 0
      vertex 3.33342 4.98882 6.505
      vertex 3.80635 4.63806 6.505
    endloop
  endfacet
  facet normal 0.595704 0.803204 0
    outer loop
      vertex 3.33342 4.98882 6.505
      vertex 3.80635 4.63806 0
      vertex 3.33342 4.98882 0
    endloop
  endfacet
  facet normal 0.514088 0.857737 -0
    outer loop
      vertex 3.33342 4.98882 0
      vertex 2.82837 5.29152 6.505
      vertex 3.33342 4.98882 6.505
    endloop
  endfacet
  facet normal 0.514088 0.857737 0
    outer loop
      vertex 2.82837 5.29152 6.505
      vertex 3.33342 4.98882 0
      vertex 2.82837 5.29152 0
    endloop
  endfacet
  facet normal 0.427567 0.903984 -0
    outer loop
      vertex 2.82837 5.29152 0
      vertex 2.2961 5.54327 6.505
      vertex 2.82837 5.29152 6.505
    endloop
  endfacet
  facet normal 0.427567 0.903984 0
    outer loop
      vertex 2.2961 5.54327 6.505
      vertex 2.82837 5.29152 0
      vertex 2.2961 5.54327 0
    endloop
  endfacet
  facet normal 0.336886 0.941545 -0
    outer loop
      vertex 2.2961 5.54327 0
      vertex 1.7417 5.74164 6.505
      vertex 2.2961 5.54327 6.505
    endloop
  endfacet
  facet normal 0.336886 0.941545 0
    outer loop
      vertex 1.7417 5.74164 6.505
      vertex 2.2961 5.54327 0
      vertex 1.7417 5.74164 0
    endloop
  endfacet
  facet normal 0.242975 0.970033 -0
    outer loop
      vertex 1.7417 5.74164 0
      vertex 1.17053 5.8847 6.505
      vertex 1.7417 5.74164 6.505
    endloop
  endfacet
  facet normal 0.242975 0.970033 0
    outer loop
      vertex 1.17053 5.8847 6.505
      vertex 1.7417 5.74164 0
      vertex 1.17053 5.8847 0
    endloop
  endfacet
  facet normal 0.146727 0.989177 -0
    outer loop
      vertex 1.17053 5.8847 0
      vertex 0.588089 5.9711 6.505
      vertex 1.17053 5.8847 6.505
    endloop
  endfacet
  facet normal 0.146727 0.989177 0
    outer loop
      vertex 0.588089 5.9711 6.505
      vertex 1.17053 5.8847 0
      vertex 0.588089 5.9711 0
    endloop
  endfacet
  facet normal 0.0490832 0.998795 -0
    outer loop
      vertex 0.588089 5.9711 0
      vertex 0 6 6.505
      vertex 0.588089 5.9711 6.505
    endloop
  endfacet
  facet normal 0.0490832 0.998795 0
    outer loop
      vertex 0 6 6.505
      vertex 0.588089 5.9711 0
      vertex 0 6 0
    endloop
  endfacet
  facet normal -0.0490832 0.998795 0
    outer loop
      vertex 0 6 0
      vertex -0.588089 5.9711 6.505
      vertex 0 6 6.505
    endloop
  endfacet
  facet normal -0.0490832 0.998795 0
    outer loop
      vertex -0.588089 5.9711 6.505
      vertex 0 6 0
      vertex -0.588089 5.9711 0
    endloop
  endfacet
  facet normal -0.146727 0.989177 0
    outer loop
      vertex -0.588089 5.9711 0
      vertex -1.17053 5.8847 6.505
      vertex -0.588089 5.9711 6.505
    endloop
  endfacet
  facet normal -0.146727 0.989177 0
    outer loop
      vertex -1.17053 5.8847 6.505
      vertex -0.588089 5.9711 0
      vertex -1.17053 5.8847 0
    endloop
  endfacet
  facet normal -0.242975 0.970033 0
    outer loop
      vertex -1.17053 5.8847 0
      vertex -1.7417 5.74164 6.505
      vertex -1.17053 5.8847 6.505
    endloop
  endfacet
  facet normal -0.242975 0.970033 0
    outer loop
      vertex -1.7417 5.74164 6.505
      vertex -1.17053 5.8847 0
      vertex -1.7417 5.74164 0
    endloop
  endfacet
  facet normal -0.336886 0.941545 0
    outer loop
      vertex -1.7417 5.74164 0
      vertex -2.2961 5.54327 6.505
      vertex -1.7417 5.74164 6.505
    endloop
  endfacet
  facet normal -0.336886 0.941545 0
    outer loop
      vertex -2.2961 5.54327 6.505
      vertex -1.7417 5.74164 0
      vertex -2.2961 5.54327 0
    endloop
  endfacet
  facet normal -0.427567 0.903984 0
    outer loop
      vertex -2.2961 5.54327 0
      vertex -2.82837 5.29152 6.505
      vertex -2.2961 5.54327 6.505
    endloop
  endfacet
  facet normal -0.427567 0.903984 0
    outer loop
      vertex -2.82837 5.29152 6.505
      vertex -2.2961 5.54327 0
      vertex -2.82837 5.29152 0
    endloop
  endfacet
  facet normal -0.514088 0.857737 0
    outer loop
      vertex -2.82837 5.29152 0
      vertex -3.33342 4.98882 6.505
      vertex -2.82837 5.29152 6.505
    endloop
  endfacet
  facet normal -0.514088 0.857737 0
    outer loop
      vertex -3.33342 4.98882 6.505
      vertex -2.82837 5.29152 0
      vertex -3.33342 4.98882 0
    endloop
  endfacet
  facet normal -0.595704 0.803204 0
    outer loop
      vertex -3.33342 4.98882 0
      vertex -3.80635 4.63806 6.505
      vertex -3.33342 4.98882 6.505
    endloop
  endfacet
  facet normal -0.595704 0.803204 0
    outer loop
      vertex -3.80635 4.63806 6.505
      vertex -3.33342 4.98882 0
      vertex -3.80635 4.63806 0
    endloop
  endfacet
  facet normal -0.671569 0.740942 0
    outer loop
      vertex -3.80635 4.63806 0
      vertex -4.24263 4.24263 6.505
      vertex -3.80635 4.63806 6.505
    endloop
  endfacet
  facet normal -0.671569 0.740942 0
    outer loop
      vertex -4.24263 4.24263 6.505
      vertex -3.80635 4.63806 0
      vertex -4.24263 4.24263 0
    endloop
  endfacet
  facet normal -0.740942 0.671569 0
    outer loop
      vertex -4.63806 3.80635 0
      vertex -4.24263 4.24263 6.505
      vertex -4.24263 4.24263 0
    endloop
  endfacet
  facet normal -0.740942 0.671569 0
    outer loop
      vertex -4.24263 4.24263 6.505
      vertex -4.63806 3.80635 0
      vertex -4.63806 3.80635 6.505
    endloop
  endfacet
  facet normal -0.803204 0.595704 0
    outer loop
      vertex -4.98882 3.33342 0
      vertex -4.63806 3.80635 6.505
      vertex -4.63806 3.80635 0
    endloop
  endfacet
  facet normal -0.803204 0.595704 0
    outer loop
      vertex -4.63806 3.80635 6.505
      vertex -4.98882 3.33342 0
      vertex -4.98882 3.33342 6.505
    endloop
  endfacet
  facet normal -0.857737 0.514088 0
    outer loop
      vertex -5.29152 2.82837 0
      vertex -4.98882 3.33342 6.505
      vertex -4.98882 3.33342 0
    endloop
  endfacet
  facet normal -0.857737 0.514088 0
    outer loop
      vertex -4.98882 3.33342 6.505
      vertex -5.29152 2.82837 0
      vertex -5.29152 2.82837 6.505
    endloop
  endfacet
  facet normal -0.903984 0.427567 0
    outer loop
      vertex -5.54327 2.2961 0
      vertex -5.29152 2.82837 6.505
      vertex -5.29152 2.82837 0
    endloop
  endfacet
  facet normal -0.903984 0.427567 0
    outer loop
      vertex -5.29152 2.82837 6.505
      vertex -5.54327 2.2961 0
      vertex -5.54327 2.2961 6.505
    endloop
  endfacet
  facet normal -0.941545 0.336886 0
    outer loop
      vertex -5.74164 1.7417 0
      vertex -5.54327 2.2961 6.505
      vertex -5.54327 2.2961 0
    endloop
  endfacet
  facet normal -0.941545 0.336886 0
    outer loop
      vertex -5.54327 2.2961 6.505
      vertex -5.74164 1.7417 0
      vertex -5.74164 1.7417 6.505
    endloop
  endfacet
  facet normal -0.970033 0.242975 0
    outer loop
      vertex -5.8847 1.17053 0
      vertex -5.74164 1.7417 6.505
      vertex -5.74164 1.7417 0
    endloop
  endfacet
  facet normal -0.970033 0.242975 0
    outer loop
      vertex -5.74164 1.7417 6.505
      vertex -5.8847 1.17053 0
      vertex -5.8847 1.17053 6.505
    endloop
  endfacet
  facet normal -0.989177 0.146727 0
    outer loop
      vertex -5.9711 0.588089 0
      vertex -5.8847 1.17053 6.505
      vertex -5.8847 1.17053 0
    endloop
  endfacet
  facet normal -0.989177 0.146727 0
    outer loop
      vertex -5.8847 1.17053 6.505
      vertex -5.9711 0.588089 0
      vertex -5.9711 0.588089 6.505
    endloop
  endfacet
  facet normal -0.998795 0.0490832 0
    outer loop
      vertex -6 0 0
      vertex -5.9711 0.588089 6.505
      vertex -5.9711 0.588089 0
    endloop
  endfacet
  facet normal -0.998795 0.0490832 0
    outer loop
      vertex -5.9711 0.588089 6.505
      vertex -6 0 0
      vertex -6 0 6.505
    endloop
  endfacet
  facet normal -0.998795 -0.0490832 0
    outer loop
      vertex -5.9711 -0.588089 0
      vertex -6 0 6.505
      vertex -6 0 0
    endloop
  endfacet
  facet normal -0.998795 -0.0490832 0
    outer loop
      vertex -6 0 6.505
      vertex -5.9711 -0.588089 0
      vertex -5.9711 -0.588089 6.505
    endloop
  endfacet
  facet normal -0.989177 -0.146727 0
    outer loop
      vertex -5.8847 -1.17053 0
      vertex -5.9711 -0.588089 6.505
      vertex -5.9711 -0.588089 0
    endloop
  endfacet
  facet normal -0.989177 -0.146727 0
    outer loop
      vertex -5.9711 -0.588089 6.505
      vertex -5.8847 -1.17053 0
      vertex -5.8847 -1.17053 6.505
    endloop
  endfacet
  facet normal -0.970033 -0.242975 0
    outer loop
      vertex -5.74164 -1.7417 0
      vertex -5.8847 -1.17053 6.505
      vertex -5.8847 -1.17053 0
    endloop
  endfacet
  facet normal -0.970033 -0.242975 0
    outer loop
      vertex -5.8847 -1.17053 6.505
      vertex -5.74164 -1.7417 0
      vertex -5.74164 -1.7417 6.505
    endloop
  endfacet
  facet normal -0.941545 -0.336886 0
    outer loop
      vertex -5.54327 -2.2961 0
      vertex -5.74164 -1.7417 6.505
      vertex -5.74164 -1.7417 0
    endloop
  endfacet
  facet normal -0.941545 -0.336886 0
    outer loop
      vertex -5.74164 -1.7417 6.505
      vertex -5.54327 -2.2961 0
      vertex -5.54327 -2.2961 6.505
    endloop
  endfacet
  facet normal -0.903984 -0.427567 0
    outer loop
      vertex -5.29152 -2.82837 0
      vertex -5.54327 -2.2961 6.505
      vertex -5.54327 -2.2961 0
    endloop
  endfacet
  facet normal -0.903984 -0.427567 0
    outer loop
      vertex -5.54327 -2.2961 6.505
      vertex -5.29152 -2.82837 0
      vertex -5.29152 -2.82837 6.505
    endloop
  endfacet
  facet normal -0.857737 -0.514088 0
    outer loop
      vertex -4.98882 -3.33342 0
      vertex -5.29152 -2.82837 6.505
      vertex -5.29152 -2.82837 0
    endloop
  endfacet
  facet normal -0.857737 -0.514088 0
    outer loop
      vertex -5.29152 -2.82837 6.505
      vertex -4.98882 -3.33342 0
      vertex -4.98882 -3.33342 6.505
    endloop
  endfacet
  facet normal -0.803204 -0.595704 0
    outer loop
      vertex -4.63806 -3.80635 0
      vertex -4.98882 -3.33342 6.505
      vertex -4.98882 -3.33342 0
    endloop
  endfacet
  facet normal -0.803204 -0.595704 0
    outer loop
      vertex -4.98882 -3.33342 6.505
      vertex -4.63806 -3.80635 0
      vertex -4.63806 -3.80635 6.505
    endloop
  endfacet
  facet normal -0.740942 -0.671569 0
    outer loop
      vertex -4.24263 -4.24263 0
      vertex -4.63806 -3.80635 6.505
      vertex -4.63806 -3.80635 0
    endloop
  endfacet
  facet normal -0.740942 -0.671569 0
    outer loop
      vertex -4.63806 -3.80635 6.505
      vertex -4.24263 -4.24263 0
      vertex -4.24263 -4.24263 6.505
    endloop
  endfacet
  facet normal -0.671569 -0.740942 0
    outer loop
      vertex -4.24263 -4.24263 0
      vertex -3.80635 -4.63806 6.505
      vertex -4.24263 -4.24263 6.505
    endloop
  endfacet
  facet normal -0.671569 -0.740942 -0
    outer loop
      vertex -3.80635 -4.63806 6.505
      vertex -4.24263 -4.24263 0
      vertex -3.80635 -4.63806 0
    endloop
  endfacet
  facet normal -0.595704 -0.803204 0
    outer loop
      vertex -3.80635 -4.63806 0
      vertex -3.33342 -4.98882 6.505
      vertex -3.80635 -4.63806 6.505
    endloop
  endfacet
  facet normal -0.595704 -0.803204 -0
    outer loop
      vertex -3.33342 -4.98882 6.505
      vertex -3.80635 -4.63806 0
      vertex -3.33342 -4.98882 0
    endloop
  endfacet
  facet normal -0.514088 -0.857737 0
    outer loop
      vertex -3.33342 -4.98882 0
      vertex -2.82837 -5.29152 6.505
      vertex -3.33342 -4.98882 6.505
    endloop
  endfacet
  facet normal -0.514088 -0.857737 -0
    outer loop
      vertex -2.82837 -5.29152 6.505
      vertex -3.33342 -4.98882 0
      vertex -2.82837 -5.29152 0
    endloop
  endfacet
  facet normal -0.427567 -0.903984 0
    outer loop
      vertex -2.82837 -5.29152 0
      vertex -2.2961 -5.54327 6.505
      vertex -2.82837 -5.29152 6.505
    endloop
  endfacet
  facet normal -0.427567 -0.903984 -0
    outer loop
      vertex -2.2961 -5.54327 6.505
      vertex -2.82837 -5.29152 0
      vertex -2.2961 -5.54327 0
    endloop
  endfacet
  facet normal -0.336886 -0.941545 0
    outer loop
      vertex -2.2961 -5.54327 0
      vertex -1.7417 -5.74164 6.505
      vertex -2.2961 -5.54327 6.505
    endloop
  endfacet
  facet normal -0.336886 -0.941545 -0
    outer loop
      vertex -1.7417 -5.74164 6.505
      vertex -2.2961 -5.54327 0
      vertex -1.7417 -5.74164 0
    endloop
  endfacet
  facet normal -0.242975 -0.970033 0
    outer loop
      vertex -1.7417 -5.74164 0
      vertex -1.17053 -5.8847 6.505
      vertex -1.7417 -5.74164 6.505
    endloop
  endfacet
  facet normal -0.242975 -0.970033 -0
    outer loop
      vertex -1.17053 -5.8847 6.505
      vertex -1.7417 -5.74164 0
      vertex -1.17053 -5.8847 0
    endloop
  endfacet
  facet normal -0.146727 -0.989177 0
    outer loop
      vertex -1.17053 -5.8847 0
      vertex -0.588089 -5.9711 6.505
      vertex -1.17053 -5.8847 6.505
    endloop
  endfacet
  facet normal -0.146727 -0.989177 -0
    outer loop
      vertex -0.588089 -5.9711 6.505
      vertex -1.17053 -5.8847 0
      vertex -0.588089 -5.9711 0
    endloop
  endfacet
  facet normal -0.0490832 -0.998795 0
    outer loop
      vertex -0.588089 -5.9711 0
      vertex 0 -6 6.505
      vertex -0.588089 -5.9711 6.505
    endloop
  endfacet
  facet normal -0.0490832 -0.998795 -0
    outer loop
      vertex 0 -6 6.505
      vertex -0.588089 -5.9711 0
      vertex 0 -6 0
    endloop
  endfacet
  facet normal 0.0490832 -0.998795 0
    outer loop
      vertex 0 -6 0
      vertex 0.588089 -5.9711 6.505
      vertex 0 -6 6.505
    endloop
  endfacet
  facet normal 0.0490832 -0.998795 0
    outer loop
      vertex 0.588089 -5.9711 6.505
      vertex 0 -6 0
      vertex 0.588089 -5.9711 0
    endloop
  endfacet
  facet normal 0.0735689 0.99729 -0
    outer loop
      vertex -0.218964 -4.45712 0
      vertex -0.437393 -4.44101 6.505
      vertex -0.218964 -4.45712 6.505
    endloop
  endfacet
  facet normal 0.0735689 0.99729 0
    outer loop
      vertex -0.437393 -4.44101 6.505
      vertex -0.218964 -4.45712 0
      vertex -0.437393 -4.44101 0
    endloop
  endfacet
  facet normal 0.122405 0.99248 -0
    outer loop
      vertex -0.437393 -4.44101 0
      vertex -0.65477 -4.4142 6.505
      vertex -0.437393 -4.44101 6.505
    endloop
  endfacet
  facet normal 0.122405 0.99248 0
    outer loop
      vertex -0.65477 -4.4142 6.505
      vertex -0.437393 -4.44101 0
      vertex -0.65477 -4.4142 0
    endloop
  endfacet
  facet normal 0.171015 0.985268 -0
    outer loop
      vertex -0.65477 -4.4142 0
      vertex -0.87059 -4.37674 6.505
      vertex -0.65477 -4.4142 6.505
    endloop
  endfacet
  facet normal 0.171015 0.985268 0
    outer loop
      vertex -0.87059 -4.37674 6.505
      vertex -0.65477 -4.4142 0
      vertex -0.87059 -4.37674 0
    endloop
  endfacet
  facet normal 0.219106 0.975701 -0
    outer loop
      vertex -0.87059 -4.37674 0
      vertex -1.08429 -4.32875 6.505
      vertex -0.87059 -4.37674 6.505
    endloop
  endfacet
  facet normal 0.219106 0.975701 0
    outer loop
      vertex -1.08429 -4.32875 6.505
      vertex -0.87059 -4.37674 0
      vertex -1.08429 -4.32875 0
    endloop
  endfacet
  facet normal 0.26667 0.963788 -0
    outer loop
      vertex -1.08429 -4.32875 0
      vertex -1.29539 -4.27034 6.505
      vertex -1.08429 -4.32875 6.505
    endloop
  endfacet
  facet normal 0.26667 0.963788 0
    outer loop
      vertex -1.29539 -4.27034 6.505
      vertex -1.08429 -4.32875 0
      vertex -1.29539 -4.27034 0
    endloop
  endfacet
  facet normal 0.313719 0.949516 -0
    outer loop
      vertex -1.29539 -4.27034 0
      vertex -1.50336 -4.20163 6.505
      vertex -1.29539 -4.27034 6.505
    endloop
  endfacet
  facet normal 0.313719 0.949516 0
    outer loop
      vertex -1.50336 -4.20163 6.505
      vertex -1.29539 -4.27034 0
      vertex -1.50336 -4.20163 0
    endloop
  endfacet
  facet normal 0.35988 0.932999 -0
    outer loop
      vertex -1.50336 -4.20163 0
      vertex -1.70772 -4.1228 6.505
      vertex -1.50336 -4.20163 6.505
    endloop
  endfacet
  facet normal 0.35988 0.932999 0
    outer loop
      vertex -1.70772 -4.1228 6.505
      vertex -1.50336 -4.20163 0
      vertex -1.70772 -4.1228 0
    endloop
  endfacet
  facet normal 0.40524 0.91421 -0
    outer loop
      vertex -1.70772 -4.1228 0
      vertex -1.90796 -4.03404 6.505
      vertex -1.70772 -4.1228 6.505
    endloop
  endfacet
  facet normal 0.40524 0.91421 0
    outer loop
      vertex -1.90796 -4.03404 6.505
      vertex -1.70772 -4.1228 0
      vertex -1.90796 -4.03404 0
    endloop
  endfacet
  facet normal 0.449608 0.893226 -0
    outer loop
      vertex -1.90796 -4.03404 0
      vertex -2.10361 -3.93556 6.505
      vertex -1.90796 -4.03404 6.505
    endloop
  endfacet
  facet normal 0.449608 0.893226 0
    outer loop
      vertex -2.10361 -3.93556 6.505
      vertex -1.90796 -4.03404 0
      vertex -2.10361 -3.93556 0
    endloop
  endfacet
  facet normal 0.492902 0.870085 -0
    outer loop
      vertex -2.10361 -3.93556 0
      vertex -2.29417 -3.82761 6.505
      vertex -2.10361 -3.93556 6.505
    endloop
  endfacet
  facet normal 0.492902 0.870085 0
    outer loop
      vertex -2.29417 -3.82761 6.505
      vertex -2.10361 -3.93556 0
      vertex -2.29417 -3.82761 0
    endloop
  endfacet
  facet normal 0.535031 0.844833 -0
    outer loop
      vertex -2.29417 -3.82761 0
      vertex -2.47922 -3.71042 6.505
      vertex -2.29417 -3.82761 6.505
    endloop
  endfacet
  facet normal 0.535031 0.844833 0
    outer loop
      vertex -2.47922 -3.71042 6.505
      vertex -2.29417 -3.82761 0
      vertex -2.47922 -3.71042 0
    endloop
  endfacet
  facet normal 0.575788 0.817599 -0
    outer loop
      vertex -2.47922 -3.71042 0
      vertex -2.65829 -3.5843 6.505
      vertex -2.47922 -3.71042 6.505
    endloop
  endfacet
  facet normal 0.575788 0.817599 0
    outer loop
      vertex -2.65829 -3.5843 6.505
      vertex -2.47922 -3.71042 0
      vertex -2.65829 -3.5843 0
    endloop
  endfacet
  facet normal 0.615194 0.788376 -0
    outer loop
      vertex -2.65829 -3.5843 0
      vertex -2.83098 -3.44955 6.505
      vertex -2.65829 -3.5843 6.505
    endloop
  endfacet
  facet normal 0.615194 0.788376 0
    outer loop
      vertex -2.83098 -3.44955 6.505
      vertex -2.65829 -3.5843 0
      vertex -2.83098 -3.44955 0
    endloop
  endfacet
  facet normal 0.653186 0.757197 -0
    outer loop
      vertex -2.83098 -3.44955 0
      vertex -2.99683 -3.30649 6.505
      vertex -2.83098 -3.44955 6.505
    endloop
  endfacet
  facet normal 0.653186 0.757197 0
    outer loop
      vertex -2.99683 -3.30649 6.505
      vertex -2.83098 -3.44955 0
      vertex -2.99683 -3.30649 0
    endloop
  endfacet
  facet normal 0.689547 0.724241 -0
    outer loop
      vertex -2.99683 -3.30649 0
      vertex -3.15546 -3.15546 6.505
      vertex -2.99683 -3.30649 6.505
    endloop
  endfacet
  facet normal 0.689547 0.724241 0
    outer loop
      vertex -3.15546 -3.15546 6.505
      vertex -2.99683 -3.30649 0
      vertex -3.15546 -3.15546 0
    endloop
  endfacet
  facet normal 0.724241 0.689547 0
    outer loop
      vertex -3.15546 -3.15546 6.505
      vertex -3.30649 -2.99683 0
      vertex -3.30649 -2.99683 6.505
    endloop
  endfacet
  facet normal 0.724241 0.689547 0
    outer loop
      vertex -3.30649 -2.99683 0
      vertex -3.15546 -3.15546 6.505
      vertex -3.15546 -3.15546 0
    endloop
  endfacet
  facet normal 0.757197 0.653186 0
    outer loop
      vertex -3.30649 -2.99683 6.505
      vertex -3.44955 -2.83098 0
      vertex -3.44955 -2.83098 6.505
    endloop
  endfacet
  facet normal 0.757197 0.653186 0
    outer loop
      vertex -3.44955 -2.83098 0
      vertex -3.30649 -2.99683 6.505
      vertex -3.30649 -2.99683 0
    endloop
  endfacet
  facet normal 0.788376 0.615194 0
    outer loop
      vertex -3.44955 -2.83098 6.505
      vertex -3.5843 -2.65829 0
      vertex -3.5843 -2.65829 6.505
    endloop
  endfacet
  facet normal 0.788376 0.615194 0
    outer loop
      vertex -3.5843 -2.65829 0
      vertex -3.44955 -2.83098 6.505
      vertex -3.44955 -2.83098 0
    endloop
  endfacet
  facet normal 0.817599 0.575788 0
    outer loop
      vertex -3.5843 -2.65829 6.505
      vertex -3.71042 -2.47922 0
      vertex -3.71042 -2.47922 6.505
    endloop
  endfacet
  facet normal 0.817599 0.575788 0
    outer loop
      vertex -3.71042 -2.47922 0
      vertex -3.5843 -2.65829 6.505
      vertex -3.5843 -2.65829 0
    endloop
  endfacet
  facet normal 0.844833 0.535031 0
    outer loop
      vertex -3.71042 -2.47922 6.505
      vertex -3.82761 -2.29417 0
      vertex -3.82761 -2.29417 6.505
    endloop
  endfacet
  facet normal 0.844833 0.535031 0
    outer loop
      vertex -3.82761 -2.29417 0
      vertex -3.71042 -2.47922 6.505
      vertex -3.71042 -2.47922 0
    endloop
  endfacet
  facet normal 0.870085 0.492902 0
    outer loop
      vertex -3.82761 -2.29417 6.505
      vertex -3.93556 -2.10361 0
      vertex -3.93556 -2.10361 6.505
    endloop
  endfacet
  facet normal 0.870085 0.492902 0
    outer loop
      vertex -3.93556 -2.10361 0
      vertex -3.82761 -2.29417 6.505
      vertex -3.82761 -2.29417 0
    endloop
  endfacet
  facet normal 0.893226 0.449608 0
    outer loop
      vertex -3.93556 -2.10361 6.505
      vertex -4.03404 -1.90796 0
      vertex -4.03404 -1.90796 6.505
    endloop
  endfacet
  facet normal 0.893226 0.449608 0
    outer loop
      vertex -4.03404 -1.90796 0
      vertex -3.93556 -2.10361 6.505
      vertex -3.93556 -2.10361 0
    endloop
  endfacet
  facet normal 0.91421 0.40524 0
    outer loop
      vertex -4.03404 -1.90796 6.505
      vertex -4.1228 -1.70772 0
      vertex -4.1228 -1.70772 6.505
    endloop
  endfacet
  facet normal 0.91421 0.40524 0
    outer loop
      vertex -4.1228 -1.70772 0
      vertex -4.03404 -1.90796 6.505
      vertex -4.03404 -1.90796 0
    endloop
  endfacet
  facet normal 0.932999 0.35988 0
    outer loop
      vertex -4.1228 -1.70772 6.505
      vertex -4.20163 -1.50336 0
      vertex -4.20163 -1.50336 6.505
    endloop
  endfacet
  facet normal 0.932999 0.35988 0
    outer loop
      vertex -4.20163 -1.50336 0
      vertex -4.1228 -1.70772 6.505
      vertex -4.1228 -1.70772 0
    endloop
  endfacet
  facet normal 0.949516 0.313719 0
    outer loop
      vertex -4.20163 -1.50336 6.505
      vertex -4.27034 -1.29539 0
      vertex -4.27034 -1.29539 6.505
    endloop
  endfacet
  facet normal 0.949516 0.313719 0
    outer loop
      vertex -4.27034 -1.29539 0
      vertex -4.20163 -1.50336 6.505
      vertex -4.20163 -1.50336 0
    endloop
  endfacet
  facet normal 0.963788 0.26667 0
    outer loop
      vertex -4.27034 -1.29539 6.505
      vertex -4.32875 -1.08429 0
      vertex -4.32875 -1.08429 6.505
    endloop
  endfacet
  facet normal 0.963788 0.26667 0
    outer loop
      vertex -4.32875 -1.08429 0
      vertex -4.27034 -1.29539 6.505
      vertex -4.27034 -1.29539 0
    endloop
  endfacet
  facet normal 0.975701 0.219106 0
    outer loop
      vertex -4.32875 -1.08429 6.505
      vertex -4.37674 -0.87059 0
      vertex -4.37674 -0.87059 6.505
    endloop
  endfacet
  facet normal 0.975701 0.219106 0
    outer loop
      vertex -4.37674 -0.87059 0
      vertex -4.32875 -1.08429 6.505
      vertex -4.32875 -1.08429 0
    endloop
  endfacet
  facet normal 0.985268 0.171015 0
    outer loop
      vertex -4.37674 -0.87059 6.505
      vertex -4.4142 -0.65477 0
      vertex -4.4142 -0.65477 6.505
    endloop
  endfacet
  facet normal 0.985268 0.171015 0
    outer loop
      vertex -4.4142 -0.65477 0
      vertex -4.37674 -0.87059 6.505
      vertex -4.37674 -0.87059 0
    endloop
  endfacet
  facet normal 0.99248 0.122405 0
    outer loop
      vertex -4.4142 -0.65477 6.505
      vertex -4.44101 -0.437393 0
      vertex -4.44101 -0.437393 6.505
    endloop
  endfacet
  facet normal 0.99248 0.122405 0
    outer loop
      vertex -4.44101 -0.437393 0
      vertex -4.4142 -0.65477 6.505
      vertex -4.4142 -0.65477 0
    endloop
  endfacet
  facet normal 0.99729 0.0735689 0
    outer loop
      vertex -4.44101 -0.437393 6.505
      vertex -4.45712 -0.218964 0
      vertex -4.45712 -0.218964 6.505
    endloop
  endfacet
  facet normal 0.99729 0.0735689 0
    outer loop
      vertex -4.45712 -0.218964 0
      vertex -4.44101 -0.437393 6.505
      vertex -4.44101 -0.437393 0
    endloop
  endfacet
  facet normal 0.999699 0.0245222 0
    outer loop
      vertex -4.45712 -0.218964 6.505
      vertex -4.46249 0 0
      vertex -4.46249 0 6.505
    endloop
  endfacet
  facet normal 0.999699 0.0245222 0
    outer loop
      vertex -4.46249 0 0
      vertex -4.45712 -0.218964 6.505
      vertex -4.45712 -0.218964 0
    endloop
  endfacet
  facet normal 0.999699 -0.0245222 0
    outer loop
      vertex -4.46249 0 6.505
      vertex -4.45712 0.218964 0
      vertex -4.45712 0.218964 6.505
    endloop
  endfacet
  facet normal 0.999699 -0.0245222 0
    outer loop
      vertex -4.45712 0.218964 0
      vertex -4.46249 0 6.505
      vertex -4.46249 0 0
    endloop
  endfacet
  facet normal 0.99729 -0.0735689 0
    outer loop
      vertex -4.45712 0.218964 6.505
      vertex -4.44101 0.437393 0
      vertex -4.44101 0.437393 6.505
    endloop
  endfacet
  facet normal 0.99729 -0.0735689 0
    outer loop
      vertex -4.44101 0.437393 0
      vertex -4.45712 0.218964 6.505
      vertex -4.45712 0.218964 0
    endloop
  endfacet
  facet normal 0.99248 -0.122405 0
    outer loop
      vertex -4.44101 0.437393 6.505
      vertex -4.4142 0.65477 0
      vertex -4.4142 0.65477 6.505
    endloop
  endfacet
  facet normal 0.99248 -0.122405 0
    outer loop
      vertex -4.4142 0.65477 0
      vertex -4.44101 0.437393 6.505
      vertex -4.44101 0.437393 0
    endloop
  endfacet
  facet normal 0.985268 -0.171015 0
    outer loop
      vertex -4.4142 0.65477 6.505
      vertex -4.37674 0.87059 0
      vertex -4.37674 0.87059 6.505
    endloop
  endfacet
  facet normal 0.985268 -0.171015 0
    outer loop
      vertex -4.37674 0.87059 0
      vertex -4.4142 0.65477 6.505
      vertex -4.4142 0.65477 0
    endloop
  endfacet
  facet normal 0.975701 -0.219106 0
    outer loop
      vertex -4.37674 0.87059 6.505
      vertex -4.32875 1.08429 0
      vertex -4.32875 1.08429 6.505
    endloop
  endfacet
  facet normal 0.975701 -0.219106 0
    outer loop
      vertex -4.32875 1.08429 0
      vertex -4.37674 0.87059 6.505
      vertex -4.37674 0.87059 0
    endloop
  endfacet
  facet normal 0.963788 -0.26667 0
    outer loop
      vertex -4.32875 1.08429 6.505
      vertex -4.27034 1.29539 0
      vertex -4.27034 1.29539 6.505
    endloop
  endfacet
  facet normal 0.963788 -0.26667 0
    outer loop
      vertex -4.27034 1.29539 0
      vertex -4.32875 1.08429 6.505
      vertex -4.32875 1.08429 0
    endloop
  endfacet
  facet normal 0.949516 -0.313719 0
    outer loop
      vertex -4.27034 1.29539 6.505
      vertex -4.20163 1.50336 0
      vertex -4.20163 1.50336 6.505
    endloop
  endfacet
  facet normal 0.949516 -0.313719 0
    outer loop
      vertex -4.20163 1.50336 0
      vertex -4.27034 1.29539 6.505
      vertex -4.27034 1.29539 0
    endloop
  endfacet
  facet normal 0.932999 -0.35988 0
    outer loop
      vertex -4.20163 1.50336 6.505
      vertex -4.1228 1.70772 0
      vertex -4.1228 1.70772 6.505
    endloop
  endfacet
  facet normal 0.932999 -0.35988 0
    outer loop
      vertex -4.1228 1.70772 0
      vertex -4.20163 1.50336 6.505
      vertex -4.20163 1.50336 0
    endloop
  endfacet
  facet normal 0.91421 -0.40524 0
    outer loop
      vertex -4.1228 1.70772 6.505
      vertex -4.03404 1.90796 0
      vertex -4.03404 1.90796 6.505
    endloop
  endfacet
  facet normal 0.91421 -0.40524 0
    outer loop
      vertex -4.03404 1.90796 0
      vertex -4.1228 1.70772 6.505
      vertex -4.1228 1.70772 0
    endloop
  endfacet
  facet normal 0.893226 -0.449608 0
    outer loop
      vertex -4.03404 1.90796 6.505
      vertex -3.93556 2.10361 0
      vertex -3.93556 2.10361 6.505
    endloop
  endfacet
  facet normal 0.893226 -0.449608 0
    outer loop
      vertex -3.93556 2.10361 0
      vertex -4.03404 1.90796 6.505
      vertex -4.03404 1.90796 0
    endloop
  endfacet
  facet normal 0.870085 -0.492902 0
    outer loop
      vertex -3.93556 2.10361 6.505
      vertex -3.82761 2.29417 0
      vertex -3.82761 2.29417 6.505
    endloop
  endfacet
  facet normal 0.870085 -0.492902 0
    outer loop
      vertex -3.82761 2.29417 0
      vertex -3.93556 2.10361 6.505
      vertex -3.93556 2.10361 0
    endloop
  endfacet
  facet normal 0.844833 -0.535031 0
    outer loop
      vertex -3.82761 2.29417 6.505
      vertex -3.71042 2.47922 0
      vertex -3.71042 2.47922 6.505
    endloop
  endfacet
  facet normal 0.844833 -0.535031 0
    outer loop
      vertex -3.71042 2.47922 0
      vertex -3.82761 2.29417 6.505
      vertex -3.82761 2.29417 0
    endloop
  endfacet
  facet normal 0.817599 -0.575788 0
    outer loop
      vertex -3.71042 2.47922 6.505
      vertex -3.5843 2.65829 0
      vertex -3.5843 2.65829 6.505
    endloop
  endfacet
  facet normal 0.817599 -0.575788 0
    outer loop
      vertex -3.5843 2.65829 0
      vertex -3.71042 2.47922 6.505
      vertex -3.71042 2.47922 0
    endloop
  endfacet
  facet normal 0.788376 -0.615194 0
    outer loop
      vertex -3.5843 2.65829 6.505
      vertex -3.44955 2.83098 0
      vertex -3.44955 2.83098 6.505
    endloop
  endfacet
  facet normal 0.788376 -0.615194 0
    outer loop
      vertex -3.44955 2.83098 0
      vertex -3.5843 2.65829 6.505
      vertex -3.5843 2.65829 0
    endloop
  endfacet
  facet normal 0.757197 -0.653186 0
    outer loop
      vertex -3.44955 2.83098 6.505
      vertex -3.30649 2.99683 0
      vertex -3.30649 2.99683 6.505
    endloop
  endfacet
  facet normal 0.757197 -0.653186 0
    outer loop
      vertex -3.30649 2.99683 0
      vertex -3.44955 2.83098 6.505
      vertex -3.44955 2.83098 0
    endloop
  endfacet
  facet normal 0.724241 -0.689547 0
    outer loop
      vertex -3.30649 2.99683 6.505
      vertex -3.15546 3.15546 0
      vertex -3.15546 3.15546 6.505
    endloop
  endfacet
  facet normal 0.724241 -0.689547 0
    outer loop
      vertex -3.15546 3.15546 0
      vertex -3.30649 2.99683 6.505
      vertex -3.30649 2.99683 0
    endloop
  endfacet
  facet normal 0.689547 -0.724241 0
    outer loop
      vertex -3.15546 3.15546 0
      vertex -2.99683 3.30649 6.505
      vertex -3.15546 3.15546 6.505
    endloop
  endfacet
  facet normal 0.689547 -0.724241 0
    outer loop
      vertex -2.99683 3.30649 6.505
      vertex -3.15546 3.15546 0
      vertex -2.99683 3.30649 0
    endloop
  endfacet
  facet normal 0.653186 -0.757197 0
    outer loop
      vertex -2.99683 3.30649 0
      vertex -2.83098 3.44955 6.505
      vertex -2.99683 3.30649 6.505
    endloop
  endfacet
  facet normal 0.653186 -0.757197 0
    outer loop
      vertex -2.83098 3.44955 6.505
      vertex -2.99683 3.30649 0
      vertex -2.83098 3.44955 0
    endloop
  endfacet
  facet normal 0.615194 -0.788376 0
    outer loop
      vertex -2.83098 3.44955 0
      vertex -2.65829 3.5843 6.505
      vertex -2.83098 3.44955 6.505
    endloop
  endfacet
  facet normal 0.615194 -0.788376 0
    outer loop
      vertex -2.65829 3.5843 6.505
      vertex -2.83098 3.44955 0
      vertex -2.65829 3.5843 0
    endloop
  endfacet
  facet normal 0.575788 -0.817599 0
    outer loop
      vertex -2.65829 3.5843 0
      vertex -2.47922 3.71042 6.505
      vertex -2.65829 3.5843 6.505
    endloop
  endfacet
  facet normal 0.575788 -0.817599 0
    outer loop
      vertex -2.47922 3.71042 6.505
      vertex -2.65829 3.5843 0
      vertex -2.47922 3.71042 0
    endloop
  endfacet
  facet normal 0.535031 -0.844833 0
    outer loop
      vertex -2.47922 3.71042 0
      vertex -2.29417 3.82761 6.505
      vertex -2.47922 3.71042 6.505
    endloop
  endfacet
  facet normal 0.535031 -0.844833 0
    outer loop
      vertex -2.29417 3.82761 6.505
      vertex -2.47922 3.71042 0
      vertex -2.29417 3.82761 0
    endloop
  endfacet
  facet normal 0.492902 -0.870085 0
    outer loop
      vertex -2.29417 3.82761 0
      vertex -2.10361 3.93556 6.505
      vertex -2.29417 3.82761 6.505
    endloop
  endfacet
  facet normal 0.492902 -0.870085 0
    outer loop
      vertex -2.10361 3.93556 6.505
      vertex -2.29417 3.82761 0
      vertex -2.10361 3.93556 0
    endloop
  endfacet
  facet normal 0.449608 -0.893226 0
    outer loop
      vertex -2.10361 3.93556 0
      vertex -1.90796 4.03404 6.505
      vertex -2.10361 3.93556 6.505
    endloop
  endfacet
  facet normal 0.449608 -0.893226 0
    outer loop
      vertex -1.90796 4.03404 6.505
      vertex -2.10361 3.93556 0
      vertex -1.90796 4.03404 0
    endloop
  endfacet
  facet normal 0.40524 -0.91421 0
    outer loop
      vertex -1.90796 4.03404 0
      vertex -1.70772 4.1228 6.505
      vertex -1.90796 4.03404 6.505
    endloop
  endfacet
  facet normal 0.40524 -0.91421 0
    outer loop
      vertex -1.70772 4.1228 6.505
      vertex -1.90796 4.03404 0
      vertex -1.70772 4.1228 0
    endloop
  endfacet
  facet normal 0.35988 -0.932999 0
    outer loop
      vertex -1.70772 4.1228 0
      vertex -1.50336 4.20163 6.505
      vertex -1.70772 4.1228 6.505
    endloop
  endfacet
  facet normal 0.35988 -0.932999 0
    outer loop
      vertex -1.50336 4.20163 6.505
      vertex -1.70772 4.1228 0
      vertex -1.50336 4.20163 0
    endloop
  endfacet
  facet normal 0.313719 -0.949516 0
    outer loop
      vertex -1.50336 4.20163 0
      vertex -1.29539 4.27034 6.505
      vertex -1.50336 4.20163 6.505
    endloop
  endfacet
  facet normal 0.313719 -0.949516 0
    outer loop
      vertex -1.29539 4.27034 6.505
      vertex -1.50336 4.20163 0
      vertex -1.29539 4.27034 0
    endloop
  endfacet
  facet normal 0.26667 -0.963788 0
    outer loop
      vertex -1.29539 4.27034 0
      vertex -1.08429 4.32875 6.505
      vertex -1.29539 4.27034 6.505
    endloop
  endfacet
  facet normal 0.26667 -0.963788 0
    outer loop
      vertex -1.08429 4.32875 6.505
      vertex -1.29539 4.27034 0
      vertex -1.08429 4.32875 0
    endloop
  endfacet
  facet normal 0.219106 -0.975701 0
    outer loop
      vertex -1.08429 4.32875 0
      vertex -0.87059 4.37674 6.505
      vertex -1.08429 4.32875 6.505
    endloop
  endfacet
  facet normal 0.219106 -0.975701 0
    outer loop
      vertex -0.87059 4.37674 6.505
      vertex -1.08429 4.32875 0
      vertex -0.87059 4.37674 0
    endloop
  endfacet
  facet normal 0.171015 -0.985268 0
    outer loop
      vertex -0.87059 4.37674 0
      vertex -0.65477 4.4142 6.505
      vertex -0.87059 4.37674 6.505
    endloop
  endfacet
  facet normal 0.171015 -0.985268 0
    outer loop
      vertex -0.65477 4.4142 6.505
      vertex -0.87059 4.37674 0
      vertex -0.65477 4.4142 0
    endloop
  endfacet
  facet normal 0.122405 -0.99248 0
    outer loop
      vertex -0.65477 4.4142 0
      vertex -0.437393 4.44101 6.505
      vertex -0.65477 4.4142 6.505
    endloop
  endfacet
  facet normal 0.122405 -0.99248 0
    outer loop
      vertex -0.437393 4.44101 6.505
      vertex -0.65477 4.4142 0
      vertex -0.437393 4.44101 0
    endloop
  endfacet
  facet normal 0.0735689 -0.99729 0
    outer loop
      vertex -0.437393 4.44101 0
      vertex -0.218964 4.45712 6.505
      vertex -0.437393 4.44101 6.505
    endloop
  endfacet
  facet normal 0.0735689 -0.99729 0
    outer loop
      vertex -0.218964 4.45712 6.505
      vertex -0.437393 4.44101 0
      vertex -0.218964 4.45712 0
    endloop
  endfacet
  facet normal 0.0245222 -0.999699 0
    outer loop
      vertex -0.218964 4.45712 0
      vertex 0 4.46249 6.505
      vertex -0.218964 4.45712 6.505
    endloop
  endfacet
  facet normal 0.0245222 -0.999699 0
    outer loop
      vertex 0 4.46249 6.505
      vertex -0.218964 4.45712 0
      vertex 0 4.46249 0
    endloop
  endfacet
  facet normal -0.0245222 -0.999699 0
    outer loop
      vertex 0 4.46249 0
      vertex 0.218964 4.45712 6.505
      vertex 0 4.46249 6.505
    endloop
  endfacet
  facet normal -0.0245222 -0.999699 -0
    outer loop
      vertex 0.218964 4.45712 6.505
      vertex 0 4.46249 0
      vertex 0.218964 4.45712 0
    endloop
  endfacet
  facet normal -0.0735689 -0.99729 0
    outer loop
      vertex 0.218964 4.45712 0
      vertex 0.437393 4.44101 6.505
      vertex 0.218964 4.45712 6.505
    endloop
  endfacet
  facet normal -0.0735689 -0.99729 -0
    outer loop
      vertex 0.437393 4.44101 6.505
      vertex 0.218964 4.45712 0
      vertex 0.437393 4.44101 0
    endloop
  endfacet
  facet normal -0.122405 -0.99248 0
    outer loop
      vertex 0.437393 4.44101 0
      vertex 0.65477 4.4142 6.505
      vertex 0.437393 4.44101 6.505
    endloop
  endfacet
  facet normal -0.122405 -0.99248 -0
    outer loop
      vertex 0.65477 4.4142 6.505
      vertex 0.437393 4.44101 0
      vertex 0.65477 4.4142 0
    endloop
  endfacet
  facet normal -0.171015 -0.985268 0
    outer loop
      vertex 0.65477 4.4142 0
      vertex 0.87059 4.37674 6.505
      vertex 0.65477 4.4142 6.505
    endloop
  endfacet
  facet normal -0.171015 -0.985268 -0
    outer loop
      vertex 0.87059 4.37674 6.505
      vertex 0.65477 4.4142 0
      vertex 0.87059 4.37674 0
    endloop
  endfacet
  facet normal -0.219106 -0.975701 0
    outer loop
      vertex 0.87059 4.37674 0
      vertex 1.08429 4.32875 6.505
      vertex 0.87059 4.37674 6.505
    endloop
  endfacet
  facet normal -0.219106 -0.975701 -0
    outer loop
      vertex 1.08429 4.32875 6.505
      vertex 0.87059 4.37674 0
      vertex 1.08429 4.32875 0
    endloop
  endfacet
  facet normal -0.26667 -0.963788 0
    outer loop
      vertex 1.08429 4.32875 0
      vertex 1.29539 4.27034 6.505
      vertex 1.08429 4.32875 6.505
    endloop
  endfacet
  facet normal -0.26667 -0.963788 -0
    outer loop
      vertex 1.29539 4.27034 6.505
      vertex 1.08429 4.32875 0
      vertex 1.29539 4.27034 0
    endloop
  endfacet
  facet normal -0.313719 -0.949516 0
    outer loop
      vertex 1.29539 4.27034 0
      vertex 1.50336 4.20163 6.505
      vertex 1.29539 4.27034 6.505
    endloop
  endfacet
  facet normal -0.313719 -0.949516 -0
    outer loop
      vertex 1.50336 4.20163 6.505
      vertex 1.29539 4.27034 0
      vertex 1.50336 4.20163 0
    endloop
  endfacet
  facet normal -0.35988 -0.932999 0
    outer loop
      vertex 1.50336 4.20163 0
      vertex 1.70772 4.1228 6.505
      vertex 1.50336 4.20163 6.505
    endloop
  endfacet
  facet normal -0.35988 -0.932999 -0
    outer loop
      vertex 1.70772 4.1228 6.505
      vertex 1.50336 4.20163 0
      vertex 1.70772 4.1228 0
    endloop
  endfacet
  facet normal -0.40524 -0.91421 0
    outer loop
      vertex 1.70772 4.1228 0
      vertex 1.90796 4.03404 6.505
      vertex 1.70772 4.1228 6.505
    endloop
  endfacet
  facet normal -0.40524 -0.91421 -0
    outer loop
      vertex 1.90796 4.03404 6.505
      vertex 1.70772 4.1228 0
      vertex 1.90796 4.03404 0
    endloop
  endfacet
  facet normal -0.449608 -0.893226 0
    outer loop
      vertex 1.90796 4.03404 0
      vertex 2.10361 3.93556 6.505
      vertex 1.90796 4.03404 6.505
    endloop
  endfacet
  facet normal -0.449608 -0.893226 -0
    outer loop
      vertex 2.10361 3.93556 6.505
      vertex 1.90796 4.03404 0
      vertex 2.10361 3.93556 0
    endloop
  endfacet
  facet normal -0.492902 -0.870085 0
    outer loop
      vertex 2.10361 3.93556 0
      vertex 2.29417 3.82761 6.505
      vertex 2.10361 3.93556 6.505
    endloop
  endfacet
  facet normal -0.492902 -0.870085 -0
    outer loop
      vertex 2.29417 3.82761 6.505
      vertex 2.10361 3.93556 0
      vertex 2.29417 3.82761 0
    endloop
  endfacet
  facet normal -0.535031 -0.844833 0
    outer loop
      vertex 2.29417 3.82761 0
      vertex 2.47922 3.71042 6.505
      vertex 2.29417 3.82761 6.505
    endloop
  endfacet
  facet normal -0.535031 -0.844833 -0
    outer loop
      vertex 2.47922 3.71042 6.505
      vertex 2.29417 3.82761 0
      vertex 2.47922 3.71042 0
    endloop
  endfacet
  facet normal -0.575788 -0.817599 0
    outer loop
      vertex 2.47922 3.71042 0
      vertex 2.65829 3.5843 6.505
      vertex 2.47922 3.71042 6.505
    endloop
  endfacet
  facet normal -0.575788 -0.817599 -0
    outer loop
      vertex 2.65829 3.5843 6.505
      vertex 2.47922 3.71042 0
      vertex 2.65829 3.5843 0
    endloop
  endfacet
  facet normal -0.615194 -0.788376 0
    outer loop
      vertex 2.65829 3.5843 0
      vertex 2.83098 3.44955 6.505
      vertex 2.65829 3.5843 6.505
    endloop
  endfacet
  facet normal -0.615194 -0.788376 -0
    outer loop
      vertex 2.83098 3.44955 6.505
      vertex 2.65829 3.5843 0
      vertex 2.83098 3.44955 0
    endloop
  endfacet
  facet normal -0.653186 -0.757197 0
    outer loop
      vertex 2.83098 3.44955 0
      vertex 2.99683 3.30649 6.505
      vertex 2.83098 3.44955 6.505
    endloop
  endfacet
  facet normal -0.653186 -0.757197 -0
    outer loop
      vertex 2.99683 3.30649 6.505
      vertex 2.83098 3.44955 0
      vertex 2.99683 3.30649 0
    endloop
  endfacet
  facet normal -0.689547 -0.724241 0
    outer loop
      vertex 2.99683 3.30649 0
      vertex 3.15546 3.15546 6.505
      vertex 2.99683 3.30649 6.505
    endloop
  endfacet
  facet normal -0.689547 -0.724241 -0
    outer loop
      vertex 3.15546 3.15546 6.505
      vertex 2.99683 3.30649 0
      vertex 3.15546 3.15546 0
    endloop
  endfacet
  facet normal -0.724241 -0.689547 0
    outer loop
      vertex 3.30649 2.99683 0
      vertex 3.15546 3.15546 6.505
      vertex 3.15546 3.15546 0
    endloop
  endfacet
  facet normal -0.724241 -0.689547 0
    outer loop
      vertex 3.15546 3.15546 6.505
      vertex 3.30649 2.99683 0
      vertex 3.30649 2.99683 6.505
    endloop
  endfacet
  facet normal -0.757197 -0.653186 0
    outer loop
      vertex 3.44955 2.83098 0
      vertex 3.30649 2.99683 6.505
      vertex 3.30649 2.99683 0
    endloop
  endfacet
  facet normal -0.757197 -0.653186 0
    outer loop
      vertex 3.30649 2.99683 6.505
      vertex 3.44955 2.83098 0
      vertex 3.44955 2.83098 6.505
    endloop
  endfacet
  facet normal -0.788376 -0.615194 0
    outer loop
      vertex 3.5843 2.65829 0
      vertex 3.44955 2.83098 6.505
      vertex 3.44955 2.83098 0
    endloop
  endfacet
  facet normal -0.788376 -0.615194 0
    outer loop
      vertex 3.44955 2.83098 6.505
      vertex 3.5843 2.65829 0
      vertex 3.5843 2.65829 6.505
    endloop
  endfacet
  facet normal -0.817599 -0.575788 0
    outer loop
      vertex 3.71042 2.47922 0
      vertex 3.5843 2.65829 6.505
      vertex 3.5843 2.65829 0
    endloop
  endfacet
  facet normal -0.817599 -0.575788 0
    outer loop
      vertex 3.5843 2.65829 6.505
      vertex 3.71042 2.47922 0
      vertex 3.71042 2.47922 6.505
    endloop
  endfacet
  facet normal -0.844833 -0.535031 0
    outer loop
      vertex 3.82761 2.29417 0
      vertex 3.71042 2.47922 6.505
      vertex 3.71042 2.47922 0
    endloop
  endfacet
  facet normal -0.844833 -0.535031 0
    outer loop
      vertex 3.71042 2.47922 6.505
      vertex 3.82761 2.29417 0
      vertex 3.82761 2.29417 6.505
    endloop
  endfacet
  facet normal -0.870085 -0.492902 0
    outer loop
      vertex 3.93556 2.10361 0
      vertex 3.82761 2.29417 6.505
      vertex 3.82761 2.29417 0
    endloop
  endfacet
  facet normal -0.870085 -0.492902 0
    outer loop
      vertex 3.82761 2.29417 6.505
      vertex 3.93556 2.10361 0
      vertex 3.93556 2.10361 6.505
    endloop
  endfacet
  facet normal -0.893226 -0.449608 0
    outer loop
      vertex 4.03404 1.90796 0
      vertex 3.93556 2.10361 6.505
      vertex 3.93556 2.10361 0
    endloop
  endfacet
  facet normal -0.893226 -0.449608 0
    outer loop
      vertex 3.93556 2.10361 6.505
      vertex 4.03404 1.90796 0
      vertex 4.03404 1.90796 6.505
    endloop
  endfacet
  facet normal -0.91421 -0.40524 0
    outer loop
      vertex 4.1228 1.70772 0
      vertex 4.03404 1.90796 6.505
      vertex 4.03404 1.90796 0
    endloop
  endfacet
  facet normal -0.91421 -0.40524 0
    outer loop
      vertex 4.03404 1.90796 6.505
      vertex 4.1228 1.70772 0
      vertex 4.1228 1.70772 6.505
    endloop
  endfacet
  facet normal -0.932999 -0.35988 0
    outer loop
      vertex 4.20163 1.50336 0
      vertex 4.1228 1.70772 6.505
      vertex 4.1228 1.70772 0
    endloop
  endfacet
  facet normal -0.932999 -0.35988 0
    outer loop
      vertex 4.1228 1.70772 6.505
      vertex 4.20163 1.50336 0
      vertex 4.20163 1.50336 6.505
    endloop
  endfacet
  facet normal -0.949516 -0.313719 0
    outer loop
      vertex 4.27034 1.29539 0
      vertex 4.20163 1.50336 6.505
      vertex 4.20163 1.50336 0
    endloop
  endfacet
  facet normal -0.949516 -0.313719 0
    outer loop
      vertex 4.20163 1.50336 6.505
      vertex 4.27034 1.29539 0
      vertex 4.27034 1.29539 6.505
    endloop
  endfacet
  facet normal -0.963788 -0.26667 0
    outer loop
      vertex 4.32875 1.08429 0
      vertex 4.27034 1.29539 6.505
      vertex 4.27034 1.29539 0
    endloop
  endfacet
  facet normal -0.963788 -0.26667 0
    outer loop
      vertex 4.27034 1.29539 6.505
      vertex 4.32875 1.08429 0
      vertex 4.32875 1.08429 6.505
    endloop
  endfacet
  facet normal -0.975701 -0.219106 0
    outer loop
      vertex 4.37674 0.87059 0
      vertex 4.32875 1.08429 6.505
      vertex 4.32875 1.08429 0
    endloop
  endfacet
  facet normal -0.975701 -0.219106 0
    outer loop
      vertex 4.32875 1.08429 6.505
      vertex 4.37674 0.87059 0
      vertex 4.37674 0.87059 6.505
    endloop
  endfacet
  facet normal -0.985268 -0.171015 0
    outer loop
      vertex 4.4142 0.65477 0
      vertex 4.37674 0.87059 6.505
      vertex 4.37674 0.87059 0
    endloop
  endfacet
  facet normal -0.985268 -0.171015 0
    outer loop
      vertex 4.37674 0.87059 6.505
      vertex 4.4142 0.65477 0
      vertex 4.4142 0.65477 6.505
    endloop
  endfacet
  facet normal -0.99248 -0.122405 0
    outer loop
      vertex 4.44101 0.437393 0
      vertex 4.4142 0.65477 6.505
      vertex 4.4142 0.65477 0
    endloop
  endfacet
  facet normal -0.99248 -0.122405 0
    outer loop
      vertex 4.4142 0.65477 6.505
      vertex 4.44101 0.437393 0
      vertex 4.44101 0.437393 6.505
    endloop
  endfacet
  facet normal -0.99729 -0.0735689 0
    outer loop
      vertex 4.45712 0.218964 0
      vertex 4.44101 0.437393 6.505
      vertex 4.44101 0.437393 0
    endloop
  endfacet
  facet normal -0.99729 -0.0735689 0
    outer loop
      vertex 4.44101 0.437393 6.505
      vertex 4.45712 0.218964 0
      vertex 4.45712 0.218964 6.505
    endloop
  endfacet
  facet normal -0.999699 -0.0245222 0
    outer loop
      vertex 4.46249 0 0
      vertex 4.45712 0.218964 6.505
      vertex 4.45712 0.218964 0
    endloop
  endfacet
  facet normal -0.999699 -0.0245222 0
    outer loop
      vertex 4.45712 0.218964 6.505
      vertex 4.46249 0 0
      vertex 4.46249 0 6.505
    endloop
  endfacet
  facet normal -0.999699 0.0245222 0
    outer loop
      vertex 4.45712 -0.218964 0
      vertex 4.46249 0 6.505
      vertex 4.46249 0 0
    endloop
  endfacet
  facet normal -0.999699 0.0245222 0
    outer loop
      vertex 4.46249 0 6.505
      vertex 4.45712 -0.218964 0
      vertex 4.45712 -0.218964 6.505
    endloop
  endfacet
  facet normal -0.99729 0.0735689 0
    outer loop
      vertex 4.44101 -0.437393 0
      vertex 4.45712 -0.218964 6.505
      vertex 4.45712 -0.218964 0
    endloop
  endfacet
  facet normal -0.99729 0.0735689 0
    outer loop
      vertex 4.45712 -0.218964 6.505
      vertex 4.44101 -0.437393 0
      vertex 4.44101 -0.437393 6.505
    endloop
  endfacet
  facet normal -0.99248 0.122405 0
    outer loop
      vertex 4.4142 -0.65477 0
      vertex 4.44101 -0.437393 6.505
      vertex 4.44101 -0.437393 0
    endloop
  endfacet
  facet normal -0.99248 0.122405 0
    outer loop
      vertex 4.44101 -0.437393 6.505
      vertex 4.4142 -0.65477 0
      vertex 4.4142 -0.65477 6.505
    endloop
  endfacet
  facet normal -0.985268 0.171015 0
    outer loop
      vertex 4.37674 -0.87059 0
      vertex 4.4142 -0.65477 6.505
      vertex 4.4142 -0.65477 0
    endloop
  endfacet
  facet normal -0.985268 0.171015 0
    outer loop
      vertex 4.4142 -0.65477 6.505
      vertex 4.37674 -0.87059 0
      vertex 4.37674 -0.87059 6.505
    endloop
  endfacet
  facet normal -0.975701 0.219106 0
    outer loop
      vertex 4.32875 -1.08429 0
      vertex 4.37674 -0.87059 6.505
      vertex 4.37674 -0.87059 0
    endloop
  endfacet
  facet normal -0.975701 0.219106 0
    outer loop
      vertex 4.37674 -0.87059 6.505
      vertex 4.32875 -1.08429 0
      vertex 4.32875 -1.08429 6.505
    endloop
  endfacet
  facet normal -0.963788 0.26667 0
    outer loop
      vertex 4.27034 -1.29539 0
      vertex 4.32875 -1.08429 6.505
      vertex 4.32875 -1.08429 0
    endloop
  endfacet
  facet normal -0.963788 0.26667 0
    outer loop
      vertex 4.32875 -1.08429 6.505
      vertex 4.27034 -1.29539 0
      vertex 4.27034 -1.29539 6.505
    endloop
  endfacet
  facet normal -0.949516 0.313719 0
    outer loop
      vertex 4.20163 -1.50336 0
      vertex 4.27034 -1.29539 6.505
      vertex 4.27034 -1.29539 0
    endloop
  endfacet
  facet normal -0.949516 0.313719 0
    outer loop
      vertex 4.27034 -1.29539 6.505
      vertex 4.20163 -1.50336 0
      vertex 4.20163 -1.50336 6.505
    endloop
  endfacet
  facet normal -0.932999 0.35988 0
    outer loop
      vertex 4.1228 -1.70772 0
      vertex 4.20163 -1.50336 6.505
      vertex 4.20163 -1.50336 0
    endloop
  endfacet
  facet normal -0.932999 0.35988 0
    outer loop
      vertex 4.20163 -1.50336 6.505
      vertex 4.1228 -1.70772 0
      vertex 4.1228 -1.70772 6.505
    endloop
  endfacet
  facet normal -0.91421 0.40524 0
    outer loop
      vertex 4.03404 -1.90796 0
      vertex 4.1228 -1.70772 6.505
      vertex 4.1228 -1.70772 0
    endloop
  endfacet
  facet normal -0.91421 0.40524 0
    outer loop
      vertex 4.1228 -1.70772 6.505
      vertex 4.03404 -1.90796 0
      vertex 4.03404 -1.90796 6.505
    endloop
  endfacet
  facet normal -0.893226 0.449608 0
    outer loop
      vertex 3.93556 -2.10361 0
      vertex 4.03404 -1.90796 6.505
      vertex 4.03404 -1.90796 0
    endloop
  endfacet
  facet normal -0.893226 0.449608 0
    outer loop
      vertex 4.03404 -1.90796 6.505
      vertex 3.93556 -2.10361 0
      vertex 3.93556 -2.10361 6.505
    endloop
  endfacet
  facet normal -0.870085 0.492902 0
    outer loop
      vertex 3.82761 -2.29417 0
      vertex 3.93556 -2.10361 6.505
      vertex 3.93556 -2.10361 0
    endloop
  endfacet
  facet normal -0.870085 0.492902 0
    outer loop
      vertex 3.93556 -2.10361 6.505
      vertex 3.82761 -2.29417 0
      vertex 3.82761 -2.29417 6.505
    endloop
  endfacet
  facet normal -0.844833 0.535031 0
    outer loop
      vertex 3.71042 -2.47922 0
      vertex 3.82761 -2.29417 6.505
      vertex 3.82761 -2.29417 0
    endloop
  endfacet
  facet normal -0.844833 0.535031 0
    outer loop
      vertex 3.82761 -2.29417 6.505
      vertex 3.71042 -2.47922 0
      vertex 3.71042 -2.47922 6.505
    endloop
  endfacet
  facet normal -0.817599 0.575788 0
    outer loop
      vertex 3.5843 -2.65829 0
      vertex 3.71042 -2.47922 6.505
      vertex 3.71042 -2.47922 0
    endloop
  endfacet
  facet normal -0.817599 0.575788 0
    outer loop
      vertex 3.71042 -2.47922 6.505
      vertex 3.5843 -2.65829 0
      vertex 3.5843 -2.65829 6.505
    endloop
  endfacet
  facet normal -0.788376 0.615194 0
    outer loop
      vertex 3.44955 -2.83098 0
      vertex 3.5843 -2.65829 6.505
      vertex 3.5843 -2.65829 0
    endloop
  endfacet
  facet normal -0.788376 0.615194 0
    outer loop
      vertex 3.5843 -2.65829 6.505
      vertex 3.44955 -2.83098 0
      vertex 3.44955 -2.83098 6.505
    endloop
  endfacet
  facet normal -0.757197 0.653186 0
    outer loop
      vertex 3.30649 -2.99683 0
      vertex 3.44955 -2.83098 6.505
      vertex 3.44955 -2.83098 0
    endloop
  endfacet
  facet normal -0.757197 0.653186 0
    outer loop
      vertex 3.44955 -2.83098 6.505
      vertex 3.30649 -2.99683 0
      vertex 3.30649 -2.99683 6.505
    endloop
  endfacet
  facet normal -0.724241 0.689547 0
    outer loop
      vertex 3.15546 -3.15546 0
      vertex 3.30649 -2.99683 6.505
      vertex 3.30649 -2.99683 0
    endloop
  endfacet
  facet normal -0.724241 0.689547 0
    outer loop
      vertex 3.30649 -2.99683 6.505
      vertex 3.15546 -3.15546 0
      vertex 3.15546 -3.15546 6.505
    endloop
  endfacet
  facet normal -0.689547 0.724241 0
    outer loop
      vertex 3.15546 -3.15546 0
      vertex 2.99683 -3.30649 6.505
      vertex 3.15546 -3.15546 6.505
    endloop
  endfacet
  facet normal -0.689547 0.724241 0
    outer loop
      vertex 2.99683 -3.30649 6.505
      vertex 3.15546 -3.15546 0
      vertex 2.99683 -3.30649 0
    endloop
  endfacet
  facet normal -0.653186 0.757197 0
    outer loop
      vertex 2.99683 -3.30649 0
      vertex 2.83098 -3.44955 6.505
      vertex 2.99683 -3.30649 6.505
    endloop
  endfacet
  facet normal -0.653186 0.757197 0
    outer loop
      vertex 2.83098 -3.44955 6.505
      vertex 2.99683 -3.30649 0
      vertex 2.83098 -3.44955 0
    endloop
  endfacet
  facet normal -0.615194 0.788376 0
    outer loop
      vertex 2.83098 -3.44955 0
      vertex 2.65829 -3.5843 6.505
      vertex 2.83098 -3.44955 6.505
    endloop
  endfacet
  facet normal -0.615194 0.788376 0
    outer loop
      vertex 2.65829 -3.5843 6.505
      vertex 2.83098 -3.44955 0
      vertex 2.65829 -3.5843 0
    endloop
  endfacet
  facet normal -0.575788 0.817599 0
    outer loop
      vertex 2.65829 -3.5843 0
      vertex 2.47922 -3.71042 6.505
      vertex 2.65829 -3.5843 6.505
    endloop
  endfacet
  facet normal -0.575788 0.817599 0
    outer loop
      vertex 2.47922 -3.71042 6.505
      vertex 2.65829 -3.5843 0
      vertex 2.47922 -3.71042 0
    endloop
  endfacet
  facet normal -0.535031 0.844833 0
    outer loop
      vertex 2.47922 -3.71042 0
      vertex 2.29417 -3.82761 6.505
      vertex 2.47922 -3.71042 6.505
    endloop
  endfacet
  facet normal -0.535031 0.844833 0
    outer loop
      vertex 2.29417 -3.82761 6.505
      vertex 2.47922 -3.71042 0
      vertex 2.29417 -3.82761 0
    endloop
  endfacet
  facet normal -0.492902 0.870085 0
    outer loop
      vertex 2.29417 -3.82761 0
      vertex 2.10361 -3.93556 6.505
      vertex 2.29417 -3.82761 6.505
    endloop
  endfacet
  facet normal -0.492902 0.870085 0
    outer loop
      vertex 2.10361 -3.93556 6.505
      vertex 2.29417 -3.82761 0
      vertex 2.10361 -3.93556 0
    endloop
  endfacet
  facet normal -0.449608 0.893226 0
    outer loop
      vertex 2.10361 -3.93556 0
      vertex 1.90796 -4.03404 6.505
      vertex 2.10361 -3.93556 6.505
    endloop
  endfacet
  facet normal -0.449608 0.893226 0
    outer loop
      vertex 1.90796 -4.03404 6.505
      vertex 2.10361 -3.93556 0
      vertex 1.90796 -4.03404 0
    endloop
  endfacet
  facet normal -0.40524 0.91421 0
    outer loop
      vertex 1.90796 -4.03404 0
      vertex 1.70772 -4.1228 6.505
      vertex 1.90796 -4.03404 6.505
    endloop
  endfacet
  facet normal -0.40524 0.91421 0
    outer loop
      vertex 1.70772 -4.1228 6.505
      vertex 1.90796 -4.03404 0
      vertex 1.70772 -4.1228 0
    endloop
  endfacet
  facet normal -0.35988 0.932999 0
    outer loop
      vertex 1.70772 -4.1228 0
      vertex 1.50336 -4.20163 6.505
      vertex 1.70772 -4.1228 6.505
    endloop
  endfacet
  facet normal -0.35988 0.932999 0
    outer loop
      vertex 1.50336 -4.20163 6.505
      vertex 1.70772 -4.1228 0
      vertex 1.50336 -4.20163 0
    endloop
  endfacet
  facet normal -0.313719 0.949516 0
    outer loop
      vertex 1.50336 -4.20163 0
      vertex 1.29539 -4.27034 6.505
      vertex 1.50336 -4.20163 6.505
    endloop
  endfacet
  facet normal -0.313719 0.949516 0
    outer loop
      vertex 1.29539 -4.27034 6.505
      vertex 1.50336 -4.20163 0
      vertex 1.29539 -4.27034 0
    endloop
  endfacet
  facet normal -0.26667 0.963788 0
    outer loop
      vertex 1.29539 -4.27034 0
      vertex 1.08429 -4.32875 6.505
      vertex 1.29539 -4.27034 6.505
    endloop
  endfacet
  facet normal -0.26667 0.963788 0
    outer loop
      vertex 1.08429 -4.32875 6.505
      vertex 1.29539 -4.27034 0
      vertex 1.08429 -4.32875 0
    endloop
  endfacet
  facet normal -0.219106 0.975701 0
    outer loop
      vertex 1.08429 -4.32875 0
      vertex 0.87059 -4.37674 6.505
      vertex 1.08429 -4.32875 6.505
    endloop
  endfacet
  facet normal -0.219106 0.975701 0
    outer loop
      vertex 0.87059 -4.37674 6.505
      vertex 1.08429 -4.32875 0
      vertex 0.87059 -4.37674 0
    endloop
  endfacet
  facet normal -0.171015 0.985268 0
    outer loop
      vertex 0.87059 -4.37674 0
      vertex 0.65477 -4.4142 6.505
      vertex 0.87059 -4.37674 6.505
    endloop
  endfacet
  facet normal -0.171015 0.985268 0
    outer loop
      vertex 0.65477 -4.4142 6.505
      vertex 0.87059 -4.37674 0
      vertex 0.65477 -4.4142 0
    endloop
  endfacet
  facet normal -0.122405 0.99248 0
    outer loop
      vertex 0.65477 -4.4142 0
      vertex 0.437393 -4.44101 6.505
      vertex 0.65477 -4.4142 6.505
    endloop
  endfacet
  facet normal -0.122405 0.99248 0
    outer loop
      vertex 0.437393 -4.44101 6.505
      vertex 0.65477 -4.4142 0
      vertex 0.437393 -4.44101 0
    endloop
  endfacet
  facet normal -0.0735689 0.99729 0
    outer loop
      vertex 0.437393 -4.44101 0
      vertex 0.218964 -4.45712 6.505
      vertex 0.437393 -4.44101 6.505
    endloop
  endfacet
  facet normal -0.0735689 0.99729 0
    outer loop
      vertex 0.218964 -4.45712 6.505
      vertex 0.437393 -4.44101 0
      vertex 0.218964 -4.45712 0
    endloop
  endfacet
  facet normal -0.0245222 0.999699 0
    outer loop
      vertex 0.218964 -4.45712 0
      vertex 0 -4.46249 6.505
      vertex 0.218964 -4.45712 6.505
    endloop
  endfacet
  facet normal -0.0245222 0.999699 0
    outer loop
      vertex 0 -4.46249 6.505
      vertex 0.218964 -4.45712 0
      vertex 0 -4.46249 0
    endloop
  endfacet
  facet normal 0.0245222 0.999699 -0
    outer loop
      vertex 0 -4.46249 0
      vertex -0.218964 -4.45712 6.505
      vertex 0 -4.46249 6.505
    endloop
  endfacet
  facet normal 0.0245222 0.999699 0
    outer loop
      vertex -0.218964 -4.45712 6.505
      vertex 0 -4.46249 0
      vertex -0.218964 -4.45712 0
    endloop
  endfacet
endsolid OpenSCAD_Model
